source,paper_idx,paper_id,raw_score,calibrated_score,target,abs_error,gt_binary,label,slope,intercept
ai,0,4VW9HVCRw0,7.0,4.365179730148348,7.0,2.6348202698516516,Accept,1,0.04087485270986963,4.079055761179261
ai,1,41JeFWdVFa,5.0,4.289008491176722,4.67,0.3809915088232776,Reject,0,0.04127897052093805,4.082613638572032
ai,2,MwuSvrthXq,6.0,4.332096513268743,4.0,0.332096513268743,Reject,0,0.04129052669992637,4.084353353069185
ai,3,ppXAVexrAM,5.5,4.3113957007714525,4.0,0.3113957007714525,Reject,0,0.04127566538367395,4.084379541161246
ai,4,40sQXprYlm,5.0,4.288170788365124,5.0,0.7118292116348757,Reject,0,0.04128703021016162,4.081735637314316
ai,5,KAZpuq2W4Y,5.5,4.314768441935553,2.67,1.644768441935553,Reject,0,0.041301255754104496,4.087611535287978
ai,6,OPFE1zPYbU,3.5,4.237136330537197,1.0,3.237136330537197,Reject,0,0.04076786014587887,4.094448820026621
ai,7,m7gNW26Zih,4.5,4.28037401976642,0.0,4.28037401976642,Reject,0,0.040978986857533525,4.095968578907519
ai,8,zwfpyw345l,3.5,4.2385408355689975,0.5,3.7385408355689975,Reject,0,0.040690131181620855,4.096125376433324
ai,9,aiM6bRd6bG,5.5,4.3113957007714525,4.0,0.3113957007714525,Reject,0,0.04127566538367411,4.084379541161245
ai,10,t5Nd4HiI3E,-100.0,-122.37975127903444,4.0,126.37975127903444,Reject,0,1.2002518965290527,-2.3545616261291724
ai,11,WhO6Km5Rku,4.5,4.270034546372027,4.0,0.2700345463720266,Reject,0,0.041251349580725176,4.084403473258764
ai,12,0K4jNe8ik9,4.5,4.277789151417823,1.0,3.2777891514178226,Reject,0,0.041047077538331464,4.093077302495331
ai,13,9wIVIjWn0F,6.5,4.348821372211125,5.5,1.151178627788875,Reject,0,0.041147319241373465,4.081363797142197
ai,14,MQmrcX5jnk,6.5,4.347490351951981,6.0,1.652509648048019,Accept,1,0.0410940279793734,4.080379170086054
ai,15,6Y9NP1qhoM,5.5,4.308859805159347,5.0,0.6911401948406528,Accept,1,0.041256424503651315,4.081949470389265
ai,16,GFWfR4G5fm,5.5,4.310127752965401,4.5,0.18987224703459926,Reject,0,0.041266044943662754,4.0831645057752555
ai,17,omg9K6lI93,3.0,4.21701388602957,1.0,3.2170138860295703,Reject,0,0.04063086681619343,4.09512128558099
ai,18,LD6B7AvkZq,4.5,4.272619414720626,3.0,1.2726194147206256,Reject,0,0.0411832588999274,4.087294749670952
ai,19,cu6xWUNOzQ,5.5,4.304624859487128,6.67,2.365375140512872,Reject,0,0.041224292234013575,4.077891252200054
ai,20,nHrYBGujps,5.5,4.30252006612908,7.5,3.1974799338709197,Accept,1,0.04120832230359489,4.075874293459308
ai,21,Rd0yhdfueL,4.5,4.2777891514178235,1.0,3.2777891514178235,Reject,0,0.04104707753833122,4.093077302495333
ai,22,RNsydf7HB4,5.0,4.294517021786327,2.5,1.7945170217863273,Reject,0,0.041225971958467035,4.088387161993992
ai,23,IU4rqTlpRb,6.0,4.328669004318265,5.33,1.0013309956817347,Accept,1,0.04120685961688039,4.081427846616983
ai,24,IdJakw2jta,5.5,4.310127752965401,4.5,0.18987224703459926,Reject,0,0.041266044943662754,4.0831645057752555
ai,25,NfO2Lt2WY7,5.5,4.316467491995664,2.0,2.316467491995664,Reject,0,0.04131414714371983,4.089239682705205
ai,26,4hkMvkzai5,5.5,4.3144387755059785,2.8,1.5144387755059787,Reject,0,0.041298754439701615,4.08729562608762
ai,27,W42oLSwI9p,5.5,4.308859805159347,5.0,0.6911401948406528,Reject,0,0.041256424503651315,4.081949470389265
ai,28,0cbUKCyBsH,5.5,4.312663648577505,3.5,0.8126636485775052,Reject,0,0.04128528582368542,4.085594576547235
ai,29,khBHJz2wcV,6.0,4.334673587667601,3.0,1.3346735876676012,Accept,1,0.041353434281163594,4.08655298198062
ai,30,gTMzRm8fb0,6.5,4.350152392470268,5.0,0.6498476075297317,Accept,1,0.04120061050337372,4.082348424198339
ai,31,rajioNWfRs,6.0,4.325215724623797,6.67,2.3447842753762025,Accept,1,0.04112256345802265,4.078480343875661
ai,32,DZUehXNiBn,6.0,4.332096513268742,4.0,0.3320965132687421,Reject,0,0.041290526699926555,4.084353353069183
ai,33,BDNctVKwuD,6.0,4.338977301913689,1.33,3.0089773019136885,Reject,0,0.04145848994182996,4.090226362262709
ai,34,d2pUyiXwcm,5.5,4.310127752965401,4.5,0.18987224703459926,Accept,1,0.041266044943662754,4.0831645057752555
ai,35,A4Us8jxVGq,6.0,4.323849875192405,7.2,2.8761501248075954,Accept,1,0.04108922243996658,4.077314540552606
ai,36,GE0b5aQAvm,2.5,4.1916656983224065,2.67,1.5216656983224066,Reject,0,0.040901248387598906,4.089412577353409
ai,37,TADsPhlp32,5.0,4.294517021786326,2.5,1.7945170217863264,Reject,0,0.04122597195846702,4.0883871619939915
ai,38,gubSyVxWdG,5.5,4.306323909547242,6.0,1.6936760904527581,Accept,1,0.041237183623628826,4.079519399617284
ai,39,s7oURFZTQD,4.5,4.272619414720625,3.0,1.2726194147206247,Reject,0,0.04118325889992717,4.087294749670953
ai,40,fD9YRHazW3,5.5,4.307591857353295,5.5,1.1924081426467046,Accept,1,0.04124680406364013,4.080734435003275
ai,41,Yo7eG3lC3y,6.0,4.330807976069314,4.5,0.16919202393068566,Reject,0,0.04125907290930771,4.083253538613468
ai,42,pn2H6YeOv2,7.5,4.3898673231965315,5.5,1.1101326768034685,Accept,1,0.04105498170330338,4.081954960421756
ai,43,f4B4ohWO53,3.5,4.230591337089011,3.33,0.9005913370890113,Reject,0,0.04113007711932043,4.08663606717139
ai,44,c2ozZYoZFd,6.5,4.356354946877877,2.67,1.6863549468778771,Reject,0,0.04144894778429478,4.086936786279961
ai,45,SsUjdSVdUl,6.5,4.350152392470268,5.0,0.6498476075297317,Accept,1,0.04120061050337374,4.082348424198339
ai,46,lWdxX5s9T1,6.5,4.351483412729413,4.5,0.1485165872705867,Accept,1,0.04125390176537412,4.083333051254481
ai,47,JhziZbaefH,4.5,4.273911848894925,2.5,1.773911848894925,Reject,0,0.04114921355952821,4.088740387877048
ai,48,RpDJz00zNh,6.0,4.330807976069316,4.5,0.1691920239306839,Reject,0,0.04125907290930762,4.08325353861347
ai,49,NcvmuiLuZn,5.0,4.294517021786327,2.5,1.7945170217863273,Reject,0,0.041225971958467035,4.088387161993992
ai,50,Hf7jMztvve,4.5,4.268302684578467,4.67,0.40169731542153286,Reject,0,0.04129697033685976,4.082466318062598
ai,51,RlMCc0JTu4,2.0,4.18063832800288,0.0,4.18063832800288,Reject,0,0.040075349712309936,4.10048762857826
ai,52,WxTlAbRUE6,5.5,4.315199544189612,2.5,1.8151995441896123,Reject,0,0.04130452670370831,4.088024647319217
ai,53,7L7kmHHfgf,6.0,4.3282309016704605,5.5,1.1717690983295395,Accept,1,0.04119616532807004,4.081053909702041
ai,54,5asbtzIVpS,6.5,4.348821372211125,5.5,1.151178627788875,Accept,1,0.041147319241373465,4.081363797142197
ai,55,kpLRYtPGt3,8.0,4.405558228681993,7.0,2.5944417713180066,Accept,1,0.04065490863716664,4.080318959584661
ai,56,oiz0QHejVj,6.0,4.330807976069316,4.5,0.1691920239306839,Reject,0,0.04125907290930762,4.08325353861347
ai,57,VjGU55hEwV,6.0,4.335962124867025,2.5,1.8359621248670246,Reject,0,0.04138488807178269,4.087652796436329
ai,58,6P5sAycAQr,5.0,4.293247775102087,3.0,1.2932477751020874,Reject,0,0.041238183608806066,4.087056857058057
ai,59,zqA7Q9Q21L,5.5,4.307338267792084,5.6,1.2926617322079155,Accept,1,0.04124487997563824,4.0804914279260736
ai,60,2cq8FyBfDk,5.0,4.292740076428392,3.2,1.0927400764283917,Reject,0,0.041243068268941224,4.086524735083685
ai,61,55GsILa8c9,6.5,4.34749035195198,6.0,1.65250964804802,Reject,0,0.041094027979373296,4.080379170086053
ai,62,X2yzXtH4wp,6.0,4.328669004318266,5.33,1.0013309956817338,Accept,1,0.041206859616880344,4.081427846616984
ai,63,i9q9xDMjG7,5.5,4.305055961741187,6.5,2.1949440382588126,Accept,1,0.04122756318361784,4.07830436423129
ai,64,2PJkG6aV4A,6.0,4.32694236447103,6.0,1.67305763552897,Reject,0,0.04116471153745175,4.07995409524632
ai,65,ocmGsqQWG2,5.0,4.295786268470568,2.0,2.295786268470568,Reject,0,0.04121376030812789,4.089717466929929
ai,66,xVB9AivJa5,4.5,4.276936144862786,1.33,2.9469361448627858,Reject,0,0.041069547462994835,4.092123181279309
ai,67,JjJzbMDGsx,5.5,4.303788013935135,7.0,2.6962119860648652,Accept,1,0.04121794274360637,4.077089328845299
ai,68,eETr3lrOQB,5.0,4.289440035049367,4.5,0.21055996495063312,Accept,1,0.04127481855982253,4.083065942250254
ai,69,lJqssVKeR7,5.5,4.307338267792082,5.6,1.2926617322079172,Accept,1,0.04124487997563827,4.080491427926072
ai,70,wVGfJxM2Nz,5.5,4.316467491995665,2.0,2.316467491995665,Reject,0,0.04131414714371999,4.089239682705205
ai,71,b8TlYh6PN6,7.0,4.362388913911147,8.0,3.637611086088853,Accept,1,0.04072458127692353,4.077316844972683
ai,72,20DsUSauCj,6.0,4.333823153115975,3.33,1.0038231531159747,Reject,0,0.041332674779355615,4.085827104439841
ai,73,ulXBsAYSwU,4.5,4.276936144862785,1.33,2.946936144862785,Reject,0,0.04106954746299483,4.092123181279308
ai,74,8J3GTeQmwl,6.0,4.328230901670461,5.5,1.1717690983295386,Accept,1,0.04119616532807009,4.081053909702041
ai,75,qPbDM5L8tE,5.0,4.294517021786327,2.5,1.7945170217863273,Reject,0,0.04122597195846697,4.088387161993992
ai,76,nxmBUymHIQ,5.0,4.289440035049367,4.5,0.21055996495063312,Reject,0,0.04127481855982253,4.083065942250254
ai,77,uP6RDWHcs7,6.0,4.338977301913688,1.33,3.0089773019136876,Reject,0,0.041458489941829824,4.090226362262709
ai,78,m18MXVdrV9,7.0,4.369365954504151,5.5,1.1306340454958486,Accept,1,0.04110025985928816,4.0816641354891345
ai,79,U6ROetm5nW,6.0,4.330807976069315,4.5,0.16919202393068478,Reject,0,0.041259072909307505,4.08325353861347
ai,80,QSPKIO3XV8,5.5,4.3139315963835605,3.0,1.3139315963835605,Reject,0,0.04129490626369717,4.0868096119332264
ai,81,OUQ8kLRK3m,4.5,4.2700345463720275,4.0,0.2700345463720275,Reject,0,0.0412513495807251,4.084403473258765
ai,82,WwDNiisZQm,6.5,4.352814432988554,4.0,0.35281443298855386,Accept,1,0.04130719302737405,4.084317678310622
ai,83,6vX0LH9Yt7,5.0,4.293247775102086,3.0,1.2932477751020857,Reject,0,0.04123818360880613,4.087056857058055
ai,84,XIAta0WOJ6,6.5,4.347490351951981,6.0,1.652509648048019,Accept,1,0.04109402797937349,4.080379170086053
ai,85,mHRuCmc9lo,6.5,4.34394983806266,7.33,2.9860501619373396,Accept,1,0.04095227322245298,4.077760062116716
ai,86,kMfVTka2WB,3.0,4.214027050477381,2.0,2.214027050477381,Reject,0,0.04083003606915967,4.091536942269902
ai,87,SkmkGKEZ1U,3.5,4.238540835568999,0.5,3.7385408355689993,Reject,0,0.040690131181620424,4.096125376433328
ai,88,yPfBP3EFGG,5.5,4.312663648577504,3.5,0.8126636485775043,Reject,0,0.04128528582368552,4.085594576547234
ai,89,TjAhTNzRub,6.0,4.330807976069315,4.5,0.16919202393068478,Reject,0,0.041259072909307505,4.08325353861347
ai,90,s7gSTR2AqA,6.5,4.34749035195198,6.0,1.65250964804802,Accept,1,0.041094027979373345,4.080379170086053
ai,91,PFhrOUJZ5o,7.0,4.370761362622751,5.0,0.6292386373772487,Reject,0,0.04117539557576066,4.0825335935924265
ai,92,Iq1fNZus2W,6.0,4.3346735876676,3.0,1.3346735876676004,Reject,0,0.041353434281163434,4.08655298198062
ai,93,yBpzF8hp3J,6.0,4.325653827271604,6.5,2.174346172728396,Accept,1,0.04113325774683247,4.078854280790609
ai,94,mkl9iIXIr2,6.0,4.328669004318265,5.33,1.0013309956817347,Accept,1,0.04120685961688039,4.081427846616983
ai,95,a4S1nQay3b,6.5,4.3448283114336945,7.0,2.6551716885663055,Accept,1,0.04098744545537298,4.07840991597377
ai,96,xFo13SaHQm,6.0,4.325653827271605,6.5,2.174346172728395,Accept,1,0.04113325774683256,4.078854280790609
ai,97,P1qlqfRtgo,3.5,4.234327320473603,2.0,2.2343273204736027,Reject,0,0.0409233180743938,4.091095707213224
ai,98,6i1jVAYbHs,5.0,4.285632294996643,6.0,1.7143677050033572,Accept,1,0.04131145351083959,4.079075027442445
ai,99,D5PJX02Jki,6.0,4.32694236447103,6.0,1.67305763552897,Accept,1,0.0411647115374517,4.07995409524632
ai,100,173Pq3F31r,6.5,4.348821372211123,5.5,1.1511786277888767,Accept,1,0.041147319241373534,4.081363797142195
ai,101,lbLAgGF8OO,6.0,4.323076752872746,7.5,3.176923247127254,Accept,1,0.04107035016559575,4.0766546518791715
ai,102,3YKeB9R1g9,6.5,4.342166270915407,8.0,3.657833729084593,Accept,1,0.04088086293137265,4.076440661861485
ai,103,dIOYpj9K8P,7.0,4.366100699506624,6.67,2.3038993004933763,Accept,1,0.04092444228274126,4.079629603527435
ai,104,Pa6ak2B9jJ,6.0,4.328669004318265,5.33,1.0013309956817347,Accept,1,0.04120685961688049,4.081427846616982
ai,105,FlcMckO6x5,6.0,4.326942364471031,6.0,1.673057635528969,Accept,1,0.04116471153745172,4.079954095246321
ai,106,qSak1Hjfdq,5.5,4.308859805159348,5.0,0.6911401948406519,Accept,1,0.04125642450365122,4.081949470389266
ai,107,khHNHzRjMy,4.5,4.2726194147206265,3.0,1.2726194147206265,Reject,0,0.04118325889992722,4.087294749670954
ai,108,r5Ii1GTEWj,3.0,4.214027050477381,2.0,2.214027050477381,Reject,0,0.04083003606915972,4.091536942269902
ai,109,VK5G3Ff4Ty,4.0,4.253381336755709,2.5,1.7533813367557087,Reject,0,0.041074241700040336,4.089084369955548
ai,110,9h2c2rMSY1,5.5,4.313094750831565,3.33,0.9830947508315653,Reject,0,0.04128855677328954,4.086007688578473
ai,111,uXecy0nKiJ,6.0,4.330807976069316,4.5,0.1691920239306839,Reject,0,0.04125907290930753,4.083253538613471
ai,112,zHdKaF3ZM7,5.5,4.303280834812714,7.2,2.896719165187286,Accept,1,0.041214094567601604,4.076603314690905
ai,113,ZZFNyU3ZSo,5.5,4.309696650711344,4.67,0.3603033492886558,Reject,0,0.041262773994058984,4.08275139374402
ai,114,BGEdvJ35PV,6.0,4.333823153115975,3.33,1.0038231531159747,Reject,0,0.041332674779355615,4.085827104439841
ai,115,lSM6MtjQcM,5.5,4.307591857353295,5.5,1.1924081426467046,Accept,1,0.04124680406364013,4.080734435003275
ai,116,USyGD0eUod,5.5,4.306323909547243,6.0,1.6936760904527572,Accept,1,0.04123718362362865,4.079519399617285
ai,117,ao7VBbvWIK,3.5,4.237136330537196,1.0,3.2371363305371963,Reject,0,0.04076786014587879,4.094448820026621
ai,118,e26MPyczN9,6.0,4.332096513268742,4.0,0.3320965132687421,Reject,0,0.041290526699926625,4.084353353069182
ai,119,XHzrBDzKaX,6.0,4.3295194388698865,5.0,0.6704805611301135,Reject,0,0.04122761911868931,4.082153724157751
ai,120,4fm4Rc5fUK,6.0,4.33036987342151,4.67,0.33963012657848957,Reject,0,0.041248378620497204,4.082879601698528
ai,121,2za3iNkwXn,5.5,4.310381342526609,4.4,0.08961865747339104,Accept,1,0.04126796903166512,4.083407512852451
ai,122,3V559xWIWc,6.5,4.3514834127294115,4.5,0.14851658727058847,Reject,0,0.04125390176537396,4.083333051254481
ai,123,HA8vzzT6Ax,7.0,4.3661006995066245,6.67,2.3038993004933754,Accept,1,0.04092444228274111,4.079629603527437
ai,124,1EdAn5gMVv,6.0,4.329519438869886,5.0,0.6704805611301143,Reject,0,0.04122761911868918,4.082153724157751
ai,125,36CzrZYEch,6.5,4.352814432988556,4.0,0.35281443298855564,Reject,0,0.041307193027374255,4.084317678310623
ai,126,TX4k7BF6aO,6.0,4.328669004318265,5.33,1.0013309956817347,Accept,1,0.04120685961688039,4.081427846616983
ai,127,wkVsKDnl4s,5.5,4.31900338760777,1.0,3.3190033876077703,Reject,0,0.04133338802374266,4.091669753477186
ai,128,WgMZPsdJmC,3.0,4.218507303805666,0.5,3.7185073038056657,Reject,0,0.04053128218971017,4.0969134572365355
ai,129,c7OsKOOZo8,5.5,4.310127752965401,4.5,0.18987224703459926,Reject,0,0.04126604494366264,4.083164505775256
ai,130,ZBhZT307xx,5.5,4.31393159638356,3.0,1.3139315963835596,Reject,0,0.041294906263696925,4.0868096119332264
ai,131,4S5x8yhJ5H,5.0,4.30086325520753,0.0,4.30086325520753,Reject,0,0.04116491370677237,4.095038686673669
ai,132,zftquoHTgS,7.0,4.37355217885995,4.0,0.37355217885995007,Reject,0,0.041325667008706254,4.084272509799006
ai,133,rzGEfYr2ZC,5.5,4.3215392832198765,0.0,4.3215392832198765,Reject,0,0.041352628903765405,4.094099824249167
ai,134,DB2KJKFX0d,6.0,4.333385050468171,3.5,0.8333850504681708,Reject,0,0.04132198049054519,4.0854531675249
ai,135,5qd7V5TNGV,5.0,4.288170788365123,5.0,0.7118292116348766,Reject,0,0.041287030210161696,4.081735637314315
ai,136,HHYd4Pz5Lp,6.0,4.338977301913689,1.33,3.0089773019136885,Reject,0,0.04145848994182996,4.090226362262709
ai,137,ZF0xRAdsuY,6.5,4.343497291174551,7.5,3.1565027088254487,Accept,1,0.04093415419337268,4.077425288917629
ai,138,y7VeiCT7HG,5.0,4.293247775102087,3.0,1.2932477751020874,Reject,0,0.041238183608806066,4.087056857058057
ai,139,ey7CXUBn1g,5.0,4.293247775102087,3.0,1.2932477751020874,Reject,0,0.041238183608806066,4.087056857058057
ai,140,4Nsx2kZkex,3.0,4.217013886029571,1.0,3.217013886029571,Reject,0,0.04063086681619338,4.095121285580991
ai,141,mGeeRFToaW,5.0,4.287663089691427,5.2,0.9123369103085732,Accept,1,0.041291914870297326,4.08120351533994
ai,142,v05SW2X3IC,6.0,4.328669004318265,5.33,1.0013309956817347,Accept,1,0.04120685961688039,4.081427846616983
ai,143,4nOZBufbLC,6.5,4.348555168159295,5.6,1.251444831840705,Accept,1,0.0411366609889741,4.081166871730963
ai,144,jZcWBV3Pis,5.5,4.31393159638356,3.0,1.3139315963835596,Reject,0,0.041294906263696925,4.0868096119332264
ai,145,GiItKTlJIB,5.5,4.31393159638356,3.0,1.3139315963835596,Reject,0,0.041294906263696925,4.0868096119332264
ai,146,Xn33bU71m4,4.5,4.276936144862785,1.33,2.946936144862785,Reject,0,0.04106954746299483,4.092123181279308
ai,147,0TmVqOpBbK,6.0,4.325653827271604,6.5,2.174346172728396,Accept,1,0.04113325774683266,4.078854280790608
ai,148,VbTLgEUocp,5.5,4.303788013935132,7.0,2.696211986064868,Accept,1,0.04121794274360614,4.0770893288452985
ai,149,NIvqiJ8R4J,4.0,4.246693754996467,5.0,0.7533062450035333,Reject,0,0.04135365915421089,4.081279118379623
ai,150,FF9QVQduAu,6.0,4.329519438869886,5.0,0.6704805611301143,Accept,1,0.04122761911868918,4.082153724157751
ai,151,cVX3VqO8BO,6.0,4.3282309016704605,5.5,1.1717690983295395,Accept,1,0.04119616532807016,4.08105390970204
ai,152,nzkObUsajY,6.5,4.352814432988556,4.0,0.35281443298855564,Reject,0,0.041307193027374255,4.084317678310623
ai,153,YADyx3ieUX,4.5,4.2777891514178235,1.0,3.2777891514178235,Reject,0,0.04104707753833121,4.093077302495333
ai,154,zNH3Sf404X,4.0,4.256511125019033,1.33,2.926511125019033,Reject,0,0.04094347433148881,4.092737227693078
ai,155,cSpjHOf04S,6.0,4.329519438869886,5.0,0.6704805611301143,Accept,1,0.04122761911868918,4.082153724157751
ai,156,XKLPlnfZzM,5.0,4.291978528417843,3.5,0.7919785284178431,Reject,0,0.04125039525914519,4.085726552122117
ai,157,3icvqeC1sA,6.0,4.330807976069315,4.5,0.16919202393068478,Reject,0,0.041259072909307505,4.08325353861347
ai,158,23Ea4fVGiI,5.0,4.299162464650648,0.67,3.6291624646506477,Reject,0,0.04118127731822654,4.093256078059515
ai,159,jJedqisfOt,5.0,4.2881707883651226,5.0,0.7118292116348774,Accept,1,0.041287030210161765,4.081735637314313
ai,160,vGkXf8nvt9,5.5,4.309696650711342,4.67,0.3603033492886576,Reject,0,0.041262773994059046,4.082751393744018
ai,161,v4bQPw4aTW,5.5,4.310127752965401,4.5,0.18987224703459926,Reject,0,0.041266044943662754,4.0831645057752555
ai,162,liDUSnwUVP,5.0,4.300863255207529,0.0,4.300863255207529,Reject,0,0.04116491370677221,4.095038686673669
ai,163,txiGUfI4yF,5.5,4.302951168383139,7.33,3.0270488316168613,Accept,1,0.04121159325319853,4.076287405490547
ai,164,wSbVv6xaRr,3.5,4.228709300346402,4.0,0.22870930034640224,Reject,0,0.04123423393142562,4.084389481586412
ai,165,GiaF5cFIpI,5.5,4.312663648577504,3.5,0.8126636485775043,Reject,0,0.04128528582368552,4.085594576547234
ai,166,IFCUMN8Fp1,6.0,4.330807976069316,4.5,0.1691920239306839,Reject,0,0.041259072909307415,4.083253538613471
ai,167,IvG90aRAL0,4.5,4.2700345463720275,4.0,0.2700345463720275,Reject,0,0.0412513495807251,4.084403473258765
ai,168,opU91paIvZ,5.0,4.2924100722904885,3.33,0.9624100722904885,Reject,0,0.04124624329802941,4.086178855800341
ai,169,N8ntZEb4Ap,5.5,4.31563064644367,2.33,1.9856306464436697,Reject,0,0.04130779765331199,4.0884377593504535
ai,170,r5jxDjYeO4,6.0,4.330807976069316,4.5,0.1691920239306839,Reject,0,0.04125907290930753,4.083253538613471
ai,171,OJupg4mDjS,6.0,4.324365290072177,7.0,2.675634709927823,Accept,1,0.041101803956214,4.077754466334893
ai,172,dwgtYTuSaS,5.0,4.293247775102084,3.0,1.2932477751020839,Reject,0,0.04123818360880598,4.087056857058054
ai,173,5SQo2E9Ujj,3.5,4.239945340600798,0.0,4.239945340600798,Reject,0,0.04061240221736297,4.097801932840027
ai,174,c339hUw3cy,5.5,4.311395700771453,4.0,0.3113957007714534,Reject,0,0.04127566538367428,4.084379541161245
ai,175,5H8kxW0Efk,6.0,4.332096513268742,4.0,0.3320965132687421,Reject,0,0.041290526699926625,4.084353353069182
ai,176,SzXDuBN8M1,7.0,4.363784322029747,7.5,3.1362156779702532,Accept,1,0.040799716993396705,4.07818630307597
ai,177,b6miYNcjag,5.5,4.309696650711342,4.67,0.3603033492886576,Reject,0,0.041262773994059,4.082751393744018
ai,178,bhPaXhWVKG,6.0,4.328669004318265,5.33,1.0013309956817347,Reject,0,0.041206859616880226,4.081427846616984
ai,179,OuMNJoKJBQ,6.0,4.330807976069315,4.5,0.16919202393068478,Accept,1,0.04125907290930738,4.083253538613471
ai,180,TBsTStMK41,6.0,4.332096513268741,4.0,0.33209651326874123,Reject,0,0.04129052669992637,4.084353353069183
ai,181,iaoAKDRAJQ,6.0,4.326942364471031,6.0,1.673057635528969,Accept,1,0.041164711537451514,4.079954095246322
ai,182,UESTP6dR1K,5.0,4.284363048312404,6.5,2.2156369516875962,Accept,1,0.04132366516117836,4.077744722506512
ai,183,BzqkbJTsbq,5.0,4.291978528417845,3.5,0.7919785284178449,Reject,0,0.04125039525914521,4.085726552122119
ai,184,j3htU5i01r,5.5,4.311395700771453,4.0,0.3113957007714534,Reject,0,0.04127566538367428,4.084379541161245
ai,185,R8y089OGoo,7.0,4.370761362622748,5.0,0.6292386373772523,Accept,1,0.04117539557576023,4.0825335935924265
ai,186,heVn5cNfje,6.0,4.333385050468171,3.5,0.8333850504681708,Reject,0,0.041321980490545245,4.085453167524899
ai,187,Q5SSA6IonA,5.5,4.308859805159348,5.0,0.6911401948406519,Reject,0,0.041256424503651155,4.081949470389267
ai,188,05hNleYOcG,5.5,4.315199544189612,2.5,1.8151995441896123,Accept,1,0.04130452670370801,4.0880246473192186
ai,189,yBFXOZPESZ,6.0,4.332096513268741,4.0,0.33209651326874123,Reject,0,0.041290526699926576,4.084353353069182
ai,190,1FCZ4f8dAY,6.5,4.3448283114336945,7.0,2.6551716885663055,Accept,1,0.04098744545537298,4.07840991597377
ai,191,QnuJR7qA3z,5.5,4.310127752965401,4.5,0.18987224703459926,Reject,0,0.041266044943662754,4.0831645057752555
ai,192,Iq1fNZus2W,5.5,4.31393159638356,3.0,1.3139315963835596,Reject,0,0.041294906263696876,4.0868096119332264
ai,193,70n4clRSTj,5.5,4.312663648577504,3.5,0.8126636485775043,Reject,0,0.04128528582368552,4.085594576547234
ai,194,6RQsAQEUib,4.0,4.249368787700166,4.0,0.24936878770016602,Reject,0,0.04124189217254219,4.084401219009997
ai,195,blFpxJ3A08,4.5,4.2777891514178235,1.0,3.2777891514178235,Reject,0,0.04104707753833122,4.093077302495333
ai,196,CQ0U1wZYoy,7.0,4.373552178859949,4.0,0.3735521788599492,Accept,1,0.041325667008706164,4.084272509799006
ai,197,9X2NfyZpR2,6.0,4.3346735876675995,3.0,1.3346735876675995,Reject,0,0.04135343428116334,4.08655298198062
ai,198,jLO4pSi5Pt,6.0,4.329519438869886,5.0,0.6704805611301143,Accept,1,0.04122761911868918,4.082153724157751
ai,199,4Mvdn1m861,5.0,4.291978528417844,3.5,0.791978528417844,Reject,0,0.041250395259145256,4.085726552122118
ai,200,iDki7djO2K,5.0,4.290709281733606,4.0,0.2907092817336059,Reject,0,0.04126260690948371,4.084396247186187
ai,201,ngfIm9aPsH,5.5,4.307591857353295,5.5,1.1924081426467046,Accept,1,0.041246804063639765,4.080734435003277
ai,202,5DpzzTPnJZ,6.0,4.329519438869885,5.0,0.6704805611301152,Accept,1,0.04122761911868901,4.082153724157751
ai,203,RDAhLHEHDm,4.0,4.24268120594092,6.5,2.2573187940590804,Accept,1,0.04152130962671322,4.076595967434066
ai,204,Y9TgNFsNyP,5.5,4.3075918573532945,5.5,1.1924081426467055,Reject,0,0.041246804063639876,4.080734435003275
ai,205,FMjeC9Msws,6.5,4.343497291174551,7.5,3.1565027088254487,Accept,1,0.040934154193372804,4.077425288917628
ai,206,Q6TymStAvS,6.0,4.33338505046817,3.5,0.8333850504681699,Reject,0,0.04132198049054534,4.085453167524898
ai,207,Xpj0yeMhpz,6.0,4.324365290072176,7.0,2.6756347099278237,Accept,1,0.04110180395621405,4.077754466334892
ai,208,VmEkhV2yCX,6.0,4.329519438869886,5.0,0.6704805611301143,Accept,1,0.04122761911868918,4.082153724157751
ai,209,bwtiK0yjuK,6.5,4.3492739190992316,5.33,0.9807260809007685,Accept,1,0.041165438270454234,4.081698570341279
ai,210,mDuTDAK6KU,5.0,4.290709281733606,4.0,0.2907092817336059,Reject,0,0.04126260690948371,4.084396247186187
ai,211,bm3rbtEMFj,6.0,4.329519438869885,5.0,0.6704805611301152,Accept,1,0.0412276191186891,4.082153724157751
ai,212,7gLNA6nT5d,5.0,4.292740076428392,3.2,1.0927400764283917,Reject,0,0.04124306826894108,4.086524735083686
ai,213,KsmTaPygR9,6.0,4.3282309016704605,5.5,1.1717690983295395,Accept,1,0.04119616532807004,4.081053909702041
ai,214,RtS4UqSmNt,6.5,4.346159331692839,6.5,2.1538406683071614,Accept,1,0.041040736717373336,4.079394543029912
ai,215,ZKkeA1G935,5.5,4.311395700771454,4.0,0.3113957007714543,Reject,0,0.04127566538367419,4.084379541161246
ai,216,FEqZmGl36g,5.5,4.309366984281768,4.8,0.4906330157182319,Reject,0,0.041260272679656124,4.082435484543659
ai,217,O75R5yyw4R,6.0,4.33036987342151,4.67,0.33963012657848957,Reject,0,0.041248378620497114,4.082879601698528
ai,218,pbbRmnFkjG,5.5,4.3050559617411865,6.5,2.1949440382588135,Accept,1,0.04122756318361769,4.078304364231289
ai,219,Rt9SeEAMWv,5.5,4.309366984281768,4.8,0.4906330157182319,Reject,0,0.04126027267965617,4.082435484543659
ai,220,7yvz93kBw9,6.5,4.347490351951983,6.0,1.6525096480480173,Accept,1,0.04109402797937356,4.080379170086054
ai,221,0zKfU1rsXd,6.0,4.329519438869886,5.0,0.6704805611301143,Accept,1,0.04122761911868918,4.082153724157751
ai,222,Bf4FeuW0Mr,7.0,4.3651797301483475,7.0,2.6348202698516525,Accept,1,0.04087485270986947,4.079055761179261
ai,223,ck0aZTAnwK,6.5,4.343497291174552,7.5,3.156502708825448,Accept,1,0.04093415419337272,4.077425288917629
ai,224,mytIKuRsSE,7.0,4.363784322029747,7.5,3.1362156779702532,Accept,1,0.040799716993396705,4.07818630307597
ai,225,ikthqd3qF4,5.5,4.315199544189613,2.5,1.8151995441896132,Reject,0,0.04130452670370794,4.088024647319219
ai,226,b6qQmQ2F13,6.0,4.329519438869886,5.0,0.6704805611301143,Accept,1,0.041227619118689274,4.08215372415775
ai,227,c2ozZYoZFd,6.0,4.3355240222192215,2.67,1.6655240222192216,Reject,0,0.041374193782972066,4.087278859521389
ai,228,HwyYpLxY0G,6.0,4.341116273664738,0.5,3.8411162736647384,Reject,0,0.04151070323425696,4.092052054259197
ai,229,VSDV0SWwOC,5.5,4.30462485948713,6.67,2.36537514051287,Accept,1,0.0412242922340136,4.077891252200055
ai,230,W4FAenIrQ2,6.5,4.345706784804728,6.67,2.324293215195272,Accept,1,0.04102261768829352,4.0790597698308195
ai,231,dbYvP2BKCM,4.5,4.271326980546327,3.5,0.771326980546327,Reject,0,0.04121730424032576,4.085849111464861
ai,232,lZrZgZ9wIu,5.0,4.295786268470567,2.0,2.295786268470567,Reject,0,0.04121376030812813,4.089717466929927
ai,233,GMlZt4fZSY,6.5,4.3448283114336945,7.0,2.6551716885663055,Accept,1,0.04098744545537298,4.07840991597377
ai,234,TgLW2DiRDG,6.0,4.323076752872746,7.5,3.176923247127254,Accept,1,0.041070350165595716,4.0766546518791715
ai,235,vPSiCA3CkD,5.5,4.3025200661290794,7.5,3.1974799338709206,Accept,1,0.04120832230359506,4.075874293459306
ai,236,a7Qa4CcHak,6.5,4.34394983806266,7.33,2.9860501619373396,Accept,1,0.040952273222453185,4.077760062116715
ai,237,FkTEc3XEL6,2.0,4.178901213489335,0.5,3.6789012134893353,Reject,0,0.04021868771642956,4.098463838056476
ai,238,tswBfpkwHn,6.0,4.329519438869885,5.0,0.6704805611301152,Reject,0,0.04122761911868901,4.082153724157751
ai,239,QIIrjgUnL1,2.0,4.170215640921608,3.0,1.170215640921608,Reject,0,0.040935377737028045,4.088344885447552
ai,240,tucuU4sQ3s,6.5,4.348821372211124,5.5,1.1511786277888758,Accept,1,0.041147319241373846,4.0813637971421945
ai,241,FDlvVdh1sB,6.5,4.352814432988557,4.0,0.3528144329885574,Reject,0,0.0413071930273743,4.084317678310624
ai,242,2uTxLC4LmC,7.0,4.3707613626227495,5.0,0.6292386373772505,Accept,1,0.04117539557576018,4.082533593592428
ai,243,M14YpuTejd,6.0,4.332096513268742,4.0,0.3320965132687421,Reject,0,0.04129052669992624,4.084353353069185
ai,244,eu3PwSle8J,6.0,4.3303698734215095,4.67,0.33963012657849045,Reject,0,0.04124837862049699,4.082879601698528
ai,245,31CznLfRIS,7.0,4.3721567707413485,4.5,0.12784322925865155,Accept,1,0.04125053129223364,4.083403051695713
ai,246,1PIfB5w05x,5.0,4.281824554943921,7.5,3.2181754450560787,Accept,1,0.04134808846185631,4.07508411263464
ai,247,O6n4dgTBBL,2.5,4.198082809943329,0.67,3.528082809943329,Reject,0,0.040415434996488524,4.097044222452108
ai,248,Wes9HF3ppt,6.5,4.35015239247027,5.0,0.6498476075297299,Reject,0,0.04120061050337361,4.082348424198342
ai,249,CNrU5kGJYG,5.5,4.307591857353295,5.5,1.1924081426467046,Accept,1,0.041246804063639765,4.080734435003277
ai,250,fBc9v8CVvm,7.0,4.369840393264473,5.33,0.9601596067355267,Accept,1,0.04112580600288845,4.081959751244254
ai,251,MrJoBgN1VO,6.0,4.32823090167046,5.5,1.1717690983295403,Accept,1,0.041196165328070085,4.081053909702039
ai,252,sh1hWO9RHo,5.5,4.3101277529654,4.5,0.18987224703460015,Reject,0,0.0412660449436628,4.083164505775255
ai,253,5Y4wvlp923,4.0,4.258731402163105,0.5,3.7587314021631046,Reject,0,0.04085070773670396,4.095328571216289
ai,254,oGbzk8xuVT,6.5,4.352814432988557,4.0,0.3528144329885574,Reject,0,0.0413071930273743,4.084317678310624
ai,255,CTEXdHB1BB,6.5,4.35015239247027,5.0,0.6498476075297299,Accept,1,0.04120061050337366,4.082348424198341
ai,256,GODFBZhFcX,6.5,4.351483412729413,4.5,0.1485165872705867,Accept,1,0.04125390176537412,4.083333051254481
ai,257,Vsgq2ldr4K,5.5,4.302520066129079,7.5,3.1974799338709214,Accept,1,0.041208322303595155,4.0758742934593055
ai,258,8ZQ0HjBOEc,4.5,4.2700345463720275,4.0,0.2700345463720275,Reject,0,0.04125134958072506,4.084403473258765
ai,259,SpUXijnBEg,5.5,4.312663648577505,3.5,0.8126636485775052,Reject,0,0.04128528582368542,4.085594576547235
ai,260,QryPmx2MNh,5.5,4.312663648577505,3.5,0.8126636485775052,Reject,0,0.04128528582368542,4.085594576547235
ai,261,qCfYOLAzti,7.0,4.367970546385547,6.0,1.6320294536144528,Accept,1,0.041025124142814985,4.080794677385843
ai,262,4Ha2srdhPN,6.0,4.330807976069316,4.5,0.1691920239306839,Reject,0,0.04125907290930745,4.083253538613471
ai,263,2hTLJEgCbv,3.5,4.237136330537196,1.0,3.2371363305371963,Reject,0,0.040767860145878965,4.09444882002662
ai,264,Kw2mvnzCoc,6.0,4.330807976069316,4.5,0.1691920239306839,Accept,1,0.04125907290930745,4.083253538613471
ai,265,cP9ciYglnI,6.0,4.332096513268743,4.0,0.332096513268743,Reject,0,0.04129052669992624,4.084353353069186
ai,266,pNpnqsn0Si,5.5,4.31393159638356,3.0,1.3139315963835596,Reject,0,0.041294906263696925,4.0868096119332264
ai,267,5o0zF03RP9,4.0,4.258731402163104,0.5,3.7587314021631038,Reject,0,0.040850707736703996,4.095328571216288
ai,268,32mrjmaeMP,6.0,4.330807976069316,4.5,0.1691920239306839,Accept,1,0.04125907290930745,4.083253538613471
ai,269,xDO0239YOm,4.5,4.276936144862784,1.33,2.946936144862784,Reject,0,0.041069547462994876,4.092123181279307
ai,270,6rz7VyAatm,6.5,4.354145453247696,3.5,0.8541454532476962,Reject,0,0.0413604842893745,4.085302305366762
ai,271,ZNAY3ivd62,5.5,4.311395700771453,4.0,0.3113957007714534,Reject,0,0.04127566538367401,4.084379541161247
ai,272,sSbEEHNEsL,7.0,4.362388913911148,8.0,3.637611086088852,Accept,1,0.04072458127692367,4.077316844972682
ai,273,x6iodYWNty,6.5,4.34927391909923,5.33,0.9807260809007703,Accept,1,0.04116543827045405,4.0816985703412785
ai,274,BiXwSIIMIq,5.5,4.3101277529654,4.5,0.18987224703460015,Accept,1,0.0412660449436628,4.083164505775255
ai,275,Y6lVVJHiwN,5.0,4.289693884386211,4.4,0.11030611561378922,Reject,0,0.04127237622975529,4.083332003237435
ai,276,e9JphzQ5Gr,6.5,4.352814432988554,4.0,0.35281443298855386,Reject,0,0.04130719302737418,4.084317678310621
ai,277,ZNAY3ivd62,5.0,4.290709281733604,4.0,0.2907092817336041,Reject,0,0.041262606909483905,4.084396247186184
ai,278,Rip3EJc4nx,3.0,4.208053379372998,4.0,0.2080533793729984,Reject,0,0.04122837457509292,4.084368255647719
ai,279,1AYy3T3Xjk,5.0,4.294517021786328,2.5,1.7945170217863282,Reject,0,0.04122597195846712,4.088387161993992
ai,280,bhR00j6Mku,6.5,4.345706784804727,6.67,2.324293215195273,Accept,1,0.04102261768829339,4.0790597698308195
ai,281,lJ7zecny2e,5.5,4.308859805159348,5.0,0.6911401948406519,Accept,1,0.04125642450365122,4.081949470389266
ai,282,1E4Bltg6Xb,5.5,4.309696650711342,4.67,0.3603033492886576,Accept,1,0.041262773994059046,4.082751393744018
ai,283,YETCQLcKtn,5.5,4.3101277529654,4.5,0.18987224703460015,Accept,1,0.0412660449436628,4.083164505775255
ai,284,0aBAAS0rRT,5.5,4.308022959607351,5.33,1.021977040392649,Accept,1,0.04125007501324406,4.081147547034509
ai,285,5T1vMQldr8,5.5,4.311395700771453,4.0,0.3113957007714534,Reject,0,0.041275665383674,4.084379541161247
ai,286,0obDxMfeYu,5.0,4.292740076428391,3.2,1.0927400764283908,Reject,0,0.04124306826894136,4.086524735083684
ai,287,R0ZKcQlF2C,5.5,4.311395700771453,4.0,0.3113957007714534,Reject,0,0.041275665383674,4.084379541161247
ai,288,YvMkU4BYOA,5.0,4.295786268470569,2.0,2.295786268470569,Reject,0,0.04121376030812815,4.089717466929928
ai,289,N7ziRPTNdT,6.5,4.348821372211121,5.5,1.1511786277888794,Reject,0,0.04114731924137368,4.081363797142192
ai,290,Ksvv8x00eo,6.0,4.333385050468171,3.5,0.8333850504681708,Reject,0,0.041321980490545245,4.085453167524899
ai,291,beV5wMTRIq,4.0,4.254718853107557,2.0,2.2547188531075566,Reject,0,0.041018358209206664,4.09064542027073
ai,292,C6WWMryELL,5.0,4.286901541680883,5.5,1.2130984583191173,Reject,0,0.04129924186050075,4.080405332378379
ai,293,k6nTUFoqeT,6.5,4.346159331692836,6.5,2.153840668307164,Accept,1,0.04104073671737336,4.079394543029909
ai,294,Gk7gLAtVDO,6.5,4.343497291174549,7.5,3.1565027088254514,Accept,1,0.04093415419337277,4.077425288917626
ai,295,65Ai8mLfjI,5.5,4.307591857353295,5.5,1.1924081426467046,Accept,1,0.041246804063639765,4.080734435003277
ai,296,DAPcmFcqgd,4.5,4.277789151417822,1.0,3.2777891514178217,Reject,0,0.041047077538331436,4.09307730249533
ai,297,Ry8jLSYIUG,6.0,4.328669004318264,5.33,1.0013309956817364,Reject,0,0.04120685961688052,4.081427846616981
ai,298,ei1bRG971A,5.5,4.309696650711342,4.67,0.3603033492886576,Accept,1,0.041262773994059046,4.082751393744018
ai,299,hQZQVLJrH9,4.5,4.268742112197728,4.5,0.23125788780227197,Reject,0,0.04128539492112393,4.08295783505267
ai,300,1j0ormf8uI,5.0,4.28766308969143,5.2,0.9123369103085706,Accept,1,0.041291914870297146,4.0812035153399435
ai,301,oh9ChF7Pv0,5.0,4.289008491176722,4.67,0.3809915088232776,Accept,1,0.04127897052093809,4.082613638572032
ai,302,SA8xDYrUYB,5.0,4.291978528417844,3.5,0.791978528417844,Accept,1,0.04125039525914521,4.085726552122118
ai,303,0JLUFJMo5p,4.0,4.257393885811255,1.0,3.257393885811255,Reject,0,0.0409065912275382,4.093767520901102
ai,304,YuxgSGFaqb,5.5,4.306323909547243,6.0,1.6936760904527572,Accept,1,0.04123718362362872,4.0795193996172845
ai,305,piylyBPSau,6.0,4.332096513268743,4.0,0.332096513268743,Reject,0,0.041290526699926194,4.084353353069186
ai,306,doxBjZ88H3,5.5,4.3101277529654,4.5,0.18987224703460015,Accept,1,0.0412660449436628,4.083164505775255
ai,307,Pxd5mjwznl,2.5,4.200232542336339,0.0,4.200232542336339,Reject,0,0.04025268751046675,4.099600823560173
ai,308,ZMzha5gbnF,6.0,4.324365290072176,7.0,2.6756347099278237,Accept,1,0.04110180395621408,4.077754466334892
ai,309,bxZUPQbvp0,5.5,4.316467491995665,2.0,2.316467491995665,Reject,0,0.041314147143719775,4.089239682705206
ai,310,0nvQ5kHXf4,5.5,4.306323909547242,6.0,1.6936760904527581,Accept,1,0.04123718362362856,4.0795193996172845
ai,311,a3sRspQ62b,6.0,4.335962124867025,2.5,1.8359621248670246,Reject,0,0.04138488807178247,4.08765279643633
ai,312,FtL9eEmU6v,6.0,4.323076752872747,7.5,3.1769232471272533,Accept,1,0.04107035016559538,4.076654651879174
ai,313,4iu9Lj0Ist,4.0,4.250706304052014,3.5,0.7507063040520139,Reject,0,0.04118600868170833,4.08596226932518
ai,314,cZ74yWoKYr,6.0,4.329519438869886,5.0,0.6704805611301143,Reject,0,0.041227619118688864,4.082153724157752
ai,315,2EQPpEZtEK,5.0,4.292410072290486,3.33,0.9624100722904858,Reject,0,0.04124624329802969,4.086178855800338
ai,316,bH5M0ts8Y6,5.5,4.308859805159348,5.0,0.6911401948406519,Accept,1,0.041256424503651155,4.081949470389267
ai,317,Ir0HMkRpYb,6.0,4.324365290072175,7.0,2.6756347099278246,Accept,1,0.04110180395621382,4.077754466334892
ai,318,VgVeQpagf7,6.5,4.3510308658413015,4.67,0.31896913415869843,Reject,0,0.04123578273629446,4.0829982780553875
ai,319,NlHHlqP1zk,6.0,4.3303698734215095,4.67,0.33963012657849045,Reject,0,0.04124837862049699,4.082879601698528
ai,320,0xHWd4CUaX,4.0,4.254718853107556,2.0,2.2547188531075557,Reject,0,0.0410183582092066,4.09064542027073
ai,321,wUzBBsrdB1,5.5,4.308859805159348,5.0,0.6911401948406519,Reject,0,0.041256424503651155,4.081949470389267
ai,322,TjF9WLcu8o,2.0,4.18063832800288,0.0,4.18063832800288,Reject,0,0.040075349712310145,4.10048762857826
ai,323,IeNXtofK6T,6.5,4.354145453247698,3.5,0.854145453247698,Reject,0,0.04136048428937452,4.085302305366763
ai,324,abgW71sKIt,6.0,4.335962124867025,2.5,1.8359621248670246,Reject,0,0.04138488807178247,4.08765279643633
ai,325,zKQSyT7a7n,5.5,4.306323909547241,6.0,1.693676090452759,Reject,0,0.0412371836236288,4.079519399617283
ai,326,crKJJ4Ej60,6.0,4.328669004318264,5.33,1.0013309956817364,Accept,1,0.041206859616880386,4.0814278466169815
ai,327,IHyY6vdYZw,6.5,4.350152392470267,5.0,0.6498476075297326,Accept,1,0.041200610503373626,4.082348424198339
ai,328,rRB1bYErbL,6.0,4.326942364471032,6.0,1.6730576355289681,Accept,1,0.04116471153745124,4.0799540952463245
ai,329,OAXECnLxuk,6.5,4.348821372211123,5.5,1.1511786277888767,Accept,1,0.04114731924137378,4.081363797142194
ai,330,JEYWpFGzvn,6.5,4.3439498380626596,7.33,2.9860501619373405,Accept,1,0.04095227322245323,4.077760062116713
ai,331,dCtkwjkK0E,4.0,4.254718853107556,2.0,2.2547188531075557,Reject,0,0.0410183582092066,4.09064542027073
ai,332,pI9n8wAR80,5.5,4.308859805159348,5.0,0.6911401948406519,Accept,1,0.041256424503651246,4.081949470389266
ai,333,8KcjEygedc,5.5,4.30252006612908,7.5,3.1974799338709197,Accept,1,0.04120832230359494,4.075874293459308
ai,334,zS1bPtMlt9,6.0,4.326942364471031,6.0,1.673057635528969,Reject,0,0.04116471153745108,4.0799540952463245
ai,335,Me0n0iESJY,6.0,4.326942364471031,6.0,1.673057635528969,Accept,1,0.04116471153745108,4.0799540952463245
ai,336,a2XmC7rHIU,6.5,4.34536071953735,6.8,2.45463928046265,Accept,1,0.04100876196017335,4.078803766796224
ai,337,1CR1MTIgmq,4.0,4.260068918514954,0.0,4.260068918514954,Reject,0,0.04079482424586969,4.096889621531475
ai,338,sJxBWDc8SM,6.0,4.333385050468169,3.5,0.833385050468169,Reject,0,0.04132198049054505,4.085453167524899
ai,339,CFuNu8dK4s,6.5,4.352814432988556,4.0,0.35281443298855564,Reject,0,0.04130719302737422,4.084317678310623
ai,340,0kHbD6ad07,6.5,4.350152392470267,5.0,0.6498476075297326,Accept,1,0.041200610503373626,4.082348424198339
ai,341,iIEEgI6WsF,6.0,4.328230901670459,5.5,1.1717690983295412,Accept,1,0.041196165328070106,4.081053909702038
ai,342,qkKUG56s5r,4.5,4.276936144862784,1.33,2.946936144862784,Reject,0,0.041069547462995,4.092123181279306
ai,343,Mz98kwANpF,5.5,4.3101277529654,4.5,0.18987224703460015,Reject,0,0.0412660449436628,4.083164505775255
ai,344,x6bG2Hoqdf,6.0,4.328230901670459,5.5,1.1717690983295412,Accept,1,0.041196165328070106,4.081053909702038
ai,345,klB3AvQZqJ,6.0,4.333385050468169,3.5,0.833385050468169,Reject,0,0.04132198049054505,4.085453167524899
ai,346,0lW2UBiEWN,6.0,4.3308079760693134,4.5,0.16919202393068655,Reject,0,0.0412590729093075,4.0832535386134685
ai,347,ecbEfXdqrV,6.0,4.3346735876675995,3.0,1.3346735876675995,Reject,0,0.04135343428116328,4.08655298198062
ai,348,Vit5M0G5Gb,6.0,4.326942364471032,6.0,1.6730576355289681,Accept,1,0.04116471153745124,4.0799540952463245
ai,349,VFaYukYt6K,5.75,4.323453316731163,3.33,0.9934533167311628,Reject,0,0.041310389845954955,4.085918575116922
ai,350,Vgm77U4ojX,8.5,4.429030872833898,6.0,1.5709691271661024,Accept,1,0.04082900981720517,4.081984289387654
ai,351,NFB4QGGS65,6.5,4.3461593316928395,6.5,2.1538406683071605,Accept,1,0.04104073671737357,4.0793945430299114
ai,352,rBj2iVyrhh,5.5,4.316467491995665,2.0,2.316467491995665,Reject,0,0.041314147143719775,4.089239682705206
ai,353,ahpO7S1Ppi,6.0,4.333385050468169,3.5,0.833385050468169,Reject,0,0.04132198049054505,4.085453167524899
ai,354,AB3jM3iMaW,6.0,4.329519438869886,5.0,0.6704805611301143,Reject,0,0.04122761911868877,4.082153724157753
ai,355,RNe17WTR38,5.0,4.295786268470567,2.0,2.295786268470567,Reject,0,0.04121376030812813,4.089717466929927
ai,356,H1s6SBhzlg,6.0,4.332096513268743,4.0,0.332096513268743,Reject,0,0.041290526699926194,4.084353353069186
ai,357,yjrVOxjkDR,6.5,4.3434972911745495,7.5,3.1565027088254505,Accept,1,0.04093415419337292,4.077425288917626
ai,358,cZFgsLq8Gs,5.5,4.311395700771454,4.0,0.3113957007714543,Accept,1,0.04127566538367405,4.084379541161247
ai,359,U2SJE6W3wT,6.0,4.328230901670459,5.5,1.1717690983295412,Accept,1,0.041196165328070106,4.081053909702038
ai,360,pW6rFymZ8F,5.5,4.308859805159348,5.0,0.6911401948406519,Reject,0,0.041256424503651246,4.081949470389266
ai,361,EbSkBZQF9g,3.0,4.218507303805666,0.5,3.7185073038056657,Reject,0,0.040531282189710076,4.0969134572365355
ai,362,IOKftyz5iP,4.0,4.252043820403858,3.0,1.2520438204038582,Reject,0,0.0411301251908749,4.087523319640359
ai,363,JEN4nsDgh9,6.0,4.333385050468169,3.5,0.833385050468169,Reject,0,0.04132198049054505,4.085453167524899
ai,364,AdfEHMueyc,5.5,4.3177354398017185,1.5,2.8177354398017185,Reject,0,0.041323767583731345,4.090454718091196
ai,365,wA6dvVnKe8,6.0,4.3346735876675995,3.0,1.3346735876675995,Reject,0,0.04135343428116328,4.08655298198062
ai,366,3wMdHl7JQ6,4.0,4.257393885811255,1.0,3.257393885811255,Reject,0,0.040906591227538106,4.093767520901102
ai,367,t33kMzEAg8,6.0,4.331065683509201,4.4,0.0689343164907994,Accept,1,0.04126536366743096,4.083473501504615
ai,368,KDIgNmK8YT,5.0,4.294517021786327,2.5,1.7945170217863273,Reject,0,0.041225971958466924,4.088387161993992
ai,369,Rj5ZJk956j,6.0,4.33036987342151,4.67,0.33963012657848957,Reject,0,0.041248378620496934,4.0828796016985285
ai,370,yR5QX5cTEy,7.0,4.370761362622751,5.0,0.6292386373772487,Reject,0,0.04117539557576038,4.082533593592428
ai,371,UDIYU1X3vC,5.5,4.309366984281767,4.8,0.4906330157182328,Accept,1,0.0412602726796564,4.082435484543657
ai,372,rI2Fa13fUL,6.0,4.329519438869886,5.0,0.6704805611301143,Reject,0,0.04122761911868877,4.082153724157753
ai,373,LHSea6DI8U,7.0,4.36797054638555,6.0,1.6320294536144502,Accept,1,0.04102512414281517,4.0807946773858434
ai,374,UJ2UUjT2ko,6.5,4.342166270915408,8.0,3.657833729084592,Accept,1,0.04088086293137276,4.0764406618614855
ai,375,cEXEmyW77N,6.5,4.350152392470268,5.0,0.6498476075297317,Accept,1,0.04120061050337374,4.082348424198339
ai,376,KsWRLyIAKP,5.0,4.292740076428391,3.2,1.0927400764283908,Reject,0,0.04124306826894113,4.086524735083685
ai,377,RT5SlprCmc,6.0,4.3308079760693134,4.5,0.16919202393068655,Reject,0,0.041259072909307644,4.083253538613468
ai,378,yEpE0QPpf8,5.5,4.3075918573532945,5.5,1.1924081426467055,Accept,1,0.04124680406364,4.080734435003275
ai,379,GMP1S4R6Ke,6.0,4.328669004318264,5.33,1.0013309956817364,Accept,1,0.041206859616880434,4.081427846616981
ai,380,XX5EZoe4ec,5.5,4.316467491995665,2.0,2.316467491995665,Reject,0,0.04131414714371968,4.089239682705207
ai,381,GRufFX1gAy,5.0,4.289440035049365,4.5,0.2105599649506349,Accept,1,0.04127481855982261,4.083065942250252
ai,382,cmzeMZNsmm,5.0,4.288170788365123,5.0,0.7118292116348766,Reject,0,0.04128703021016156,4.081735637314316
ai,383,nnwvwge40d,6.0,4.332096513268743,4.0,0.332096513268743,Accept,1,0.041290526699926194,4.084353353069186
ai,384,YS4N1YxXSM,6.0,4.326942364471033,6.0,1.6730576355289672,Accept,1,0.041164711537451104,4.079954095246326
ai,385,q0UEl3xAIZ,5.0,4.297487059027449,1.33,2.967487059027449,Reject,0,0.04119739669667404,4.0915000755440785
ai,386,Olc7XhgstJ,6.0,4.332096513268743,4.0,0.332096513268743,Reject,0,0.041290526699926194,4.084353353069186
ai,387,ngOOlatCK6,6.5,4.3492739190992316,5.33,0.9807260809007685,Reject,0,0.041165438270454276,4.0816985703412785
ai,388,JdVTWjjnR6,5.5,4.308859805159347,5.0,0.6911401948406528,Reject,0,0.04125642450365134,4.081949470389265
ai,389,MPhnlqdU9Z,5.0,4.290709281733604,4.0,0.2907092817336041,Reject,0,0.04126260690948373,4.084396247186185
ai,390,HvFpfea8XA,5.0,4.289440035049365,4.5,0.2105599649506349,Reject,0,0.041274818559822575,4.083065942250252
ai,391,Dxb9zYD23D,6.0,4.333385050468169,3.5,0.833385050468169,Reject,0,0.04132198049054505,4.085453167524899
ai,392,CrCPeM5fRB,5.0,4.291978528417844,3.5,0.791978528417844,Reject,0,0.04125039525914521,4.085726552122118
ai,393,qclNnbjxNJ,5.5,4.30252006612908,7.5,3.1974799338709197,Accept,1,0.04120832230359501,4.075874293459308
ai,394,2eAGrunxVz,6.0,4.323076752872747,7.5,3.1769232471272533,Accept,1,0.04107035016559538,4.076654651879174
ai,395,zt7IPzsXrT,5.5,4.308859805159347,5.0,0.6911401948406528,Accept,1,0.04125642450365134,4.081949470389265
human_single,0,4VW9HVCRw0,8.0,6.642812321587816,7.0,0.3571876784121839,Accept,1,0.6319261140940051,1.587403408835775
human_single,0,4VW9HVCRw0,8.0,6.642812321587816,7.0,0.3571876784121839,Accept,1,0.6319261140940051,1.587403408835775
human_single,0,4VW9HVCRw0,6.0,5.378960093399805,7.0,1.6210399066001946,Accept,1,0.6319261140940051,1.587403408835775
human_single,0,4VW9HVCRw0,6.0,5.378960093399805,7.0,1.6210399066001946,Accept,1,0.6319261140940051,1.587403408835775
human_single,1,41JeFWdVFa,6.0,5.3843033402916065,4.67,0.7143033402916066,Reject,0,0.6337269873440379,1.581941416227379
human_single,1,41JeFWdVFa,6.0,5.3843033402916065,4.67,0.7143033402916066,Reject,0,0.6337269873440379,1.581941416227379
human_single,1,41JeFWdVFa,2.0,2.849395390915455,4.67,1.820604609084545,Reject,0,0.6337269873440379,1.581941416227379
human_single,2,MwuSvrthXq,6.0,5.384512601946315,4.0,1.384512601946315,Reject,0,0.6335179857863547,1.583404687228187
human_single,2,MwuSvrthXq,4.0,4.117476630373606,4.0,0.11747663037360567,Reject,0,0.6335179857863547,1.583404687228187
human_single,2,MwuSvrthXq,2.0,2.8504406588008964,4.0,1.1495593411991036,Reject,0,0.6335179857863547,1.583404687228187
human_single,2,MwuSvrthXq,4.0,4.117476630373606,4.0,0.11747663037360567,Reject,0,0.6335179857863547,1.583404687228187
human_single,3,ppXAVexrAM,4.0,4.117476630373607,4.0,0.11747663037360656,Reject,0,0.6335179857863548,1.5834046872281877
human_single,3,ppXAVexrAM,4.0,4.117476630373607,4.0,0.11747663037360656,Reject,0,0.6335179857863548,1.5834046872281877
human_single,3,ppXAVexrAM,6.0,5.384512601946317,4.0,1.3845126019463168,Reject,0,0.6335179857863548,1.5834046872281877
human_single,3,ppXAVexrAM,2.0,2.8504406588008973,4.0,1.1495593411991027,Reject,0,0.6335179857863548,1.5834046872281877
human_single,4,40sQXprYlm,4.0,4.116442755439282,5.0,0.883557244560718,Reject,0,0.6337639613855541,1.5813869098970659
human_single,4,40sQXprYlm,4.0,4.116442755439282,5.0,0.883557244560718,Reject,0,0.6337639613855541,1.5813869098970659
human_single,4,40sQXprYlm,8.0,6.651498600981499,5.0,1.6514986009814994,Reject,0,0.6337639613855541,1.5813869098970659
human_single,4,40sQXprYlm,4.0,4.116442755439282,5.0,0.883557244560718,Reject,0,0.6337639613855541,1.5813869098970659
human_single,5,KAZpuq2W4Y,2.0,2.8530859087546743,2.67,0.18308590875467434,Reject,0,0.6327546635057697,1.5875765817431349
human_single,5,KAZpuq2W4Y,4.0,4.118595235766214,2.67,1.4485952357662137,Reject,0,0.6327546635057697,1.5875765817431349
human_single,5,KAZpuq2W4Y,2.0,2.8530859087546743,2.67,0.18308590875467434,Reject,0,0.6327546635057697,1.5875765817431349
human_single,6,OPFE1zPYbU,0.0,1.5961839739115549,1.0,0.5961839739115549,Reject,0,0.6312279795210364,1.5961839739115549
human_single,6,OPFE1zPYbU,2.0,2.8586399329536274,1.0,1.8586399329536274,Reject,0,0.6312279795210364,1.5961839739115549
human_single,6,OPFE1zPYbU,0.0,1.5961839739115549,1.0,0.5961839739115549,Reject,0,0.6312279795210364,1.5961839739115549
human_single,6,OPFE1zPYbU,2.0,2.8586399329536274,1.0,1.8586399329536274,Reject,0,0.6312279795210364,1.5961839739115549
human_single,7,m7gNW26Zih,0.0,1.6045482741499706,0.0,1.6045482741499706,Reject,0,0.6295188060586907,1.6045482741499706
human_single,7,m7gNW26Zih,0.0,1.6045482741499706,0.0,1.6045482741499706,Reject,0,0.6295188060586907,1.6045482741499706
human_single,7,m7gNW26Zih,0.0,1.6045482741499706,0.0,1.6045482741499706,Reject,0,0.6295188060586907,1.6045482741499706
human_single,7,m7gNW26Zih,0.0,1.6045482741499706,0.0,1.6045482741499706,Reject,0,0.6295188060586907,1.6045482741499706
human_single,8,zwfpyw345l,0.0,1.5998239328382664,0.5,1.0998239328382664,Reject,0,0.6304983569747197,1.5998239328382664
human_single,8,zwfpyw345l,0.0,1.5998239328382664,0.5,1.0998239328382664,Reject,0,0.6304983569747197,1.5998239328382664
human_single,8,zwfpyw345l,2.0,2.8608206467877055,0.5,2.3608206467877055,Reject,0,0.6304983569747197,1.5998239328382664
human_single,8,zwfpyw345l,0.0,1.5998239328382664,0.5,1.0998239328382664,Reject,0,0.6304983569747197,1.5998239328382664
human_single,9,aiM6bRd6bG,4.0,4.117476630373606,4.0,0.11747663037360567,Reject,0,0.6335179857863548,1.583404687228187
human_single,9,aiM6bRd6bG,2.0,2.8504406588008964,4.0,1.1495593411991036,Reject,0,0.6335179857863548,1.583404687228187
human_single,9,aiM6bRd6bG,6.0,5.384512601946316,4.0,1.3845126019463159,Reject,0,0.6335179857863548,1.583404687228187
human_single,9,aiM6bRd6bG,4.0,4.117476630373606,4.0,0.11747663037360567,Reject,0,0.6335179857863548,1.583404687228187
human_single,10,t5Nd4HiI3E,4.0,4.117476630373606,4.0,0.11747663037360567,Reject,0,0.6335179857863547,1.5834046872281868
human_single,10,t5Nd4HiI3E,2.0,2.8504406588008964,4.0,1.1495593411991036,Reject,0,0.6335179857863547,1.5834046872281868
human_single,10,t5Nd4HiI3E,4.0,4.117476630373606,4.0,0.11747663037360567,Reject,0,0.6335179857863547,1.5834046872281868
human_single,10,t5Nd4HiI3E,6.0,5.384512601946315,4.0,1.384512601946315,Reject,0,0.6335179857863547,1.5834046872281868
human_single,11,WhO6Km5Rku,4.0,4.117476630373606,4.0,0.11747663037360567,Reject,0,0.6335179857863547,1.5834046872281868
human_single,11,WhO6Km5Rku,4.0,4.117476630373606,4.0,0.11747663037360567,Reject,0,0.6335179857863547,1.5834046872281868
human_single,11,WhO6Km5Rku,2.0,2.8504406588008964,4.0,1.1495593411991036,Reject,0,0.6335179857863547,1.5834046872281868
human_single,11,WhO6Km5Rku,6.0,5.384512601946315,4.0,1.384512601946315,Reject,0,0.6335179857863547,1.5834046872281868
human_single,12,0K4jNe8ik9,0.0,1.5961839739115546,1.0,0.5961839739115546,Reject,0,0.6312279795210365,1.5961839739115546
human_single,12,0K4jNe8ik9,0.0,1.5961839739115546,1.0,0.5961839739115546,Reject,0,0.6312279795210365,1.5961839739115546
human_single,12,0K4jNe8ik9,2.0,2.8586399329536274,1.0,1.8586399329536274,Reject,0,0.6312279795210365,1.5961839739115546
human_single,12,0K4jNe8ik9,2.0,2.8586399329536274,1.0,1.8586399329536274,Reject,0,0.6312279795210365,1.5961839739115546
human_single,13,9wIVIjWn0F,8.0,6.652410609263338,5.5,1.1524106092633382,Reject,0,0.6341412167451228,1.5792808753023555
human_single,13,9wIVIjWn0F,2.0,2.8475633087926013,5.5,2.6524366912073987,Reject,0,0.6341412167451228,1.5792808753023555
human_single,13,9wIVIjWn0F,6.0,5.3841281757730926,5.5,0.11587182422690745,Reject,0,0.6341412167451228,1.5792808753023555
human_single,13,9wIVIjWn0F,6.0,5.3841281757730926,5.5,0.11587182422690745,Reject,0,0.6341412167451228,1.5792808753023555
human_single,14,MQmrcX5jnk,6.0,5.3832560404098615,6.0,0.6167439595901385,Accept,1,0.6341453211874261,1.578384113285305
human_single,14,MQmrcX5jnk,8.0,6.651546682784714,6.0,0.6515466827847138,Accept,1,0.6341453211874261,1.578384113285305
human_single,14,MQmrcX5jnk,8.0,6.651546682784714,6.0,0.6515466827847138,Accept,1,0.6341453211874261,1.578384113285305
human_single,14,MQmrcX5jnk,6.0,5.3832560404098615,6.0,0.6167439595901385,Accept,1,0.6341453211874261,1.578384113285305
human_single,14,MQmrcX5jnk,2.0,2.846674755660157,6.0,3.153325244339843,Accept,1,0.6341453211874261,1.578384113285305
human_single,15,6Y9NP1qhoM,4.0,4.116244626807342,5.0,0.883755373192658,Accept,1,0.6343867673719868,1.5786975573193947
human_single,15,6Y9NP1qhoM,6.0,5.385018161551315,5.0,0.3850181615513151,Accept,1,0.6343867673719868,1.5786975573193947
human_single,15,6Y9NP1qhoM,8.0,6.65379169629529,5.0,1.6537916962952899,Accept,1,0.6343867673719868,1.5786975573193947
human_single,15,6Y9NP1qhoM,2.0,2.847471092063368,5.0,2.152528907936632,Accept,1,0.6343867673719868,1.5786975573193947
human_single,16,GFWfR4G5fm,4.0,4.116721447955106,4.5,0.383278552044894,Reject,0,0.6343863241568662,1.5791761513276406
human_single,16,GFWfR4G5fm,4.0,4.116721447955106,4.5,0.383278552044894,Reject,0,0.6343863241568662,1.5791761513276406
human_single,16,GFWfR4G5fm,2.0,2.8479487996413733,4.5,1.6520512003586267,Reject,0,0.6343863241568662,1.5791761513276406
human_single,16,GFWfR4G5fm,8.0,6.6542667445825705,4.5,2.1542667445825705,Reject,0,0.6343863241568662,1.5791761513276406
human_single,17,omg9K6lI93,2.0,2.8586399329536274,1.0,1.8586399329536274,Reject,0,0.6312279795210364,1.5961839739115549
human_single,17,omg9K6lI93,0.0,1.5961839739115549,1.0,0.5961839739115549,Reject,0,0.6312279795210364,1.5961839739115549
human_single,17,omg9K6lI93,2.0,2.8586399329536274,1.0,1.8586399329536274,Reject,0,0.6312279795210364,1.5961839739115549
human_single,17,omg9K6lI93,0.0,1.5961839739115549,1.0,0.5961839739115549,Reject,0,0.6312279795210364,1.5961839739115549
human_single,18,LD6B7AvkZq,4.0,4.118628356686891,3.0,1.1186283566868909,Reject,0,0.6329114936336994,1.5869823821520932
human_single,18,LD6B7AvkZq,4.0,4.118628356686891,3.0,1.1186283566868909,Reject,0,0.6329114936336994,1.5869823821520932
human_single,18,LD6B7AvkZq,2.0,2.852805369419492,3.0,0.14719463058050808,Reject,0,0.6329114936336994,1.5869823821520932
human_single,18,LD6B7AvkZq,2.0,2.852805369419492,3.0,0.14719463058050808,Reject,0,0.6329114936336994,1.5869823821520932
human_single,19,cu6xWUNOzQ,10.0,7.917162961390716,6.67,1.2471629613907158,Reject,0,0.6336185131486063,1.5809778299046524
human_single,19,cu6xWUNOzQ,4.0,4.115451882499078,6.67,2.5545481175009224,Reject,0,0.6336185131486063,1.5809778299046524
human_single,19,cu6xWUNOzQ,6.0,5.38268890879629,6.67,1.2873110912037102,Reject,0,0.6336185131486063,1.5809778299046524
human_single,20,nHrYBGujps,6.0,5.377449314423501,7.5,2.122550685576499,Accept,1,0.6313155398940824,1.5895560750590063
human_single,20,nHrYBGujps,8.0,6.640080394211665,7.5,0.8599196057883347,Accept,1,0.6313155398940824,1.5895560750590063
human_single,20,nHrYBGujps,8.0,6.640080394211665,7.5,0.8599196057883347,Accept,1,0.6313155398940824,1.5895560750590063
human_single,20,nHrYBGujps,8.0,6.640080394211665,7.5,0.8599196057883347,Accept,1,0.6313155398940824,1.5895560750590063
human_single,21,Rd0yhdfueL,2.0,2.8586399329536274,1.0,1.8586399329536274,Reject,0,0.6312279795210364,1.5961839739115549
human_single,21,Rd0yhdfueL,0.0,1.5961839739115549,1.0,0.5961839739115549,Reject,0,0.6312279795210364,1.5961839739115549
human_single,21,Rd0yhdfueL,0.0,1.5961839739115549,1.0,0.5961839739115549,Reject,0,0.6312279795210364,1.5961839739115549
human_single,21,Rd0yhdfueL,2.0,2.8586399329536274,1.0,1.8586399329536274,Reject,0,0.6312279795210364,1.5961839739115549
human_single,22,RNsydf7HB4,2.0,2.85412406129476,2.5,0.35412406129476004,Reject,0,0.6325501093589001,1.5890238425769596
human_single,22,RNsydf7HB4,2.0,2.85412406129476,2.5,0.35412406129476004,Reject,0,0.6325501093589001,1.5890238425769596
human_single,22,RNsydf7HB4,2.0,2.85412406129476,2.5,0.35412406129476004,Reject,0,0.6325501093589001,1.5890238425769596
human_single,22,RNsydf7HB4,4.0,4.11922428001256,2.5,1.6192242800125598,Reject,0,0.6325501093589001,1.5890238425769596
human_single,23,IU4rqTlpRb,6.0,5.382590561479579,5.33,0.052590561479578746,Accept,1,0.6329847063792214,1.5846823232042497
human_single,23,IU4rqTlpRb,6.0,5.382590561479579,5.33,0.052590561479578746,Accept,1,0.6329847063792214,1.5846823232042497
human_single,23,IU4rqTlpRb,4.0,4.116621148721135,5.33,1.2133788512788648,Accept,1,0.6329847063792214,1.5846823232042497
human_single,24,IdJakw2jta,4.0,4.117118805967473,4.5,0.3828811940325272,Reject,0,0.6331423502977302,1.5845494047765516
human_single,24,IdJakw2jta,6.0,5.383403506562933,4.5,0.8834035065629333,Reject,0,0.6331423502977302,1.5845494047765516
human_single,24,IdJakw2jta,4.0,4.117118805967473,4.5,0.3828811940325272,Reject,0,0.6331423502977302,1.5845494047765516
human_single,24,IdJakw2jta,4.0,4.117118805967473,4.5,0.3828811940325272,Reject,0,0.6331423502977302,1.5845494047765516
human_single,25,NfO2Lt2WY7,6.0,5.386914111690785,2.0,3.3869141116907846,Reject,0,0.633810843977282,1.5840490478270925
human_single,25,NfO2Lt2WY7,0.0,1.5840490478270925,2.0,0.41595095217290745,Reject,0,0.633810843977282,1.5840490478270925
human_single,25,NfO2Lt2WY7,0.0,1.5840490478270925,2.0,0.41595095217290745,Reject,0,0.633810843977282,1.5840490478270925
human_single,25,NfO2Lt2WY7,2.0,2.8516707357816564,2.0,0.8516707357816564,Reject,0,0.633810843977282,1.5840490478270925
human_single,26,4hkMvkzai5,4.0,4.119231816376467,2.8,1.3192318163764671,Reject,0,0.6327663162547552,1.5881665513574463
human_single,26,4hkMvkzai5,2.0,2.853699183866957,2.8,0.053699183866957156,Reject,0,0.6327663162547552,1.5881665513574463
human_single,26,4hkMvkzai5,2.0,2.853699183866957,2.8,0.053699183866957156,Reject,0,0.6327663162547552,1.5881665513574463
human_single,26,4hkMvkzai5,4.0,4.119231816376467,2.8,1.3192318163764671,Reject,0,0.6327663162547552,1.5881665513574463
human_single,26,4hkMvkzai5,2.0,2.853699183866957,2.8,0.053699183866957156,Reject,0,0.6327663162547552,1.5881665513574463
human_single,27,W42oLSwI9p,4.0,4.1166404954292055,5.0,0.8833595045707945,Reject,0,0.6331423770729745,1.584070987137308
human_single,27,W42oLSwI9p,4.0,4.1166404954292055,5.0,0.8833595045707945,Reject,0,0.6331423770729745,1.584070987137308
human_single,27,W42oLSwI9p,6.0,5.382925249575155,5.0,0.3829252495751554,Reject,0,0.6331423770729745,1.584070987137308
human_single,27,W42oLSwI9p,6.0,5.382925249575155,5.0,0.3829252495751554,Reject,0,0.6331423770729745,1.584070987137308
human_single,28,0cbUKCyBsH,4.0,4.118112562044918,3.5,0.6181125620449182,Reject,0,0.6330269834475469,1.5860046282547302
human_single,28,0cbUKCyBsH,2.0,2.852058595149824,3.5,0.6479414048501759,Reject,0,0.6330269834475469,1.5860046282547302
human_single,28,0cbUKCyBsH,4.0,4.118112562044918,3.5,0.6181125620449182,Reject,0,0.6330269834475469,1.5860046282547302
human_single,28,0cbUKCyBsH,4.0,4.118112562044918,3.5,0.6181125620449182,Reject,0,0.6330269834475469,1.5860046282547302
human_single,29,khBHJz2wcV,0.0,1.5816010323037253,3.0,1.4183989676962747,Accept,1,0.63415621478379,1.5816010323037253
human_single,29,khBHJz2wcV,2.0,2.8499134618713056,3.0,0.15008653812869444,Accept,1,0.63415621478379,1.5816010323037253
human_single,29,khBHJz2wcV,6.0,5.386538321006466,3.0,2.3865383210064657,Accept,1,0.63415621478379,1.5816010323037253
human_single,29,khBHJz2wcV,4.0,4.118225891438885,3.0,1.1182258914388852,Accept,1,0.63415621478379,1.5816010323037253
human_single,30,gTMzRm8fb0,4.0,4.116442755439282,5.0,0.883557244560718,Accept,1,0.633763961385554,1.581386909897066
human_single,30,gTMzRm8fb0,8.0,6.6514986009814985,5.0,1.6514986009814985,Accept,1,0.633763961385554,1.581386909897066
human_single,30,gTMzRm8fb0,4.0,4.116442755439282,5.0,0.883557244560718,Accept,1,0.633763961385554,1.581386909897066
human_single,30,gTMzRm8fb0,4.0,4.116442755439282,5.0,0.883557244560718,Accept,1,0.633763961385554,1.581386909897066
human_single,31,rajioNWfRs,6.0,5.380591598277897,6.67,1.2894084017221026,Accept,1,0.6323735898517311,1.5863500591675108
human_single,31,rajioNWfRs,8.0,6.64533877798136,6.67,0.02466122201863996,Accept,1,0.6323735898517311,1.5863500591675108
human_single,31,rajioNWfRs,6.0,5.380591598277897,6.67,1.2894084017221026,Accept,1,0.6323735898517311,1.5863500591675108
human_single,32,DZUehXNiBn,4.0,4.117476630373607,4.0,0.11747663037360656,Reject,0,0.6335179857863549,1.583404687228187
human_single,32,DZUehXNiBn,2.0,2.850440658800897,4.0,1.1495593411991032,Reject,0,0.6335179857863549,1.583404687228187
human_single,32,DZUehXNiBn,4.0,4.117476630373607,4.0,0.11747663037360656,Reject,0,0.6335179857863549,1.583404687228187
human_single,32,DZUehXNiBn,6.0,5.384512601946316,4.0,1.3845126019463159,Reject,0,0.6335179857863549,1.583404687228187
human_single,33,BDNctVKwuD,2.0,2.8560219795007526,1.33,1.5260219795007526,Reject,0,0.6319093169373524,1.5922033456260478
human_single,33,BDNctVKwuD,2.0,2.8560219795007526,1.33,1.5260219795007526,Reject,0,0.6319093169373524,1.5922033456260478
human_single,33,BDNctVKwuD,0.0,1.5922033456260478,1.33,0.26220334562604775,Reject,0,0.6319093169373524,1.5922033456260478
human_single,34,d2pUyiXwcm,4.0,4.116721447955106,4.5,0.383278552044894,Accept,1,0.6343863241568665,1.5791761513276397
human_single,34,d2pUyiXwcm,2.0,2.8479487996413724,4.5,1.6520512003586276,Accept,1,0.6343863241568665,1.5791761513276397
human_single,34,d2pUyiXwcm,8.0,6.654266744582571,4.5,2.1542667445825714,Accept,1,0.6343863241568665,1.5791761513276397
human_single,34,d2pUyiXwcm,4.0,4.116721447955106,4.5,0.383278552044894,Accept,1,0.6343863241568665,1.5791761513276397
human_single,35,A4Us8jxVGq,8.0,6.640014415531221,7.2,0.5599855844687793,Accept,1,0.6314077261331972,1.5887526064656434
human_single,35,A4Us8jxVGq,6.0,5.377198963264826,7.2,1.8228010367351741,Accept,1,0.6314077261331972,1.5887526064656434
human_single,35,A4Us8jxVGq,6.0,5.377198963264826,7.2,1.8228010367351741,Accept,1,0.6314077261331972,1.5887526064656434
human_single,35,A4Us8jxVGq,8.0,6.640014415531221,7.2,0.5599855844687793,Accept,1,0.6314077261331972,1.5887526064656434
human_single,35,A4Us8jxVGq,8.0,6.640014415531221,7.2,0.5599855844687793,Accept,1,0.6314077261331972,1.5887526064656434
human_single,36,GE0b5aQAvm,2.0,2.8530859087546743,2.67,0.18308590875467434,Reject,0,0.6327546635057697,1.5875765817431349
human_single,36,GE0b5aQAvm,4.0,4.118595235766214,2.67,1.4485952357662137,Reject,0,0.6327546635057697,1.5875765817431349
human_single,36,GE0b5aQAvm,2.0,2.8530859087546743,2.67,0.18308590875467434,Reject,0,0.6327546635057697,1.5875765817431349
human_single,37,TADsPhlp32,2.0,2.854124061294759,2.5,0.35412406129475915,Reject,0,0.6325501093589,1.589023842576959
human_single,37,TADsPhlp32,2.0,2.854124061294759,2.5,0.35412406129475915,Reject,0,0.6325501093589,1.589023842576959
human_single,37,TADsPhlp32,2.0,2.854124061294759,2.5,0.35412406129475915,Reject,0,0.6325501093589,1.589023842576959
human_single,37,TADsPhlp32,4.0,4.119224280012559,2.5,1.619224280012559,Reject,0,0.6325501093589,1.589023842576959
human_single,38,gubSyVxWdG,8.0,6.652419712937805,6.0,0.6524197129378049,Accept,1,0.6342731492651457,1.5782345188166391
human_single,38,gubSyVxWdG,2.0,2.8467808173469304,6.0,3.1532191826530696,Accept,1,0.6342731492651457,1.5782345188166391
human_single,38,gubSyVxWdG,8.0,6.652419712937805,6.0,0.6524197129378049,Accept,1,0.6342731492651457,1.5782345188166391
human_single,38,gubSyVxWdG,6.0,5.383873414407513,6.0,0.6161265855924869,Accept,1,0.6342731492651457,1.5782345188166391
human_single,39,s7oURFZTQD,2.0,2.852805369419492,3.0,0.14719463058050808,Reject,0,0.6329114936336994,1.5869823821520932
human_single,39,s7oURFZTQD,2.0,2.852805369419492,3.0,0.14719463058050808,Reject,0,0.6329114936336994,1.5869823821520932
human_single,39,s7oURFZTQD,4.0,4.118628356686891,3.0,1.1186283566868909,Reject,0,0.6329114936336994,1.5869823821520932
human_single,39,s7oURFZTQD,4.0,4.118628356686891,3.0,1.1186283566868909,Reject,0,0.6329114936336994,1.5869823821520932
human_single,40,fD9YRHazW3,2.0,2.8475633087926004,5.5,2.6524366912073996,Accept,1,0.6341412167451227,1.5792808753023553
human_single,40,fD9YRHazW3,8.0,6.652410609263336,5.5,1.1524106092633364,Accept,1,0.6341412167451227,1.5792808753023553
human_single,40,fD9YRHazW3,6.0,5.384128175773091,5.5,0.11587182422690923,Accept,1,0.6341412167451227,1.5792808753023553
human_single,40,fD9YRHazW3,6.0,5.384128175773091,5.5,0.11587182422690923,Accept,1,0.6341412167451227,1.5792808753023553
human_single,41,Yo7eG3lC3y,6.0,5.384447775546014,4.5,0.8844477755460138,Reject,0,0.6337637267989125,1.581865414752539
human_single,41,Yo7eG3lC3y,6.0,5.384447775546014,4.5,0.8844477755460138,Reject,0,0.6337637267989125,1.581865414752539
human_single,41,Yo7eG3lC3y,4.0,4.116920321948189,4.5,0.38307967805181065,Reject,0,0.6337637267989125,1.581865414752539
human_single,41,Yo7eG3lC3y,2.0,2.849392868350364,4.5,1.650607131649636,Reject,0,0.6337637267989125,1.581865414752539
human_single,42,pn2H6YeOv2,6.0,5.382033751094082,5.5,0.11796624890591811,Accept,1,0.6328968916259935,1.5846524013381211
human_single,42,pn2H6YeOv2,4.0,4.116239967842095,5.5,1.3837600321579053,Accept,1,0.6328968916259935,1.5846524013381211
human_single,42,pn2H6YeOv2,6.0,5.382033751094082,5.5,0.11796624890591811,Accept,1,0.6328968916259935,1.5846524013381211
human_single,42,pn2H6YeOv2,6.0,5.382033751094082,5.5,0.11796624890591811,Accept,1,0.6328968916259935,1.5846524013381211
human_single,43,f4B4ohWO53,2.0,2.8520750379521664,3.33,0.47792496204783363,Reject,0,0.6329895669874916,1.5860959039771831
human_single,43,f4B4ohWO53,4.0,4.11805417192715,3.33,0.7880541719271497,Reject,0,0.6329895669874916,1.5860959039771831
human_single,43,f4B4ohWO53,4.0,4.11805417192715,3.33,0.7880541719271497,Reject,0,0.6329895669874916,1.5860959039771831
human_single,44,c2ozZYoZFd,2.0,2.853085908754675,2.67,0.18308590875467523,Reject,0,0.6327546635057699,1.587576581743135
human_single,44,c2ozZYoZFd,4.0,4.118595235766215,2.67,1.4485952357662146,Reject,0,0.6327546635057699,1.587576581743135
human_single,44,c2ozZYoZFd,2.0,2.853085908754675,2.67,0.18308590875467523,Reject,0,0.6327546635057699,1.587576581743135
human_single,45,SsUjdSVdUl,6.0,5.382925249575155,5.0,0.3829252495751554,Accept,1,0.6331423770729745,1.584070987137308
human_single,45,SsUjdSVdUl,4.0,4.1166404954292055,5.0,0.8833595045707945,Accept,1,0.6331423770729745,1.584070987137308
human_single,45,SsUjdSVdUl,4.0,4.1166404954292055,5.0,0.8833595045707945,Accept,1,0.6331423770729745,1.584070987137308
human_single,45,SsUjdSVdUl,6.0,5.382925249575155,5.0,0.3829252495751554,Accept,1,0.6331423770729745,1.584070987137308
human_single,46,lWdxX5s9T1,4.0,4.117118805967473,4.5,0.3828811940325272,Accept,1,0.6331423502977302,1.5845494047765516
human_single,46,lWdxX5s9T1,6.0,5.383403506562933,4.5,0.8834035065629333,Accept,1,0.6331423502977302,1.5845494047765516
human_single,46,lWdxX5s9T1,4.0,4.117118805967473,4.5,0.3828811940325272,Accept,1,0.6331423502977302,1.5845494047765516
human_single,46,lWdxX5s9T1,4.0,4.117118805967473,4.5,0.3828811940325272,Accept,1,0.6331423502977302,1.5845494047765516
human_single,47,JhziZbaefH,2.0,2.854124061294759,2.5,0.35412406129475915,Reject,0,0.6325501093589,1.589023842576959
human_single,47,JhziZbaefH,2.0,2.854124061294759,2.5,0.35412406129475915,Reject,0,0.6325501093589,1.589023842576959
human_single,47,JhziZbaefH,4.0,4.119224280012559,2.5,1.619224280012559,Reject,0,0.6325501093589,1.589023842576959
human_single,47,JhziZbaefH,2.0,2.854124061294759,2.5,0.35412406129475915,Reject,0,0.6325501093589,1.589023842576959
human_single,48,RpDJz00zNh,4.0,4.117118805967473,4.5,0.3828811940325272,Reject,0,0.6331423502977302,1.5845494047765516
human_single,48,RpDJz00zNh,6.0,5.383403506562933,4.5,0.8834035065629333,Reject,0,0.6331423502977302,1.5845494047765516
human_single,48,RpDJz00zNh,4.0,4.117118805967473,4.5,0.3828811940325272,Reject,0,0.6331423502977302,1.5845494047765516
human_single,48,RpDJz00zNh,4.0,4.117118805967473,4.5,0.3828811940325272,Reject,0,0.6331423502977302,1.5845494047765516
human_single,49,NcvmuiLuZn,4.0,4.119224280012559,2.5,1.619224280012559,Reject,0,0.6325501093589,1.5890238425769592
human_single,49,NcvmuiLuZn,2.0,2.854124061294759,2.5,0.35412406129475915,Reject,0,0.6325501093589,1.5890238425769592
human_single,49,NcvmuiLuZn,2.0,2.854124061294759,2.5,0.35412406129475915,Reject,0,0.6325501093589,1.5890238425769592
human_single,49,NcvmuiLuZn,2.0,2.854124061294759,2.5,0.35412406129475915,Reject,0,0.6325501093589,1.5890238425769592
human_single,50,Hf7jMztvve,2.0,2.849395390915455,4.67,1.820604609084545,Reject,0,0.6337269873440378,1.5819414162273797
human_single,50,Hf7jMztvve,6.0,5.384303340291606,4.67,0.7143033402916057,Reject,0,0.6337269873440378,1.5819414162273797
human_single,50,Hf7jMztvve,6.0,5.384303340291606,4.67,0.7143033402916057,Reject,0,0.6337269873440378,1.5819414162273797
human_single,51,RlMCc0JTu4,0.0,1.6045482741499706,0.0,1.6045482741499706,Reject,0,0.6295188060586907,1.6045482741499706
human_single,51,RlMCc0JTu4,0.0,1.6045482741499706,0.0,1.6045482741499706,Reject,0,0.6295188060586907,1.6045482741499706
human_single,51,RlMCc0JTu4,0.0,1.6045482741499706,0.0,1.6045482741499706,Reject,0,0.6295188060586907,1.6045482741499706
human_single,51,RlMCc0JTu4,0.0,1.6045482741499706,0.0,1.6045482741499706,Reject,0,0.6295188060586907,1.6045482741499706
human_single,52,WxTlAbRUE6,2.0,2.854124061294759,2.5,0.35412406129475915,Reject,0,0.6325501093589,1.5890238425769592
human_single,52,WxTlAbRUE6,4.0,4.119224280012559,2.5,1.619224280012559,Reject,0,0.6325501093589,1.5890238425769592
human_single,52,WxTlAbRUE6,2.0,2.854124061294759,2.5,0.35412406129475915,Reject,0,0.6325501093589,1.5890238425769592
human_single,52,WxTlAbRUE6,2.0,2.854124061294759,2.5,0.35412406129475915,Reject,0,0.6325501093589,1.5890238425769592
human_single,53,7L7kmHHfgf,4.0,4.116239967842095,5.5,1.3837600321579053,Accept,1,0.6328968916259935,1.5846524013381211
human_single,53,7L7kmHHfgf,6.0,5.382033751094082,5.5,0.11796624890591811,Accept,1,0.6328968916259935,1.5846524013381211
human_single,53,7L7kmHHfgf,6.0,5.382033751094082,5.5,0.11796624890591811,Accept,1,0.6328968916259935,1.5846524013381211
human_single,53,7L7kmHHfgf,6.0,5.382033751094082,5.5,0.11796624890591811,Accept,1,0.6328968916259935,1.5846524013381211
human_single,54,5asbtzIVpS,4.0,4.116043048641782,5.5,1.3839569513582184,Accept,1,0.6335184431759125,1.5819692759381316
human_single,54,5asbtzIVpS,6.0,5.383079934993607,5.5,0.11692006500639263,Accept,1,0.6335184431759125,1.5819692759381316
human_single,54,5asbtzIVpS,4.0,4.116043048641782,5.5,1.3839569513582184,Accept,1,0.6335184431759125,1.5819692759381316
human_single,54,5asbtzIVpS,8.0,6.650116821345432,5.5,1.1501168213454322,Accept,1,0.6335184431759125,1.5819692759381316
human_single,55,kpLRYtPGt3,6.0,5.378960093399784,7.0,1.621039906600216,Accept,1,0.6319261140940016,1.587403408835775
human_single,55,kpLRYtPGt3,8.0,6.642812321587788,7.0,0.35718767841221233,Accept,1,0.6319261140940016,1.587403408835775
human_single,55,kpLRYtPGt3,6.0,5.378960093399784,7.0,1.621039906600216,Accept,1,0.6319261140940016,1.587403408835775
human_single,55,kpLRYtPGt3,8.0,6.642812321587788,7.0,0.35718767841221233,Accept,1,0.6319261140940016,1.587403408835775
human_single,56,oiz0QHejVj,4.0,4.117118805967473,4.5,0.3828811940325272,Reject,0,0.6331423502977302,1.5845494047765516
human_single,56,oiz0QHejVj,6.0,5.383403506562933,4.5,0.8834035065629333,Reject,0,0.6331423502977302,1.5845494047765516
human_single,56,oiz0QHejVj,4.0,4.117118805967473,4.5,0.3828811940325272,Reject,0,0.6331423502977302,1.5845494047765516
human_single,56,oiz0QHejVj,4.0,4.117118805967473,4.5,0.3828811940325272,Reject,0,0.6331423502977302,1.5845494047765516
human_single,57,VjGU55hEwV,2.0,2.854124061294759,2.5,0.35412406129475915,Reject,0,0.6325501093589,1.589023842576959
human_single,57,VjGU55hEwV,2.0,2.854124061294759,2.5,0.35412406129475915,Reject,0,0.6325501093589,1.589023842576959
human_single,57,VjGU55hEwV,2.0,2.854124061294759,2.5,0.35412406129475915,Reject,0,0.6325501093589,1.589023842576959
human_single,57,VjGU55hEwV,4.0,4.119224280012559,2.5,1.619224280012559,Reject,0,0.6325501093589,1.589023842576959
human_single,58,6P5sAycAQr,6.0,5.38549380739526,3.0,2.3854938073952603,Reject,0,0.6335332428243913,1.5842943504489129
human_single,58,6P5sAycAQr,2.0,2.8513608360976956,3.0,0.14863916390230436,Reject,0,0.6335332428243913,1.5842943504489129
human_single,58,6P5sAycAQr,2.0,2.8513608360976956,3.0,0.14863916390230436,Reject,0,0.6335332428243913,1.5842943504489129
human_single,58,6P5sAycAQr,2.0,2.8513608360976956,3.0,0.14863916390230436,Reject,0,0.6335332428243913,1.5842943504489129
human_single,59,zqA7Q9Q21L,8.0,6.6516296684983,5.6,1.0516296684983004,Accept,1,0.6340382935212271,1.5793233203284838
human_single,59,zqA7Q9Q21L,4.0,4.115476494413392,5.6,1.4845235055866075,Accept,1,0.6340382935212271,1.5793233203284838
human_single,59,zqA7Q9Q21L,4.0,4.115476494413392,5.6,1.4845235055866075,Accept,1,0.6340382935212271,1.5793233203284838
human_single,59,zqA7Q9Q21L,8.0,6.6516296684983,5.6,1.0516296684983004,Accept,1,0.6340382935212271,1.5793233203284838
human_single,59,zqA7Q9Q21L,4.0,4.115476494413392,5.6,1.4845235055866075,Accept,1,0.6340382935212271,1.5793233203284838
human_single,60,2cq8FyBfDk,2.0,2.8497730230684466,3.2,0.3502269769315536,Reject,0,0.6342498471746371,1.5812733287191725
human_single,60,2cq8FyBfDk,0.0,1.5812733287191725,3.2,1.6187266712808277,Reject,0,0.6342498471746371,1.5812733287191725
human_single,60,2cq8FyBfDk,4.0,4.118272717417721,3.2,0.9182727174177208,Reject,0,0.6342498471746371,1.5812733287191725
human_single,60,2cq8FyBfDk,4.0,4.118272717417721,3.2,0.9182727174177208,Reject,0,0.6342498471746371,1.5812733287191725
human_single,60,2cq8FyBfDk,6.0,5.386772411766994,3.2,2.186772411766994,Reject,0,0.6342498471746371,1.5812733287191725
human_single,61,55GsILa8c9,6.0,5.381774167518426,6.0,0.6182258324815741,Reject,0,0.6330269245252567,1.5836126203668854
human_single,61,55GsILa8c9,4.0,4.115720318467912,6.0,1.884279681532088,Reject,0,0.6330269245252567,1.5836126203668854
human_single,61,55GsILa8c9,6.0,5.381774167518426,6.0,0.6182258324815741,Reject,0,0.6330269245252567,1.5836126203668854
human_single,61,55GsILa8c9,8.0,6.647828016568939,6.0,0.6478280165689387,Reject,0,0.6330269245252567,1.5836126203668854
human_single,62,X2yzXtH4wp,6.0,5.382590561479578,5.33,0.05259056147957786,Accept,1,0.6329847063792213,1.5846823232042497
human_single,62,X2yzXtH4wp,6.0,5.382590561479578,5.33,0.05259056147957786,Accept,1,0.6329847063792213,1.5846823232042497
human_single,62,X2yzXtH4wp,4.0,4.116621148721135,5.33,1.2133788512788648,Accept,1,0.6329847063792213,1.5846823232042497
human_single,63,i9q9xDMjG7,8.0,6.644630306982827,6.5,0.14463030698282697,Accept,1,0.632289156510728,1.5863170548970027
human_single,63,i9q9xDMjG7,6.0,5.380051993961371,6.5,1.119948006038629,Accept,1,0.632289156510728,1.5863170548970027
human_single,63,i9q9xDMjG7,6.0,5.380051993961371,6.5,1.119948006038629,Accept,1,0.632289156510728,1.5863170548970027
human_single,63,i9q9xDMjG7,6.0,5.380051993961371,6.5,1.119948006038629,Accept,1,0.632289156510728,1.5863170548970027
human_single,64,2PJkG6aV4A,4.0,4.115523910504363,6.0,1.884476089495637,Reject,0,0.6336494241452565,1.5809262139233373
human_single,64,2PJkG6aV4A,8.0,6.6501216070853895,6.0,0.6501216070853895,Reject,0,0.6336494241452565,1.5809262139233373
human_single,64,2PJkG6aV4A,8.0,6.6501216070853895,6.0,0.6501216070853895,Reject,0,0.6336494241452565,1.5809262139233373
human_single,64,2PJkG6aV4A,4.0,4.115523910504363,6.0,1.884476089495637,Reject,0,0.6336494241452565,1.5809262139233373
human_single,65,ocmGsqQWG2,2.0,2.8560167503500837,2.0,0.8560167503500837,Reject,0,0.6319423500456725,1.5921320502587388
human_single,65,ocmGsqQWG2,2.0,2.8560167503500837,2.0,0.8560167503500837,Reject,0,0.6319423500456725,1.5921320502587388
human_single,65,ocmGsqQWG2,2.0,2.8560167503500837,2.0,0.8560167503500837,Reject,0,0.6319423500456725,1.5921320502587388
human_single,65,ocmGsqQWG2,2.0,2.8560167503500837,2.0,0.8560167503500837,Reject,0,0.6319423500456725,1.5921320502587388
human_single,66,xVB9AivJa5,0.0,1.592203345626048,1.33,0.26220334562604797,Reject,0,0.6319093169373524,1.592203345626048
human_single,66,xVB9AivJa5,2.0,2.8560219795007526,1.33,1.5260219795007526,Reject,0,0.6319093169373524,1.592203345626048
human_single,66,xVB9AivJa5,2.0,2.8560219795007526,1.33,1.5260219795007526,Reject,0,0.6319093169373524,1.592203345626048
human_single,67,JjJzbMDGsx,8.0,6.642812321587788,7.0,0.35718767841221233,Accept,1,0.6319261140940016,1.587403408835775
human_single,67,JjJzbMDGsx,6.0,5.378960093399784,7.0,1.621039906600216,Accept,1,0.6319261140940016,1.587403408835775
human_single,67,JjJzbMDGsx,6.0,5.378960093399784,7.0,1.621039906600216,Accept,1,0.6319261140940016,1.587403408835775
human_single,67,JjJzbMDGsx,8.0,6.642812321587788,7.0,0.35718767841221233,Accept,1,0.6319261140940016,1.587403408835775
human_single,68,eETr3lrOQB,4.0,4.116721447955106,4.5,0.383278552044894,Accept,1,0.6343863241568662,1.5791761513276406
human_single,68,eETr3lrOQB,8.0,6.6542667445825705,4.5,2.1542667445825705,Accept,1,0.6343863241568662,1.5791761513276406
human_single,68,eETr3lrOQB,2.0,2.8479487996413733,4.5,1.6520512003586267,Accept,1,0.6343863241568662,1.5791761513276406
human_single,68,eETr3lrOQB,4.0,4.116721447955106,4.5,0.383278552044894,Accept,1,0.6343863241568662,1.5791761513276406
human_single,69,lJqssVKeR7,8.0,6.649334770535733,5.6,1.049334770535733,Accept,1,0.6334154042548291,1.5820115364970992
human_single,69,lJqssVKeR7,4.0,4.115673153516416,5.6,1.484326846483584,Accept,1,0.6334154042548291,1.5820115364970992
human_single,69,lJqssVKeR7,6.0,5.382503962026075,5.6,0.21749603797392503,Accept,1,0.6334154042548291,1.5820115364970992
human_single,69,lJqssVKeR7,4.0,4.115673153516416,5.6,1.484326846483584,Accept,1,0.6334154042548291,1.5820115364970992
human_single,69,lJqssVKeR7,6.0,5.382503962026075,5.6,0.21749603797392503,Accept,1,0.6334154042548291,1.5820115364970992
human_single,70,wVGfJxM2Nz,2.0,2.8560167503500837,2.0,0.8560167503500837,Reject,0,0.6319423500456725,1.5921320502587388
human_single,70,wVGfJxM2Nz,2.0,2.8560167503500837,2.0,0.8560167503500837,Reject,0,0.6319423500456725,1.5921320502587388
human_single,70,wVGfJxM2Nz,2.0,2.8560167503500837,2.0,0.8560167503500837,Reject,0,0.6319423500456725,1.5921320502587388
human_single,70,wVGfJxM2Nz,2.0,2.8560167503500837,2.0,0.8560167503500837,Reject,0,0.6319423500456725,1.5921320502587388
human_single,71,b8TlYh6PN6,8.0,6.636429919357635,8.0,1.363570080642365,Accept,1,0.6304564481085897,1.5927783344889177
human_single,71,b8TlYh6PN6,8.0,6.636429919357635,8.0,1.363570080642365,Accept,1,0.6304564481085897,1.5927783344889177
human_single,71,b8TlYh6PN6,8.0,6.636429919357635,8.0,1.363570080642365,Accept,1,0.6304564481085897,1.5927783344889177
human_single,71,b8TlYh6PN6,8.0,6.636429919357635,8.0,1.363570080642365,Accept,1,0.6304564481085897,1.5927783344889177
human_single,72,20DsUSauCj,2.0,2.8520750379521664,3.33,0.47792496204783363,Reject,0,0.6329895669874916,1.5860959039771831
human_single,72,20DsUSauCj,4.0,4.11805417192715,3.33,0.7880541719271497,Reject,0,0.6329895669874916,1.5860959039771831
human_single,72,20DsUSauCj,4.0,4.11805417192715,3.33,0.7880541719271497,Reject,0,0.6329895669874916,1.5860959039771831
human_single,73,ulXBsAYSwU,2.0,2.8560219795007526,1.33,1.5260219795007526,Reject,0,0.6319093169373524,1.5922033456260478
human_single,73,ulXBsAYSwU,2.0,2.8560219795007526,1.33,1.5260219795007526,Reject,0,0.6319093169373524,1.5922033456260478
human_single,73,ulXBsAYSwU,0.0,1.5922033456260478,1.33,0.26220334562604775,Reject,0,0.6319093169373524,1.5922033456260478
human_single,74,8J3GTeQmwl,4.0,4.1160430486417825,5.5,1.3839569513582175,Accept,1,0.6335184431759127,1.581969275938132
human_single,74,8J3GTeQmwl,8.0,6.650116821345433,5.5,1.1501168213454331,Accept,1,0.6335184431759127,1.581969275938132
human_single,74,8J3GTeQmwl,4.0,4.1160430486417825,5.5,1.3839569513582175,Accept,1,0.6335184431759127,1.581969275938132
human_single,74,8J3GTeQmwl,6.0,5.383079934993608,5.5,0.11692006500639174,Accept,1,0.6335184431759127,1.581969275938132
human_single,75,qPbDM5L8tE,2.0,2.854124061294759,2.5,0.35412406129475915,Reject,0,0.6325501093589,1.589023842576959
human_single,75,qPbDM5L8tE,2.0,2.854124061294759,2.5,0.35412406129475915,Reject,0,0.6325501093589,1.589023842576959
human_single,75,qPbDM5L8tE,2.0,2.854124061294759,2.5,0.35412406129475915,Reject,0,0.6325501093589,1.589023842576959
human_single,75,qPbDM5L8tE,4.0,4.119224280012559,2.5,1.619224280012559,Reject,0,0.6325501093589,1.589023842576959
human_single,76,nxmBUymHIQ,4.0,4.116721447955104,4.5,0.3832785520448958,Reject,0,0.6343863241568662,1.5791761513276397
human_single,76,nxmBUymHIQ,2.0,2.8479487996413724,4.5,1.6520512003586276,Reject,0,0.6343863241568662,1.5791761513276397
human_single,76,nxmBUymHIQ,4.0,4.116721447955104,4.5,0.3832785520448958,Reject,0,0.6343863241568662,1.5791761513276397
human_single,76,nxmBUymHIQ,8.0,6.65426674458257,4.5,2.1542667445825696,Reject,0,0.6343863241568662,1.5791761513276397
human_single,77,uP6RDWHcs7,2.0,2.8560219795007526,1.33,1.5260219795007526,Reject,0,0.6319093169373524,1.5922033456260478
human_single,77,uP6RDWHcs7,0.0,1.5922033456260478,1.33,0.26220334562604775,Reject,0,0.6319093169373524,1.5922033456260478
human_single,77,uP6RDWHcs7,2.0,2.8560219795007526,1.33,1.5260219795007526,Reject,0,0.6319093169373524,1.5922033456260478
human_single,78,m18MXVdrV9,4.0,4.116239967842095,5.5,1.3837600321579053,Accept,1,0.6328968916259935,1.5846524013381211
human_single,78,m18MXVdrV9,6.0,5.382033751094082,5.5,0.11796624890591811,Accept,1,0.6328968916259935,1.5846524013381211
human_single,78,m18MXVdrV9,6.0,5.382033751094082,5.5,0.11796624890591811,Accept,1,0.6328968916259935,1.5846524013381211
human_single,78,m18MXVdrV9,6.0,5.382033751094082,5.5,0.11796624890591811,Accept,1,0.6328968916259935,1.5846524013381211
human_single,79,U6ROetm5nW,8.0,6.656562766730434,4.5,2.156562766730434,Reject,0,0.6350101459731652,1.5764815989451126
human_single,79,U6ROetm5nW,6.0,5.386542474784104,4.5,0.886542474784104,Reject,0,0.6350101459731652,1.5764815989451126
human_single,79,U6ROetm5nW,2.0,2.8465018908914432,4.5,1.6534981091085568,Reject,0,0.6350101459731652,1.5764815989451126
human_single,79,U6ROetm5nW,2.0,2.8465018908914432,4.5,1.6534981091085568,Reject,0,0.6350101459731652,1.5764815989451126
human_single,80,QSPKIO3XV8,0.0,1.5842943504489129,3.0,1.4157056495510871,Reject,0,0.6335332428243913,1.5842943504489129
human_single,80,QSPKIO3XV8,4.0,4.118427321746478,3.0,1.118427321746478,Reject,0,0.6335332428243913,1.5842943504489129
human_single,80,QSPKIO3XV8,4.0,4.118427321746478,3.0,1.118427321746478,Reject,0,0.6335332428243913,1.5842943504489129
human_single,80,QSPKIO3XV8,4.0,4.118427321746478,3.0,1.118427321746478,Reject,0,0.6335332428243913,1.5842943504489129
human_single,81,OUQ8kLRK3m,6.0,5.385557356626047,4.0,1.3855573566260473,Reject,0,0.6341401339535517,1.5807165529047371
human_single,81,OUQ8kLRK3m,2.0,2.8489968208118404,4.0,1.1510031791881596,Reject,0,0.6341401339535517,1.5807165529047371
human_single,81,OUQ8kLRK3m,2.0,2.8489968208118404,4.0,1.1510031791881596,Reject,0,0.6341401339535517,1.5807165529047371
human_single,81,OUQ8kLRK3m,6.0,5.385557356626047,4.0,1.3855573566260473,Reject,0,0.6341401339535517,1.5807165529047371
human_single,82,WwDNiisZQm,6.0,5.384512601946316,4.0,1.3845126019463159,Accept,1,0.6335179857863549,1.583404687228187
human_single,82,WwDNiisZQm,2.0,2.850440658800897,4.0,1.1495593411991032,Accept,1,0.6335179857863549,1.583404687228187
human_single,82,WwDNiisZQm,4.0,4.117476630373607,4.0,0.11747663037360656,Accept,1,0.6335179857863549,1.583404687228187
human_single,82,WwDNiisZQm,4.0,4.117476630373607,4.0,0.11747663037360656,Accept,1,0.6335179857863549,1.583404687228187
human_single,83,6vX0LH9Yt7,4.0,4.118628356686891,3.0,1.1186283566868909,Reject,0,0.6329114936336994,1.5869823821520932
human_single,83,6vX0LH9Yt7,4.0,4.118628356686891,3.0,1.1186283566868909,Reject,0,0.6329114936336994,1.5869823821520932
human_single,83,6vX0LH9Yt7,2.0,2.852805369419492,3.0,0.14719463058050808,Reject,0,0.6329114936336994,1.5869823821520932
human_single,83,6vX0LH9Yt7,2.0,2.852805369419492,3.0,0.14719463058050808,Reject,0,0.6329114936336994,1.5869823821520932
human_single,84,XIAta0WOJ6,8.0,6.647828016568939,6.0,0.6478280165689387,Accept,1,0.6330269245252568,1.583612620366885
human_single,84,XIAta0WOJ6,6.0,5.381774167518426,6.0,0.6182258324815741,Accept,1,0.6330269245252568,1.583612620366885
human_single,84,XIAta0WOJ6,6.0,5.381774167518426,6.0,0.6182258324815741,Accept,1,0.6330269245252568,1.583612620366885
human_single,84,XIAta0WOJ6,4.0,4.115720318467912,6.0,1.884279681532088,Accept,1,0.6330269245252568,1.583612620366885
human_single,85,mHRuCmc9lo,6.0,5.379318107830284,7.33,1.9506818921697162,Accept,1,0.6318946273259274,1.5879503438747198
human_single,85,mHRuCmc9lo,8.0,6.643107362482139,7.33,0.686892637517861,Accept,1,0.6318946273259274,1.5879503438747198
human_single,85,mHRuCmc9lo,8.0,6.643107362482139,7.33,0.686892637517861,Accept,1,0.6318946273259274,1.5879503438747198
human_single,86,kMfVTka2WB,2.0,2.8560167503500837,2.0,0.8560167503500837,Reject,0,0.6319423500456725,1.5921320502587388
human_single,86,kMfVTka2WB,2.0,2.8560167503500837,2.0,0.8560167503500837,Reject,0,0.6319423500456725,1.5921320502587388
human_single,86,kMfVTka2WB,2.0,2.8560167503500837,2.0,0.8560167503500837,Reject,0,0.6319423500456725,1.5921320502587388
human_single,86,kMfVTka2WB,2.0,2.8560167503500837,2.0,0.8560167503500837,Reject,0,0.6319423500456725,1.5921320502587388
human_single,87,SkmkGKEZ1U,0.0,1.5998239328382662,0.5,1.0998239328382662,Reject,0,0.6304983569747198,1.5998239328382662
human_single,87,SkmkGKEZ1U,0.0,1.5998239328382662,0.5,1.0998239328382662,Reject,0,0.6304983569747198,1.5998239328382662
human_single,87,SkmkGKEZ1U,2.0,2.8608206467877055,0.5,2.3608206467877055,Reject,0,0.6304983569747198,1.5998239328382662
human_single,87,SkmkGKEZ1U,0.0,1.5998239328382662,0.5,1.0998239328382662,Reject,0,0.6304983569747198,1.5998239328382662
human_single,88,yPfBP3EFGG,4.0,4.118112562044916,3.5,0.6181125620449164,Reject,0,0.6330269834475468,1.5860046282547289
human_single,88,yPfBP3EFGG,4.0,4.118112562044916,3.5,0.6181125620449164,Reject,0,0.6330269834475468,1.5860046282547289
human_single,88,yPfBP3EFGG,2.0,2.8520585951498223,3.5,0.6479414048501777,Reject,0,0.6330269834475468,1.5860046282547289
human_single,88,yPfBP3EFGG,4.0,4.118112562044916,3.5,0.6181125620449164,Reject,0,0.6330269834475468,1.5860046282547289
human_single,89,TjAhTNzRub,4.0,4.117118805967473,4.5,0.3828811940325272,Reject,0,0.6331423502977302,1.5845494047765516
human_single,89,TjAhTNzRub,6.0,5.383403506562933,4.5,0.8834035065629333,Reject,0,0.6331423502977302,1.5845494047765516
human_single,89,TjAhTNzRub,4.0,4.117118805967473,4.5,0.3828811940325272,Reject,0,0.6331423502977302,1.5845494047765516
human_single,89,TjAhTNzRub,4.0,4.117118805967473,4.5,0.3828811940325272,Reject,0,0.6331423502977302,1.5845494047765516
human_single,90,s7gSTR2AqA,4.0,4.116082622431454,6.0,1.8839173775685456,Accept,1,0.6331546801805229,1.5834639017093624
human_single,90,s7gSTR2AqA,8.0,6.6487013431535456,6.0,0.6487013431535456,Accept,1,0.6331546801805229,1.5834639017093624
human_single,90,s7gSTR2AqA,6.0,5.3823919827925,6.0,0.6176080172075,Accept,1,0.6331546801805229,1.5834639017093624
human_single,91,PFhrOUJZ5o,4.0,4.1166404954292055,5.0,0.8833595045707945,Reject,0,0.6331423770729745,1.584070987137308
human_single,91,PFhrOUJZ5o,4.0,4.1166404954292055,5.0,0.8833595045707945,Reject,0,0.6331423770729745,1.584070987137308
human_single,91,PFhrOUJZ5o,6.0,5.382925249575155,5.0,0.3829252495751554,Reject,0,0.6331423770729745,1.584070987137308
human_single,91,PFhrOUJZ5o,6.0,5.382925249575155,5.0,0.3829252495751554,Reject,0,0.6331423770729745,1.584070987137308
human_single,92,Iq1fNZus2W,2.0,2.852805369419492,3.0,0.14719463058050808,Reject,0,0.6329114936336994,1.5869823821520932
human_single,92,Iq1fNZus2W,2.0,2.852805369419492,3.0,0.14719463058050808,Reject,0,0.6329114936336994,1.5869823821520932
human_single,92,Iq1fNZus2W,4.0,4.118628356686891,3.0,1.1186283566868909,Reject,0,0.6329114936336994,1.5869823821520932
human_single,92,Iq1fNZus2W,4.0,4.118628356686891,3.0,1.1186283566868909,Reject,0,0.6329114936336994,1.5869823821520932
human_single,93,yBpzF8hp3J,6.0,5.38005199396137,6.5,1.11994800603863,Accept,1,0.6322891565107279,1.5863170548970031
human_single,93,yBpzF8hp3J,6.0,5.38005199396137,6.5,1.11994800603863,Accept,1,0.6322891565107279,1.5863170548970031
human_single,93,yBpzF8hp3J,6.0,5.38005199396137,6.5,1.11994800603863,Accept,1,0.6322891565107279,1.5863170548970031
human_single,93,yBpzF8hp3J,8.0,6.644630306982826,6.5,0.14463030698282608,Accept,1,0.6322891565107279,1.5863170548970031
human_single,94,mkl9iIXIr2,4.0,4.116621148721135,5.33,1.2133788512788648,Accept,1,0.6329847063792213,1.5846823232042497
human_single,94,mkl9iIXIr2,6.0,5.382590561479578,5.33,0.05259056147957786,Accept,1,0.6329847063792213,1.5846823232042497
human_single,94,mkl9iIXIr2,6.0,5.382590561479578,5.33,0.05259056147957786,Accept,1,0.6329847063792213,1.5846823232042497
human_single,95,a4S1nQay3b,8.0,6.642812321587788,7.0,0.35718767841221233,Accept,1,0.6319261140940016,1.5874034088357751
human_single,95,a4S1nQay3b,6.0,5.378960093399785,7.0,1.621039906600215,Accept,1,0.6319261140940016,1.5874034088357751
human_single,95,a4S1nQay3b,6.0,5.378960093399785,7.0,1.621039906600215,Accept,1,0.6319261140940016,1.5874034088357751
human_single,95,a4S1nQay3b,8.0,6.642812321587788,7.0,0.35718767841221233,Accept,1,0.6319261140940016,1.5874034088357751
human_single,96,xFo13SaHQm,6.0,5.380051993961372,6.5,1.1199480060386282,Accept,1,0.6322891565107281,1.5863170548970027
human_single,96,xFo13SaHQm,6.0,5.380051993961372,6.5,1.1199480060386282,Accept,1,0.6322891565107281,1.5863170548970027
human_single,96,xFo13SaHQm,6.0,5.380051993961372,6.5,1.1199480060386282,Accept,1,0.6322891565107281,1.5863170548970027
human_single,96,xFo13SaHQm,8.0,6.644630306982828,6.5,0.14463030698282786,Accept,1,0.6322891565107281,1.5863170548970027
human_single,97,P1qlqfRtgo,2.0,2.8560167503500837,2.0,0.8560167503500837,Reject,0,0.6319423500456725,1.5921320502587388
human_single,97,P1qlqfRtgo,2.0,2.8560167503500837,2.0,0.8560167503500837,Reject,0,0.6319423500456725,1.5921320502587388
human_single,97,P1qlqfRtgo,2.0,2.8560167503500837,2.0,0.8560167503500837,Reject,0,0.6319423500456725,1.5921320502587388
human_single,97,P1qlqfRtgo,2.0,2.8560167503500837,2.0,0.8560167503500837,Reject,0,0.6319423500456725,1.5921320502587388
human_single,98,6i1jVAYbHs,4.0,4.115523910504365,6.0,1.8844760894956352,Accept,1,0.6336494241452567,1.5809262139233378
human_single,98,6i1jVAYbHs,4.0,4.115523910504365,6.0,1.8844760894956352,Accept,1,0.6336494241452567,1.5809262139233378
human_single,98,6i1jVAYbHs,8.0,6.650121607085391,6.0,0.6501216070853912,Accept,1,0.6336494241452567,1.5809262139233378
human_single,98,6i1jVAYbHs,8.0,6.650121607085391,6.0,0.6501216070853912,Accept,1,0.6336494241452567,1.5809262139233378
human_single,99,D5PJX02Jki,8.0,6.647828016568939,6.0,0.6478280165689387,Accept,1,0.6330269245252567,1.5836126203668854
human_single,99,D5PJX02Jki,6.0,5.381774167518426,6.0,0.6182258324815741,Accept,1,0.6330269245252567,1.5836126203668854
human_single,99,D5PJX02Jki,4.0,4.115720318467912,6.0,1.884279681532088,Accept,1,0.6330269245252567,1.5836126203668854
human_single,99,D5PJX02Jki,6.0,5.381774167518426,6.0,0.6182258324815741,Accept,1,0.6330269245252567,1.5836126203668854
human_single,100,173Pq3F31r,8.0,6.654708911386493,5.5,1.1547089113864928,Accept,1,0.6347652159410386,1.5765871838581835
human_single,100,173Pq3F31r,8.0,6.654708911386493,5.5,1.1547089113864928,Accept,1,0.6347652159410386,1.5765871838581835
human_single,100,173Pq3F31r,4.0,4.115648047622338,5.5,1.3843519523776617,Accept,1,0.6347652159410386,1.5765871838581835
human_single,100,173Pq3F31r,2.0,2.846117615740261,5.5,2.653882384259739,Accept,1,0.6347652159410386,1.5765871838581835
human_single,101,lbLAgGF8OO,8.0,6.640080394211665,7.5,0.8599196057883347,Accept,1,0.6313155398940824,1.5895560750590063
human_single,101,lbLAgGF8OO,6.0,5.377449314423501,7.5,2.122550685576499,Accept,1,0.6313155398940824,1.5895560750590063
human_single,101,lbLAgGF8OO,8.0,6.640080394211665,7.5,0.8599196057883347,Accept,1,0.6313155398940824,1.5895560750590063
human_single,101,lbLAgGF8OO,8.0,6.640080394211665,7.5,0.8599196057883347,Accept,1,0.6313155398940824,1.5895560750590063
human_single,102,3YKeB9R1g9,8.0,6.639600870128796,8.0,1.3603991298712037,Accept,1,0.6310755009978257,1.5909968621461903
human_single,102,3YKeB9R1g9,8.0,6.639600870128796,8.0,1.3603991298712037,Accept,1,0.6310755009978257,1.5909968621461903
human_single,102,3YKeB9R1g9,8.0,6.639600870128796,8.0,1.3603991298712037,Accept,1,0.6310755009978257,1.5909968621461903
human_single,103,dIOYpj9K8P,6.0,5.380591598277897,6.67,1.2894084017221026,Accept,1,0.6323735898517311,1.5863500591675108
human_single,103,dIOYpj9K8P,8.0,6.64533877798136,6.67,0.02466122201863996,Accept,1,0.6323735898517311,1.5863500591675108
human_single,103,dIOYpj9K8P,6.0,5.380591598277897,6.67,1.2894084017221026,Accept,1,0.6323735898517311,1.5863500591675108
human_single,104,Pa6ak2B9jJ,6.0,5.382590561479579,5.33,0.052590561479578746,Accept,1,0.6329847063792214,1.5846823232042497
human_single,104,Pa6ak2B9jJ,6.0,5.382590561479579,5.33,0.052590561479578746,Accept,1,0.6329847063792214,1.5846823232042497
human_single,104,Pa6ak2B9jJ,4.0,4.116621148721135,5.33,1.2133788512788648,Accept,1,0.6329847063792214,1.5846823232042497
human_single,105,FlcMckO6x5,6.0,5.381774167518427,6.0,0.6182258324815733,Accept,1,0.6330269245252569,1.5836126203668854
human_single,105,FlcMckO6x5,8.0,6.6478280165689405,6.0,0.6478280165689405,Accept,1,0.6330269245252569,1.5836126203668854
human_single,105,FlcMckO6x5,4.0,4.115720318467913,6.0,1.884279681532087,Accept,1,0.6330269245252569,1.5836126203668854
human_single,105,FlcMckO6x5,6.0,5.381774167518427,6.0,0.6182258324815733,Accept,1,0.6330269245252569,1.5836126203668854
human_single,106,qSak1Hjfdq,4.0,4.116640495429206,5.0,0.8833595045707936,Accept,1,0.6331423770729745,1.5840709871373084
human_single,106,qSak1Hjfdq,6.0,5.382925249575155,5.0,0.3829252495751554,Accept,1,0.6331423770729745,1.5840709871373084
human_single,106,qSak1Hjfdq,4.0,4.116640495429206,5.0,0.8833595045707936,Accept,1,0.6331423770729745,1.5840709871373084
human_single,106,qSak1Hjfdq,6.0,5.382925249575155,5.0,0.3829252495751554,Accept,1,0.6331423770729745,1.5840709871373084
human_single,107,khHNHzRjMy,6.0,5.38549380739526,3.0,2.3854938073952603,Reject,0,0.6335332428243913,1.5842943504489129
human_single,107,khHNHzRjMy,2.0,2.8513608360976956,3.0,0.14863916390230436,Reject,0,0.6335332428243913,1.5842943504489129
human_single,107,khHNHzRjMy,2.0,2.8513608360976956,3.0,0.14863916390230436,Reject,0,0.6335332428243913,1.5842943504489129
human_single,107,khHNHzRjMy,2.0,2.8513608360976956,3.0,0.14863916390230436,Reject,0,0.6335332428243913,1.5842943504489129
human_single,108,r5Ii1GTEWj,2.0,2.8560167503500837,2.0,0.8560167503500837,Reject,0,0.6319423500456725,1.5921320502587388
human_single,108,r5Ii1GTEWj,2.0,2.8560167503500837,2.0,0.8560167503500837,Reject,0,0.6319423500456725,1.5921320502587388
human_single,108,r5Ii1GTEWj,2.0,2.8560167503500837,2.0,0.8560167503500837,Reject,0,0.6319423500456725,1.5921320502587388
human_single,108,r5Ii1GTEWj,2.0,2.8560167503500837,2.0,0.8560167503500837,Reject,0,0.6319423500456725,1.5921320502587388
human_single,109,VK5G3Ff4Ty,2.0,2.851230299350762,2.5,0.3512302993507621,Reject,0,0.6337949301166343,1.5836404391174934
human_single,109,VK5G3Ff4Ty,6.0,5.3864100198172995,2.5,2.8864100198172995,Reject,0,0.6337949301166343,1.5836404391174934
human_single,109,VK5G3Ff4Ty,0.0,1.5836404391174934,2.5,0.9163595608825066,Reject,0,0.6337949301166343,1.5836404391174934
human_single,109,VK5G3Ff4Ty,2.0,2.851230299350762,2.5,0.3512302993507621,Reject,0,0.6337949301166343,1.5836404391174934
human_single,110,9h2c2rMSY1,2.0,2.8506322233471217,3.33,0.47936777665287833,Reject,0,0.6336109812463974,1.583410260854327
human_single,110,9h2c2rMSY1,2.0,2.8506322233471217,3.33,0.47936777665287833,Reject,0,0.6336109812463974,1.583410260854327
human_single,110,9h2c2rMSY1,6.0,5.385076148332711,3.33,2.055076148332711,Reject,0,0.6336109812463974,1.583410260854327
human_single,111,uXecy0nKiJ,4.0,4.116920321948187,4.5,0.3830796780518133,Reject,0,0.6337637267989122,1.581865414752538
human_single,111,uXecy0nKiJ,2.0,2.849392868350362,4.5,1.6506071316496378,Reject,0,0.6337637267989122,1.581865414752538
human_single,111,uXecy0nKiJ,6.0,5.384447775546011,4.5,0.8844477755460112,Reject,0,0.6337637267989122,1.581865414752538
human_single,111,uXecy0nKiJ,6.0,5.384447775546011,4.5,0.8844477755460112,Reject,0,0.6337637267989122,1.581865414752538
human_single,112,zHdKaF3ZM7,8.0,6.640014415531221,7.2,0.5599855844687793,Accept,1,0.6314077261331972,1.5887526064656434
human_single,112,zHdKaF3ZM7,8.0,6.640014415531221,7.2,0.5599855844687793,Accept,1,0.6314077261331972,1.5887526064656434
human_single,112,zHdKaF3ZM7,6.0,5.377198963264826,7.2,1.8228010367351741,Accept,1,0.6314077261331972,1.5887526064656434
human_single,112,zHdKaF3ZM7,6.0,5.377198963264826,7.2,1.8228010367351741,Accept,1,0.6314077261331972,1.5887526064656434
human_single,112,zHdKaF3ZM7,8.0,6.640014415531221,7.2,0.5599855844687793,Accept,1,0.6314077261331972,1.5887526064656434
human_single,113,ZZFNyU3ZSo,4.0,4.117047706339982,4.67,0.5529522936600175,Reject,0,0.6331056546288373,1.5846250878246333
human_single,113,ZZFNyU3ZSo,4.0,4.117047706339982,4.67,0.5529522936600175,Reject,0,0.6331056546288373,1.5846250878246333
human_single,113,ZZFNyU3ZSo,6.0,5.383259015597657,4.67,0.7132590155976573,Reject,0,0.6331056546288373,1.5846250878246333
human_single,114,BGEdvJ35PV,4.0,4.11805417192715,3.33,0.7880541719271497,Reject,0,0.6329895669874916,1.5860959039771831
human_single,114,BGEdvJ35PV,2.0,2.8520750379521664,3.33,0.47792496204783363,Reject,0,0.6329895669874916,1.5860959039771831
human_single,114,BGEdvJ35PV,4.0,4.11805417192715,3.33,0.7880541719271497,Reject,0,0.6329895669874916,1.5860959039771831
human_single,115,lSM6MtjQcM,2.0,2.8446690747422725,5.5,2.6553309252577275,Accept,1,0.6353904443853016,1.5738881859716694
human_single,115,lSM6MtjQcM,6.0,5.386230852283479,5.5,0.11376914771652125,Accept,1,0.6353904443853016,1.5738881859716694
human_single,115,lSM6MtjQcM,10.0,7.927792629824685,5.5,2.427792629824685,Accept,1,0.6353904443853016,1.5738881859716694
human_single,115,lSM6MtjQcM,4.0,4.115449963512876,5.5,1.3845500364871244,Accept,1,0.6353904443853016,1.5738881859716694
human_single,116,USyGD0eUod,6.0,5.3823919827925,6.0,0.6176080172075,Accept,1,0.6331546801805229,1.5834639017093624
human_single,116,USyGD0eUod,8.0,6.6487013431535456,6.0,0.6487013431535456,Accept,1,0.6331546801805229,1.5834639017093624
human_single,116,USyGD0eUod,4.0,4.116082622431454,6.0,1.8839173775685456,Accept,1,0.6331546801805229,1.5834639017093624
human_single,117,ao7VBbvWIK,2.0,2.855071821026435,1.0,1.855071821026435,Reject,0,0.6320755414295218,1.590920738167391
human_single,117,ao7VBbvWIK,0.0,1.590920738167391,1.0,0.5909207381673911,Reject,0,0.6320755414295218,1.590920738167391
human_single,118,e26MPyczN9,4.0,4.117554746183913,4.0,0.11755474618391304,Reject,0,0.633513361992002,1.5835012982159045
human_single,118,e26MPyczN9,4.0,4.117554746183913,4.0,0.11755474618391304,Reject,0,0.633513361992002,1.5835012982159045
human_single,118,e26MPyczN9,4.0,4.117554746183913,4.0,0.11755474618391304,Reject,0,0.633513361992002,1.5835012982159045
human_single,118,e26MPyczN9,6.0,5.384581470167917,4.0,1.3845814701679169,Reject,0,0.633513361992002,1.5835012982159045
human_single,118,e26MPyczN9,2.0,2.8505280221999083,4.0,1.1494719778000917,Reject,0,0.633513361992002,1.5835012982159045
human_single,119,XHzrBDzKaX,4.0,4.116442755439282,5.0,0.883557244560718,Reject,0,0.6337639613855542,1.5813869098970654
human_single,119,XHzrBDzKaX,8.0,6.651498600981499,5.0,1.6514986009814994,Reject,0,0.6337639613855542,1.5813869098970654
human_single,119,XHzrBDzKaX,4.0,4.116442755439282,5.0,0.883557244560718,Reject,0,0.6337639613855542,1.5813869098970654
human_single,119,XHzrBDzKaX,4.0,4.116442755439282,5.0,0.883557244560718,Reject,0,0.6337639613855542,1.5813869098970654
human_single,120,4fm4Rc5fUK,2.0,2.849395390915456,4.67,1.820604609084544,Reject,0,0.6337269873440378,1.5819414162273804
human_single,120,4fm4Rc5fUK,6.0,5.3843033402916065,4.67,0.7143033402916066,Reject,0,0.6337269873440378,1.5819414162273804
human_single,120,4fm4Rc5fUK,6.0,5.3843033402916065,4.67,0.7143033402916066,Reject,0,0.6337269873440378,1.5819414162273804
human_single,121,2za3iNkwXn,4.0,4.117188836109827,4.4,0.28281116389017313,Accept,1,0.6331622739665921,1.5845397402434587
human_single,121,2za3iNkwXn,4.0,4.117188836109827,4.4,0.28281116389017313,Accept,1,0.6331622739665921,1.5845397402434587
human_single,121,2za3iNkwXn,4.0,4.117188836109827,4.4,0.28281116389017313,Accept,1,0.6331622739665921,1.5845397402434587
human_single,121,2za3iNkwXn,4.0,4.117188836109827,4.4,0.28281116389017313,Accept,1,0.6331622739665921,1.5845397402434587
human_single,121,2za3iNkwXn,6.0,5.383513384043011,4.4,0.983513384043011,Accept,1,0.6331622739665921,1.5845397402434587
human_single,122,3V559xWIWc,4.0,4.116920321948188,4.5,0.3830796780518124,Reject,0,0.6337637267989122,1.5818654147525382
human_single,122,3V559xWIWc,6.0,5.384447775546011,4.5,0.8844477755460112,Reject,0,0.6337637267989122,1.5818654147525382
human_single,122,3V559xWIWc,6.0,5.384447775546011,4.5,0.8844477755460112,Reject,0,0.6337637267989122,1.5818654147525382
human_single,122,3V559xWIWc,2.0,2.8493928683503627,4.5,1.6506071316496373,Reject,0,0.6337637267989122,1.5818654147525382
human_single,123,HA8vzzT6Ax,6.0,5.377967432120254,6.67,1.2920325678797457,Accept,1,0.6318261615178634,1.5870104630130735
human_single,123,HA8vzzT6Ax,6.0,5.377967432120254,6.67,1.2920325678797457,Accept,1,0.6318261615178634,1.5870104630130735
human_single,123,HA8vzzT6Ax,8.0,6.641619755155981,6.67,0.02838024484401913,Accept,1,0.6318261615178634,1.5870104630130735
human_single,123,HA8vzzT6Ax,6.0,5.377967432120254,6.67,1.2920325678797457,Accept,1,0.6318261615178634,1.5870104630130735
human_single,123,HA8vzzT6Ax,8.0,6.641619755155981,6.67,0.02838024484401913,Accept,1,0.6318261615178634,1.5870104630130735
human_single,123,HA8vzzT6Ax,6.0,5.377967432120254,6.67,1.2920325678797457,Accept,1,0.6318261615178634,1.5870104630130735
human_single,124,1EdAn5gMVv,6.0,5.385018161551313,5.0,0.3850181615513133,Reject,0,0.6343867673719867,1.5786975573193933
human_single,124,1EdAn5gMVv,8.0,6.653791696295287,5.0,1.6537916962952872,Reject,0,0.6343867673719867,1.5786975573193933
human_single,124,1EdAn5gMVv,2.0,2.847471092063367,5.0,2.152528907936633,Reject,0,0.6343867673719867,1.5786975573193933
human_single,124,1EdAn5gMVv,4.0,4.11624462680734,5.0,0.8837553731926597,Reject,0,0.6343867673719867,1.5786975573193933
human_single,125,36CzrZYEch,2.0,2.8489968208118404,4.0,1.1510031791881596,Reject,0,0.6341401339535517,1.5807165529047371
human_single,125,36CzrZYEch,2.0,2.8489968208118404,4.0,1.1510031791881596,Reject,0,0.6341401339535517,1.5807165529047371
human_single,125,36CzrZYEch,6.0,5.385557356626047,4.0,1.3855573566260473,Reject,0,0.6341401339535517,1.5807165529047371
human_single,125,36CzrZYEch,6.0,5.385557356626047,4.0,1.3855573566260473,Reject,0,0.6341401339535517,1.5807165529047371
human_single,126,TX4k7BF6aO,4.0,4.116423589214877,5.33,1.213576410785123,Accept,1,0.6336061281867924,1.5819990764677074
human_single,126,TX4k7BF6aO,4.0,4.116423589214877,5.33,1.213576410785123,Accept,1,0.6336061281867924,1.5819990764677074
human_single,126,TX4k7BF6aO,8.0,6.650848101962047,5.33,1.3208481019620466,Accept,1,0.6336061281867924,1.5819990764677074
human_single,127,wkVsKDnl4s,2.0,2.8586399329536274,1.0,1.8586399329536274,Reject,0,0.6312279795210365,1.5961839739115546
human_single,127,wkVsKDnl4s,0.0,1.5961839739115546,1.0,0.5961839739115546,Reject,0,0.6312279795210365,1.5961839739115546
human_single,127,wkVsKDnl4s,2.0,2.8586399329536274,1.0,1.8586399329536274,Reject,0,0.6312279795210365,1.5961839739115546
human_single,127,wkVsKDnl4s,0.0,1.5961839739115546,1.0,0.5961839739115546,Reject,0,0.6312279795210365,1.5961839739115546
human_single,128,WgMZPsdJmC,0.0,1.5998239328382662,0.5,1.0998239328382662,Reject,0,0.6304983569747198,1.5998239328382662
human_single,128,WgMZPsdJmC,0.0,1.5998239328382662,0.5,1.0998239328382662,Reject,0,0.6304983569747198,1.5998239328382662
human_single,128,WgMZPsdJmC,2.0,2.8608206467877055,0.5,2.3608206467877055,Reject,0,0.6304983569747198,1.5998239328382662
human_single,128,WgMZPsdJmC,0.0,1.5998239328382662,0.5,1.0998239328382662,Reject,0,0.6304983569747198,1.5998239328382662
human_single,129,c7OsKOOZo8,6.0,5.383403506562933,4.5,0.8834035065629333,Reject,0,0.6331423502977302,1.5845494047765516
human_single,129,c7OsKOOZo8,4.0,4.117118805967473,4.5,0.3828811940325272,Reject,0,0.6331423502977302,1.5845494047765516
human_single,129,c7OsKOOZo8,4.0,4.117118805967473,4.5,0.3828811940325272,Reject,0,0.6331423502977302,1.5845494047765516
human_single,129,c7OsKOOZo8,4.0,4.117118805967473,4.5,0.3828811940325272,Reject,0,0.6331423502977302,1.5845494047765516
human_single,130,ZBhZT307xx,4.0,4.118628356686891,3.0,1.1186283566868909,Reject,0,0.6329114936336994,1.5869823821520932
human_single,130,ZBhZT307xx,2.0,2.852805369419492,3.0,0.14719463058050808,Reject,0,0.6329114936336994,1.5869823821520932
human_single,130,ZBhZT307xx,4.0,4.118628356686891,3.0,1.1186283566868909,Reject,0,0.6329114936336994,1.5869823821520932
human_single,130,ZBhZT307xx,2.0,2.852805369419492,3.0,0.14719463058050808,Reject,0,0.6329114936336994,1.5869823821520932
human_single,131,4S5x8yhJ5H,0.0,1.5997947844915712,0.0,1.5997947844915712,Reject,0,0.6303755276648778,1.5997947844915712
human_single,131,4S5x8yhJ5H,0.0,1.5997947844915712,0.0,1.5997947844915712,Reject,0,0.6303755276648778,1.5997947844915712
human_single,131,4S5x8yhJ5H,0.0,1.5997947844915712,0.0,1.5997947844915712,Reject,0,0.6303755276648778,1.5997947844915712
human_single,132,zftquoHTgS,8.0,6.6561311759051645,4.0,2.6561311759051645,Reject,0,0.6347635052867678,1.578023133611022
human_single,132,zftquoHTgS,2.0,2.8475501441845577,4.0,1.1524498558154423,Reject,0,0.6347635052867678,1.578023133611022
human_single,132,zftquoHTgS,4.0,4.1170771547580935,4.0,0.11707715475809355,Reject,0,0.6347635052867678,1.578023133611022
human_single,132,zftquoHTgS,2.0,2.8475501441845577,4.0,1.1524498558154423,Reject,0,0.6347635052867678,1.578023133611022
human_single,133,rzGEfYr2ZC,0.0,1.599794784491571,0.0,1.599794784491571,Reject,0,0.6303755276648778,1.599794784491571
human_single,133,rzGEfYr2ZC,0.0,1.599794784491571,0.0,1.599794784491571,Reject,0,0.6303755276648778,1.599794784491571
human_single,133,rzGEfYr2ZC,0.0,1.599794784491571,0.0,1.599794784491571,Reject,0,0.6303755276648778,1.599794784491571
human_single,134,DB2KJKFX0d,6.0,5.38520931589907,3.5,1.8852093158990701,Reject,0,0.6336484423423328,1.5833186618450734
human_single,134,DB2KJKFX0d,4.0,4.117912431214404,3.5,0.6179124312144042,Reject,0,0.6336484423423328,1.5833186618450734
human_single,134,DB2KJKFX0d,2.0,2.850615546529739,3.5,0.6493844534702609,Reject,0,0.6336484423423328,1.5833186618450734
human_single,134,DB2KJKFX0d,2.0,2.850615546529739,3.5,0.6493844534702609,Reject,0,0.6336484423423328,1.5833186618450734
human_single,135,5qd7V5TNGV,4.0,4.116244626807341,5.0,0.8837553731926588,Reject,0,0.634386767371987,1.5786975573193935
human_single,135,5qd7V5TNGV,6.0,5.385018161551315,5.0,0.3850181615513151,Reject,0,0.634386767371987,1.5786975573193935
human_single,135,5qd7V5TNGV,2.0,2.8474710920633672,5.0,2.1525289079366328,Reject,0,0.634386767371987,1.5786975573193935
human_single,135,5qd7V5TNGV,8.0,6.653791696295289,5.0,1.653791696295289,Reject,0,0.634386767371987,1.5786975573193935
human_single,136,HHYd4Pz5Lp,0.0,1.5922033456260476,1.33,0.2622033456260475,Reject,0,0.6319093169373522,1.5922033456260476
human_single,136,HHYd4Pz5Lp,2.0,2.8560219795007518,1.33,1.5260219795007517,Reject,0,0.6319093169373522,1.5922033456260476
human_single,136,HHYd4Pz5Lp,2.0,2.8560219795007518,1.33,1.5260219795007517,Reject,0,0.6319093169373522,1.5922033456260476
human_single,137,ZF0xRAdsuY,10.0,7.906253478039035,7.5,0.40625347803903544,Accept,1,0.6319382117020268,1.5868713610187672
human_single,137,ZF0xRAdsuY,8.0,6.642377054634982,7.5,0.8576229453650184,Accept,1,0.6319382117020268,1.5868713610187672
human_single,137,ZF0xRAdsuY,6.0,5.378500631230928,7.5,2.121499368769072,Accept,1,0.6319382117020268,1.5868713610187672
human_single,137,ZF0xRAdsuY,6.0,5.378500631230928,7.5,2.121499368769072,Accept,1,0.6319382117020268,1.5868713610187672
human_single,138,y7VeiCT7HG,4.0,4.118628356686891,3.0,1.1186283566868909,Reject,0,0.6329114936336994,1.5869823821520932
human_single,138,y7VeiCT7HG,2.0,2.852805369419492,3.0,0.14719463058050808,Reject,0,0.6329114936336994,1.5869823821520932
human_single,138,y7VeiCT7HG,2.0,2.852805369419492,3.0,0.14719463058050808,Reject,0,0.6329114936336994,1.5869823821520932
human_single,138,y7VeiCT7HG,4.0,4.118628356686891,3.0,1.1186283566868909,Reject,0,0.6329114936336994,1.5869823821520932
human_single,139,ey7CXUBn1g,2.0,2.852805369419492,3.0,0.14719463058050808,Reject,0,0.6329114936336994,1.5869823821520932
human_single,139,ey7CXUBn1g,2.0,2.852805369419492,3.0,0.14719463058050808,Reject,0,0.6329114936336994,1.5869823821520932
human_single,139,ey7CXUBn1g,4.0,4.118628356686891,3.0,1.1186283566868909,Reject,0,0.6329114936336994,1.5869823821520932
human_single,139,ey7CXUBn1g,4.0,4.118628356686891,3.0,1.1186283566868909,Reject,0,0.6329114936336994,1.5869823821520932
human_single,140,4Nsx2kZkex,0.0,1.5961839739115546,1.0,0.5961839739115546,Reject,0,0.6312279795210365,1.5961839739115546
human_single,140,4Nsx2kZkex,2.0,2.8586399329536274,1.0,1.8586399329536274,Reject,0,0.6312279795210365,1.5961839739115546
human_single,140,4Nsx2kZkex,0.0,1.5961839739115546,1.0,0.5961839739115546,Reject,0,0.6312279795210365,1.5961839739115546
human_single,140,4Nsx2kZkex,2.0,2.8586399329536274,1.0,1.8586399329536274,Reject,0,0.6312279795210365,1.5961839739115546
human_single,141,mGeeRFToaW,6.0,5.384568399992304,5.2,0.1845683999923038,Accept,1,0.6343578903830241,1.578421057694159
human_single,141,mGeeRFToaW,2.0,2.8471368384602074,5.2,2.352863161539793,Accept,1,0.6343578903830241,1.578421057694159
human_single,141,mGeeRFToaW,4.0,4.1158526192262554,5.2,1.0841473807737447,Accept,1,0.6343578903830241,1.578421057694159
human_single,141,mGeeRFToaW,8.0,6.6532841807583525,5.2,1.4532841807583523,Accept,1,0.6343578903830241,1.578421057694159
human_single,141,mGeeRFToaW,6.0,5.384568399992304,5.2,0.1845683999923038,Accept,1,0.6343578903830241,1.578421057694159
human_single,142,v05SW2X3IC,6.0,5.382590561479579,5.33,0.052590561479578746,Accept,1,0.6329847063792214,1.5846823232042497
human_single,142,v05SW2X3IC,6.0,5.382590561479579,5.33,0.052590561479578746,Accept,1,0.6329847063792214,1.5846823232042497
human_single,142,v05SW2X3IC,4.0,4.116621148721135,5.33,1.2133788512788648,Accept,1,0.6329847063792214,1.5846823232042497
human_single,143,4nOZBufbLC,4.0,4.1156731535164175,5.6,1.4843268464835822,Accept,1,0.6334154042548293,1.5820115364971
human_single,143,4nOZBufbLC,6.0,5.3825039620260755,5.6,0.21749603797392414,Accept,1,0.6334154042548293,1.5820115364971
human_single,143,4nOZBufbLC,6.0,5.3825039620260755,5.6,0.21749603797392414,Accept,1,0.6334154042548293,1.5820115364971
human_single,143,4nOZBufbLC,4.0,4.1156731535164175,5.6,1.4843268464835822,Accept,1,0.6334154042548293,1.5820115364971
human_single,143,4nOZBufbLC,8.0,6.649334770535734,5.6,1.0493347705357348,Accept,1,0.6334154042548293,1.5820115364971
human_single,144,jZcWBV3Pis,2.0,2.8513608360976956,3.0,0.14863916390230436,Reject,0,0.6335332428243913,1.5842943504489129
human_single,144,jZcWBV3Pis,2.0,2.8513608360976956,3.0,0.14863916390230436,Reject,0,0.6335332428243913,1.5842943504489129
human_single,144,jZcWBV3Pis,2.0,2.8513608360976956,3.0,0.14863916390230436,Reject,0,0.6335332428243913,1.5842943504489129
human_single,144,jZcWBV3Pis,6.0,5.38549380739526,3.0,2.3854938073952603,Reject,0,0.6335332428243913,1.5842943504489129
human_single,145,GiItKTlJIB,2.0,2.852805369419492,3.0,0.14719463058050808,Reject,0,0.6329114936336994,1.5869823821520932
human_single,145,GiItKTlJIB,4.0,4.118628356686891,3.0,1.1186283566868909,Reject,0,0.6329114936336994,1.5869823821520932
human_single,145,GiItKTlJIB,2.0,2.852805369419492,3.0,0.14719463058050808,Reject,0,0.6329114936336994,1.5869823821520932
human_single,145,GiItKTlJIB,4.0,4.118628356686891,3.0,1.1186283566868909,Reject,0,0.6329114936336994,1.5869823821520932
human_single,146,Xn33bU71m4,2.0,2.8560219795007526,1.33,1.5260219795007526,Reject,0,0.6319093169373523,1.5922033456260483
human_single,146,Xn33bU71m4,2.0,2.8560219795007526,1.33,1.5260219795007526,Reject,0,0.6319093169373523,1.5922033456260483
human_single,146,Xn33bU71m4,0.0,1.5922033456260483,1.33,0.2622033456260482,Reject,0,0.6319093169373523,1.5922033456260483
human_single,147,0TmVqOpBbK,6.0,5.381100527024035,6.5,1.118899472975965,Accept,1,0.6329111401604364,1.5836336860614173
human_single,147,0TmVqOpBbK,8.0,6.646922807344908,6.5,0.14692280734490826,Accept,1,0.6329111401604364,1.5836336860614173
human_single,147,0TmVqOpBbK,4.0,4.115278246703163,6.5,2.384721753296837,Accept,1,0.6329111401604364,1.5836336860614173
human_single,147,0TmVqOpBbK,8.0,6.646922807344908,6.5,0.14692280734490826,Accept,1,0.6329111401604364,1.5836336860614173
human_single,148,VbTLgEUocp,6.0,5.378960093399785,7.0,1.621039906600215,Accept,1,0.6319261140940016,1.5874034088357751
human_single,148,VbTLgEUocp,8.0,6.642812321587788,7.0,0.35718767841221233,Accept,1,0.6319261140940016,1.5874034088357751
human_single,148,VbTLgEUocp,8.0,6.642812321587788,7.0,0.35718767841221233,Accept,1,0.6319261140940016,1.5874034088357751
human_single,148,VbTLgEUocp,6.0,5.378960093399785,7.0,1.621039906600215,Accept,1,0.6319261140940016,1.5874034088357751
human_single,149,NIvqiJ8R4J,4.0,4.11624462680734,5.0,0.8837553731926597,Reject,0,0.6343867673719867,1.5786975573193933
human_single,149,NIvqiJ8R4J,6.0,5.385018161551313,5.0,0.3850181615513133,Reject,0,0.6343867673719867,1.5786975573193933
human_single,149,NIvqiJ8R4J,2.0,2.847471092063367,5.0,2.152528907936633,Reject,0,0.6343867673719867,1.5786975573193933
human_single,149,NIvqiJ8R4J,8.0,6.653791696295287,5.0,1.6537916962952872,Reject,0,0.6343867673719867,1.5786975573193933
human_single,150,FF9QVQduAu,2.0,2.8474710920633672,5.0,2.1525289079366328,Accept,1,0.6343867673719867,1.5786975573193935
human_single,150,FF9QVQduAu,6.0,5.385018161551314,5.0,0.3850181615513142,Accept,1,0.6343867673719867,1.5786975573193935
human_single,150,FF9QVQduAu,4.0,4.11624462680734,5.0,0.8837553731926597,Accept,1,0.6343867673719867,1.5786975573193935
human_single,150,FF9QVQduAu,8.0,6.653791696295287,5.0,1.6537916962952872,Accept,1,0.6343867673719867,1.5786975573193935
human_single,151,cVX3VqO8BO,6.0,5.384128175773091,5.5,0.11587182422690923,Accept,1,0.6341412167451227,1.5792808753023553
human_single,151,cVX3VqO8BO,2.0,2.8475633087926004,5.5,2.6524366912073996,Accept,1,0.6341412167451227,1.5792808753023553
human_single,151,cVX3VqO8BO,8.0,6.652410609263336,5.5,1.1524106092633364,Accept,1,0.6341412167451227,1.5792808753023553
human_single,151,cVX3VqO8BO,6.0,5.384128175773091,5.5,0.11587182422690923,Accept,1,0.6341412167451227,1.5792808753023553
human_single,152,nzkObUsajY,2.0,2.8504406588008964,4.0,1.1495593411991036,Reject,0,0.6335179857863547,1.5834046872281868
human_single,152,nzkObUsajY,4.0,4.117476630373606,4.0,0.11747663037360567,Reject,0,0.6335179857863547,1.5834046872281868
human_single,152,nzkObUsajY,6.0,5.384512601946315,4.0,1.384512601946315,Reject,0,0.6335179857863547,1.5834046872281868
human_single,152,nzkObUsajY,4.0,4.117476630373606,4.0,0.11747663037360567,Reject,0,0.6335179857863547,1.5834046872281868
human_single,153,YADyx3ieUX,0.0,1.5961839739115546,1.0,0.5961839739115546,Reject,0,0.6312279795210365,1.5961839739115546
human_single,153,YADyx3ieUX,2.0,2.8586399329536274,1.0,1.8586399329536274,Reject,0,0.6312279795210365,1.5961839739115546
human_single,153,YADyx3ieUX,0.0,1.5961839739115546,1.0,0.5961839739115546,Reject,0,0.6312279795210365,1.5961839739115546
human_single,153,YADyx3ieUX,2.0,2.8586399329536274,1.0,1.8586399329536274,Reject,0,0.6312279795210365,1.5961839739115546
human_single,154,zNH3Sf404X,2.0,2.8560219795007526,1.33,1.5260219795007526,Reject,0,0.631909316937352,1.5922033456260487
human_single,154,zNH3Sf404X,0.0,1.5922033456260487,1.33,0.26220334562604863,Reject,0,0.631909316937352,1.5922033456260487
human_single,154,zNH3Sf404X,2.0,2.8560219795007526,1.33,1.5260219795007526,Reject,0,0.631909316937352,1.5922033456260487
human_single,155,cSpjHOf04S,2.0,2.8474710920633672,5.0,2.1525289079366328,Accept,1,0.6343867673719867,1.5786975573193935
human_single,155,cSpjHOf04S,4.0,4.11624462680734,5.0,0.8837553731926597,Accept,1,0.6343867673719867,1.5786975573193935
human_single,155,cSpjHOf04S,8.0,6.653791696295287,5.0,1.6537916962952872,Accept,1,0.6343867673719867,1.5786975573193935
human_single,155,cSpjHOf04S,6.0,5.385018161551314,5.0,0.3850181615513142,Accept,1,0.6343867673719867,1.5786975573193935
human_single,156,XKLPlnfZzM,6.0,5.38520931589907,3.5,1.8852093158990701,Reject,0,0.6336484423423329,1.5833186618450734
human_single,156,XKLPlnfZzM,4.0,4.117912431214405,3.5,0.6179124312144051,Reject,0,0.6336484423423329,1.5833186618450734
human_single,156,XKLPlnfZzM,2.0,2.850615546529739,3.5,0.6493844534702609,Reject,0,0.6336484423423329,1.5833186618450734
human_single,156,XKLPlnfZzM,2.0,2.850615546529739,3.5,0.6493844534702609,Reject,0,0.6336484423423329,1.5833186618450734
human_single,157,3icvqeC1sA,6.0,5.384447775546011,4.5,0.8844477755460112,Reject,0,0.6337637267989122,1.5818654147525382
human_single,157,3icvqeC1sA,2.0,2.8493928683503627,4.5,1.6506071316496373,Reject,0,0.6337637267989122,1.5818654147525382
human_single,157,3icvqeC1sA,4.0,4.116920321948188,4.5,0.3830796780518124,Reject,0,0.6337637267989122,1.5818654147525382
human_single,157,3icvqeC1sA,6.0,5.384447775546011,4.5,0.8844477755460112,Reject,0,0.6337637267989122,1.5818654147525382
human_single,158,23Ea4fVGiI,2.0,2.857873044277506,0.67,2.1878730442775063,Reject,0,0.631314355272685,1.5952443337321363
human_single,158,23Ea4fVGiI,0.0,1.5952443337321363,0.67,0.9252443337321362,Reject,0,0.631314355272685,1.5952443337321363
human_single,158,23Ea4fVGiI,0.0,1.5952443337321363,0.67,0.9252443337321362,Reject,0,0.631314355272685,1.5952443337321363
human_single,159,jJedqisfOt,6.0,5.383970678210391,5.0,0.38397067821039066,Accept,1,0.6337639613855541,1.5813869098970659
human_single,159,jJedqisfOt,2.0,2.848914832668174,5.0,2.151085167331826,Accept,1,0.6337639613855541,1.5813869098970659
human_single,159,jJedqisfOt,6.0,5.383970678210391,5.0,0.38397067821039066,Accept,1,0.6337639613855541,1.5813869098970659
human_single,159,jJedqisfOt,6.0,5.383970678210391,5.0,0.38397067821039066,Accept,1,0.6337639613855541,1.5813869098970659
human_single,160,vGkXf8nvt9,4.0,4.1170477063399815,4.67,0.5529522936600184,Reject,0,0.6331056546288371,1.5846250878246328
human_single,160,vGkXf8nvt9,6.0,5.383259015597655,4.67,0.7132590155976555,Reject,0,0.6331056546288371,1.5846250878246328
human_single,160,vGkXf8nvt9,4.0,4.1170477063399815,4.67,0.5529522936600184,Reject,0,0.6331056546288371,1.5846250878246328
human_single,161,v4bQPw4aTW,6.0,5.383403506562933,4.5,0.8834035065629333,Reject,0,0.6331423502977302,1.5845494047765516
human_single,161,v4bQPw4aTW,4.0,4.117118805967473,4.5,0.3828811940325272,Reject,0,0.6331423502977302,1.5845494047765516
human_single,161,v4bQPw4aTW,4.0,4.117118805967473,4.5,0.3828811940325272,Reject,0,0.6331423502977302,1.5845494047765516
human_single,161,v4bQPw4aTW,4.0,4.117118805967473,4.5,0.3828811940325272,Reject,0,0.6331423502977302,1.5845494047765516
human_single,162,liDUSnwUVP,0.0,1.5997947844915692,0.0,1.5997947844915692,Reject,0,0.6303755276648783,1.5997947844915692
human_single,162,liDUSnwUVP,0.0,1.5997947844915692,0.0,1.5997947844915692,Reject,0,0.6303755276648783,1.5997947844915692
human_single,162,liDUSnwUVP,0.0,1.5997947844915692,0.0,1.5997947844915692,Reject,0,0.6303755276648783,1.5997947844915692
human_single,163,txiGUfI4yF,6.0,5.380367133080209,7.33,1.9496328669197913,Accept,1,0.632516827387218,1.5852661687569005
human_single,163,txiGUfI4yF,10.0,7.910434442629081,7.33,0.5804344426290813,Accept,1,0.632516827387218,1.5852661687569005
human_single,163,txiGUfI4yF,6.0,5.380367133080209,7.33,1.9496328669197913,Accept,1,0.632516827387218,1.5852661687569005
human_single,164,wSbVv6xaRr,4.0,4.117597638017497,4.0,0.11759763801749656,Reject,0,0.6329016781364646,1.5859909254716384
human_single,164,wSbVv6xaRr,4.0,4.117597638017497,4.0,0.11759763801749656,Reject,0,0.6329016781364646,1.5859909254716384
human_single,164,wSbVv6xaRr,4.0,4.117597638017497,4.0,0.11759763801749656,Reject,0,0.6329016781364646,1.5859909254716384
human_single,165,GiaF5cFIpI,6.0,5.38520931589907,3.5,1.8852093158990701,Reject,0,0.6336484423423329,1.5833186618450734
human_single,165,GiaF5cFIpI,2.0,2.850615546529739,3.5,0.6493844534702609,Reject,0,0.6336484423423329,1.5833186618450734
human_single,165,GiaF5cFIpI,4.0,4.117912431214405,3.5,0.6179124312144051,Reject,0,0.6336484423423329,1.5833186618450734
human_single,165,GiaF5cFIpI,2.0,2.850615546529739,3.5,0.6493844534702609,Reject,0,0.6336484423423329,1.5833186618450734
human_single,166,IFCUMN8Fp1,4.0,4.116920321948188,4.5,0.3830796780518124,Reject,0,0.6337637267989122,1.5818654147525382
human_single,166,IFCUMN8Fp1,6.0,5.384447775546011,4.5,0.8844477755460112,Reject,0,0.6337637267989122,1.5818654147525382
human_single,166,IFCUMN8Fp1,2.0,2.8493928683503627,4.5,1.6506071316496373,Reject,0,0.6337637267989122,1.5818654147525382
human_single,166,IFCUMN8Fp1,6.0,5.384447775546011,4.5,0.8844477755460112,Reject,0,0.6337637267989122,1.5818654147525382
human_single,167,IvG90aRAL0,6.0,5.384581470167917,4.0,1.3845814701679169,Reject,0,0.633513361992002,1.5835012982159042
human_single,167,IvG90aRAL0,4.0,4.117554746183912,4.0,0.11755474618391215,Reject,0,0.633513361992002,1.5835012982159042
human_single,167,IvG90aRAL0,4.0,4.117554746183912,4.0,0.11755474618391215,Reject,0,0.633513361992002,1.5835012982159042
human_single,167,IvG90aRAL0,4.0,4.117554746183912,4.0,0.11755474618391215,Reject,0,0.633513361992002,1.5835012982159042
human_single,167,IvG90aRAL0,2.0,2.8505280221999083,4.0,1.1494719778000917,Reject,0,0.633513361992002,1.5835012982159042
human_single,168,opU91paIvZ,6.0,5.385076148332711,3.33,2.055076148332711,Reject,0,0.6336109812463974,1.583410260854327
human_single,168,opU91paIvZ,2.0,2.8506322233471217,3.33,0.47936777665287833,Reject,0,0.6336109812463974,1.583410260854327
human_single,168,opU91paIvZ,2.0,2.8506322233471217,3.33,0.47936777665287833,Reject,0,0.6336109812463974,1.583410260854327
human_single,169,N8ntZEb4Ap,2.0,2.8548576233561986,2.33,0.5248576233561986,Reject,0,0.6327196076888104,1.5894184079785776
human_single,169,N8ntZEb4Ap,0.0,1.5894184079785776,2.33,0.7405815920214225,Reject,0,0.6327196076888104,1.5894184079785776
human_single,169,N8ntZEb4Ap,2.0,2.8548576233561986,2.33,0.5248576233561986,Reject,0,0.6327196076888104,1.5894184079785776
human_single,169,N8ntZEb4Ap,2.0,2.8548576233561986,2.33,0.5248576233561986,Reject,0,0.6327196076888104,1.5894184079785776
human_single,169,N8ntZEb4Ap,4.0,4.120296838733819,2.33,1.790296838733819,Reject,0,0.6327196076888104,1.5894184079785776
human_single,169,N8ntZEb4Ap,4.0,4.120296838733819,2.33,1.790296838733819,Reject,0,0.6327196076888104,1.5894184079785776
human_single,170,r5jxDjYeO4,4.0,4.117118805967473,4.5,0.3828811940325272,Reject,0,0.6331423502977302,1.5845494047765516
human_single,170,r5jxDjYeO4,4.0,4.117118805967473,4.5,0.3828811940325272,Reject,0,0.6331423502977302,1.5845494047765516
human_single,170,r5jxDjYeO4,4.0,4.117118805967473,4.5,0.3828811940325272,Reject,0,0.6331423502977302,1.5845494047765516
human_single,170,r5jxDjYeO4,6.0,5.383403506562933,4.5,0.8834035065629333,Reject,0,0.6331423502977302,1.5845494047765516
human_single,171,OJupg4mDjS,4.0,4.1147179433122885,7.0,2.8852820566877115,Accept,1,0.6331722394978365,1.5820289853209426
human_single,171,OJupg4mDjS,8.0,6.6474069013036345,7.0,0.35259309869636546,Accept,1,0.6331722394978365,1.5820289853209426
human_single,171,OJupg4mDjS,6.0,5.381062422307962,7.0,1.618937577692038,Accept,1,0.6331722394978365,1.5820289853209426
human_single,171,OJupg4mDjS,10.0,7.913751380299308,7.0,0.913751380299308,Accept,1,0.6331722394978365,1.5820289853209426
human_single,172,dwgtYTuSaS,4.0,4.118628356686891,3.0,1.1186283566868909,Reject,0,0.6329114936336994,1.5869823821520932
human_single,172,dwgtYTuSaS,2.0,2.852805369419492,3.0,0.14719463058050808,Reject,0,0.6329114936336994,1.5869823821520932
human_single,172,dwgtYTuSaS,2.0,2.852805369419492,3.0,0.14719463058050808,Reject,0,0.6329114936336994,1.5869823821520932
human_single,172,dwgtYTuSaS,4.0,4.118628356686891,3.0,1.1186283566868909,Reject,0,0.6329114936336994,1.5869823821520932
human_single,173,5SQo2E9Ujj,0.0,1.609330096195759,0.0,1.609330096195759,Reject,0,0.6286569781053436,1.609330096195759
human_single,173,5SQo2E9Ujj,0.0,1.609330096195759,0.0,1.609330096195759,Reject,0,0.6286569781053436,1.609330096195759
human_single,173,5SQo2E9Ujj,0.0,1.609330096195759,0.0,1.609330096195759,Reject,0,0.6286569781053436,1.609330096195759
human_single,173,5SQo2E9Ujj,0.0,1.609330096195759,0.0,1.609330096195759,Reject,0,0.6286569781053436,1.609330096195759
human_single,173,5SQo2E9Ujj,0.0,1.609330096195759,0.0,1.609330096195759,Reject,0,0.6286569781053436,1.609330096195759
human_single,174,c339hUw3cy,6.0,5.385557356626048,4.0,1.3855573566260482,Reject,0,0.6341401339535518,1.5807165529047371
human_single,174,c339hUw3cy,2.0,2.848996820811841,4.0,1.1510031791881592,Reject,0,0.6341401339535518,1.5807165529047371
human_single,174,c339hUw3cy,6.0,5.385557356626048,4.0,1.3855573566260482,Reject,0,0.6341401339535518,1.5807165529047371
human_single,174,c339hUw3cy,2.0,2.848996820811841,4.0,1.1510031791881592,Reject,0,0.6341401339535518,1.5807165529047371
human_single,175,5H8kxW0Efk,6.0,5.384443825190605,4.0,1.3844438251906048,Reject,0,0.6335226034397131,1.583308204552326
human_single,175,5H8kxW0Efk,4.0,4.117398618311178,4.0,0.11739861831117793,Reject,0,0.6335226034397131,1.583308204552326
human_single,175,5H8kxW0Efk,2.0,2.850353411431752,4.0,1.149646588568248,Reject,0,0.6335226034397131,1.583308204552326
human_single,176,SzXDuBN8M1,8.0,6.640080394211665,7.5,0.8599196057883347,Accept,1,0.6313155398940824,1.5895560750590065
human_single,176,SzXDuBN8M1,8.0,6.640080394211665,7.5,0.8599196057883347,Accept,1,0.6313155398940824,1.5895560750590065
human_single,176,SzXDuBN8M1,6.0,5.377449314423501,7.5,2.122550685576499,Accept,1,0.6313155398940824,1.5895560750590065
human_single,176,SzXDuBN8M1,8.0,6.640080394211665,7.5,0.8599196057883347,Accept,1,0.6313155398940824,1.5895560750590065
human_single,177,b6miYNcjag,6.0,5.3843033402916065,4.67,0.7143033402916066,Reject,0,0.6337269873440378,1.5819414162273804
human_single,177,b6miYNcjag,2.0,2.849395390915456,4.67,1.820604609084544,Reject,0,0.6337269873440378,1.5819414162273804
human_single,177,b6miYNcjag,6.0,5.3843033402916065,4.67,0.7143033402916066,Reject,0,0.6337269873440378,1.5819414162273804
human_single,178,bhPaXhWVKG,6.0,5.382590561479582,5.33,0.0525905614795823,Reject,0,0.6329847063792219,1.5846823232042508
human_single,178,bhPaXhWVKG,6.0,5.382590561479582,5.33,0.0525905614795823,Reject,0,0.6329847063792219,1.5846823232042508
human_single,178,bhPaXhWVKG,4.0,4.116621148721139,5.33,1.2133788512788612,Reject,0,0.6329847063792219,1.5846823232042508
human_single,179,OuMNJoKJBQ,4.0,4.117118805967473,4.5,0.3828811940325272,Accept,1,0.6331423502977302,1.5845494047765516
human_single,179,OuMNJoKJBQ,4.0,4.117118805967473,4.5,0.3828811940325272,Accept,1,0.6331423502977302,1.5845494047765516
human_single,179,OuMNJoKJBQ,6.0,5.383403506562933,4.5,0.8834035065629333,Accept,1,0.6331423502977302,1.5845494047765516
human_single,179,OuMNJoKJBQ,4.0,4.117118805967473,4.5,0.3828811940325272,Accept,1,0.6331423502977302,1.5845494047765516
human_single,180,TBsTStMK41,4.0,4.117554746183911,4.0,0.11755474618391126,Reject,0,0.633513361992002,1.5835012982159036
human_single,180,TBsTStMK41,4.0,4.117554746183911,4.0,0.11755474618391126,Reject,0,0.633513361992002,1.5835012982159036
human_single,180,TBsTStMK41,2.0,2.8505280221999074,4.0,1.1494719778000926,Reject,0,0.633513361992002,1.5835012982159036
human_single,180,TBsTStMK41,4.0,4.117554746183911,4.0,0.11755474618391126,Reject,0,0.633513361992002,1.5835012982159036
human_single,180,TBsTStMK41,6.0,5.384581470167916,4.0,1.384581470167916,Reject,0,0.633513361992002,1.5835012982159036
human_single,181,iaoAKDRAJQ,8.0,6.6478280165689405,6.0,0.6478280165689405,Accept,1,0.6330269245252569,1.5836126203668854
human_single,181,iaoAKDRAJQ,4.0,4.115720318467913,6.0,1.884279681532087,Accept,1,0.6330269245252569,1.5836126203668854
human_single,181,iaoAKDRAJQ,6.0,5.381774167518427,6.0,0.6182258324815733,Accept,1,0.6330269245252569,1.5836126203668854
human_single,181,iaoAKDRAJQ,6.0,5.381774167518427,6.0,0.6182258324815733,Accept,1,0.6330269245252569,1.5836126203668854
human_single,182,UESTP6dR1K,6.0,5.380051993961372,6.5,1.1199480060386282,Accept,1,0.6322891565107281,1.5863170548970027
human_single,182,UESTP6dR1K,6.0,5.380051993961372,6.5,1.1199480060386282,Accept,1,0.6322891565107281,1.5863170548970027
human_single,182,UESTP6dR1K,6.0,5.380051993961372,6.5,1.1199480060386282,Accept,1,0.6322891565107281,1.5863170548970027
human_single,182,UESTP6dR1K,8.0,6.644630306982828,6.5,0.14463030698282786,Accept,1,0.6322891565107281,1.5863170548970027
human_single,183,BzqkbJTsbq,4.0,4.118112562044918,3.5,0.6181125620449182,Reject,0,0.6330269834475469,1.5860046282547302
human_single,183,BzqkbJTsbq,2.0,2.852058595149824,3.5,0.6479414048501759,Reject,0,0.6330269834475469,1.5860046282547302
human_single,183,BzqkbJTsbq,4.0,4.118112562044918,3.5,0.6181125620449182,Reject,0,0.6330269834475469,1.5860046282547302
human_single,183,BzqkbJTsbq,4.0,4.118112562044918,3.5,0.6181125620449182,Reject,0,0.6330269834475469,1.5860046282547302
human_single,184,j3htU5i01r,2.0,2.8475501441845577,4.0,1.1524498558154423,Reject,0,0.6347635052867678,1.578023133611022
human_single,184,j3htU5i01r,2.0,2.8475501441845577,4.0,1.1524498558154423,Reject,0,0.6347635052867678,1.578023133611022
human_single,184,j3htU5i01r,8.0,6.6561311759051645,4.0,2.6561311759051645,Reject,0,0.6347635052867678,1.578023133611022
human_single,184,j3htU5i01r,4.0,4.1170771547580935,4.0,0.11707715475809355,Reject,0,0.6347635052867678,1.578023133611022
human_single,185,R8y089OGoo,4.0,4.1166404954292055,5.0,0.8833595045707945,Accept,1,0.6331423770729745,1.584070987137308
human_single,185,R8y089OGoo,4.0,4.1166404954292055,5.0,0.8833595045707945,Accept,1,0.6331423770729745,1.584070987137308
human_single,185,R8y089OGoo,6.0,5.382925249575155,5.0,0.3829252495751554,Accept,1,0.6331423770729745,1.584070987137308
human_single,185,R8y089OGoo,6.0,5.382925249575155,5.0,0.3829252495751554,Accept,1,0.6331423770729745,1.584070987137308
human_single,186,heVn5cNfje,4.0,4.118112562044918,3.5,0.6181125620449182,Reject,0,0.6330269834475469,1.5860046282547302
human_single,186,heVn5cNfje,2.0,2.852058595149824,3.5,0.6479414048501759,Reject,0,0.6330269834475469,1.5860046282547302
human_single,186,heVn5cNfje,4.0,4.118112562044918,3.5,0.6181125620449182,Reject,0,0.6330269834475469,1.5860046282547302
human_single,186,heVn5cNfje,4.0,4.118112562044918,3.5,0.6181125620449182,Reject,0,0.6330269834475469,1.5860046282547302
human_single,187,Q5SSA6IonA,6.0,5.382925249575155,5.0,0.3829252495751554,Reject,0,0.6331423770729745,1.584070987137308
human_single,187,Q5SSA6IonA,4.0,4.1166404954292055,5.0,0.8833595045707945,Reject,0,0.6331423770729745,1.584070987137308
human_single,187,Q5SSA6IonA,4.0,4.1166404954292055,5.0,0.8833595045707945,Reject,0,0.6331423770729745,1.584070987137308
human_single,187,Q5SSA6IonA,6.0,5.382925249575155,5.0,0.3829252495751554,Reject,0,0.6331423770729745,1.584070987137308
human_single,188,05hNleYOcG,2.0,2.85412406129476,2.5,0.35412406129476004,Accept,1,0.6325501093589001,1.5890238425769596
human_single,188,05hNleYOcG,4.0,4.11922428001256,2.5,1.6192242800125598,Accept,1,0.6325501093589001,1.5890238425769596
human_single,188,05hNleYOcG,2.0,2.85412406129476,2.5,0.35412406129476004,Accept,1,0.6325501093589001,1.5890238425769596
human_single,188,05hNleYOcG,2.0,2.85412406129476,2.5,0.35412406129476004,Accept,1,0.6325501093589001,1.5890238425769596
human_single,189,yBFXOZPESZ,4.0,4.117554746183913,4.0,0.11755474618391304,Reject,0,0.633513361992002,1.5835012982159045
human_single,189,yBFXOZPESZ,6.0,5.384581470167917,4.0,1.3845814701679169,Reject,0,0.633513361992002,1.5835012982159045
human_single,189,yBFXOZPESZ,4.0,4.117554746183913,4.0,0.11755474618391304,Reject,0,0.633513361992002,1.5835012982159045
human_single,189,yBFXOZPESZ,2.0,2.8505280221999083,4.0,1.1494719778000917,Reject,0,0.633513361992002,1.5835012982159045
human_single,189,yBFXOZPESZ,4.0,4.117554746183913,4.0,0.11755474618391304,Reject,0,0.633513361992002,1.5835012982159045
human_single,190,1FCZ4f8dAY,10.0,7.913751380299306,7.0,0.9137513802993062,Accept,1,0.6331722394978363,1.582028985320943
human_single,190,1FCZ4f8dAY,4.0,4.1147179433122885,7.0,2.8852820566877115,Accept,1,0.6331722394978363,1.582028985320943
human_single,190,1FCZ4f8dAY,8.0,6.647406901303634,7.0,0.35259309869636635,Accept,1,0.6331722394978363,1.582028985320943
human_single,190,1FCZ4f8dAY,6.0,5.381062422307961,7.0,1.618937577692039,Accept,1,0.6331722394978363,1.582028985320943
human_single,191,QnuJR7qA3z,6.0,5.384447775546011,4.5,0.8844477755460112,Reject,0,0.6337637267989122,1.5818654147525382
human_single,191,QnuJR7qA3z,6.0,5.384447775546011,4.5,0.8844477755460112,Reject,0,0.6337637267989122,1.5818654147525382
human_single,191,QnuJR7qA3z,2.0,2.8493928683503627,4.5,1.6506071316496373,Reject,0,0.6337637267989122,1.5818654147525382
human_single,191,QnuJR7qA3z,4.0,4.116920321948188,4.5,0.3830796780518124,Reject,0,0.6337637267989122,1.5818654147525382
human_single,192,Iq1fNZus2W,2.0,2.852805369419492,3.0,0.14719463058050808,Reject,0,0.6329114936336994,1.5869823821520932
human_single,192,Iq1fNZus2W,2.0,2.852805369419492,3.0,0.14719463058050808,Reject,0,0.6329114936336994,1.5869823821520932
human_single,192,Iq1fNZus2W,4.0,4.118628356686891,3.0,1.1186283566868909,Reject,0,0.6329114936336994,1.5869823821520932
human_single,192,Iq1fNZus2W,4.0,4.118628356686891,3.0,1.1186283566868909,Reject,0,0.6329114936336994,1.5869823821520932
human_single,193,70n4clRSTj,2.0,2.8477209324992527,3.5,0.6522790675007473,Reject,0,0.6348950279466993,1.577930876605854
human_single,193,70n4clRSTj,2.0,2.8477209324992527,3.5,0.6522790675007473,Reject,0,0.6348950279466993,1.577930876605854
human_single,193,70n4clRSTj,8.0,6.657091100179448,3.5,3.157091100179448,Reject,0,0.6348950279466993,1.577930876605854
human_single,193,70n4clRSTj,2.0,2.8477209324992527,3.5,0.6522790675007473,Reject,0,0.6348950279466993,1.577930876605854
human_single,194,6RQsAQEUib,6.0,5.385557356626047,4.0,1.3855573566260473,Reject,0,0.6341401339535517,1.5807165529047371
human_single,194,6RQsAQEUib,2.0,2.8489968208118404,4.0,1.1510031791881596,Reject,0,0.6341401339535517,1.5807165529047371
human_single,194,6RQsAQEUib,2.0,2.8489968208118404,4.0,1.1510031791881596,Reject,0,0.6341401339535517,1.5807165529047371
human_single,194,6RQsAQEUib,6.0,5.385557356626047,4.0,1.3855573566260473,Reject,0,0.6341401339535517,1.5807165529047371
human_single,195,blFpxJ3A08,2.0,2.8586399329536274,1.0,1.8586399329536274,Reject,0,0.6312279795210364,1.5961839739115549
human_single,195,blFpxJ3A08,2.0,2.8586399329536274,1.0,1.8586399329536274,Reject,0,0.6312279795210364,1.5961839739115549
human_single,195,blFpxJ3A08,0.0,1.5961839739115549,1.0,0.5961839739115549,Reject,0,0.6312279795210364,1.5961839739115549
human_single,195,blFpxJ3A08,0.0,1.5961839739115549,1.0,0.5961839739115549,Reject,0,0.6312279795210364,1.5961839739115549
human_single,196,CQ0U1wZYoy,2.0,2.8505280221999083,4.0,1.1494719778000917,Accept,1,0.633513361992002,1.5835012982159042
human_single,196,CQ0U1wZYoy,4.0,4.117554746183912,4.0,0.11755474618391215,Accept,1,0.633513361992002,1.5835012982159042
human_single,196,CQ0U1wZYoy,4.0,4.117554746183912,4.0,0.11755474618391215,Accept,1,0.633513361992002,1.5835012982159042
human_single,196,CQ0U1wZYoy,4.0,4.117554746183912,4.0,0.11755474618391215,Accept,1,0.633513361992002,1.5835012982159042
human_single,196,CQ0U1wZYoy,6.0,5.384581470167917,4.0,1.3845814701679169,Accept,1,0.633513361992002,1.5835012982159042
human_single,197,9X2NfyZpR2,2.0,2.852805369419492,3.0,0.14719463058050808,Reject,0,0.6329114936336994,1.5869823821520932
human_single,197,9X2NfyZpR2,4.0,4.118628356686891,3.0,1.1186283566868909,Reject,0,0.6329114936336994,1.5869823821520932
human_single,197,9X2NfyZpR2,2.0,2.852805369419492,3.0,0.14719463058050808,Reject,0,0.6329114936336994,1.5869823821520932
human_single,197,9X2NfyZpR2,4.0,4.118628356686891,3.0,1.1186283566868909,Reject,0,0.6329114936336994,1.5869823821520932
human_single,198,jLO4pSi5Pt,4.0,4.1166404954292055,5.0,0.8833595045707945,Accept,1,0.6331423770729745,1.584070987137308
human_single,198,jLO4pSi5Pt,6.0,5.382925249575155,5.0,0.3829252495751554,Accept,1,0.6331423770729745,1.584070987137308
human_single,198,jLO4pSi5Pt,4.0,4.1166404954292055,5.0,0.8833595045707945,Accept,1,0.6331423770729745,1.584070987137308
human_single,198,jLO4pSi5Pt,6.0,5.382925249575155,5.0,0.3829252495751554,Accept,1,0.6331423770729745,1.584070987137308
human_single,199,4Mvdn1m861,2.0,2.852058595149824,3.5,0.6479414048501759,Reject,0,0.6330269834475469,1.5860046282547302
human_single,199,4Mvdn1m861,4.0,4.118112562044918,3.5,0.6181125620449182,Reject,0,0.6330269834475469,1.5860046282547302
human_single,199,4Mvdn1m861,4.0,4.118112562044918,3.5,0.6181125620449182,Reject,0,0.6330269834475469,1.5860046282547302
human_single,199,4Mvdn1m861,4.0,4.118112562044918,3.5,0.6181125620449182,Reject,0,0.6330269834475469,1.5860046282547302
human_single,200,iDki7djO2K,4.0,4.117675780875619,4.0,0.11767578087561859,Reject,0,0.6328970571886039,1.5860875521212026
human_single,200,iDki7djO2K,4.0,4.117675780875619,4.0,0.11767578087561859,Reject,0,0.6328970571886039,1.5860875521212026
human_single,200,iDki7djO2K,4.0,4.117675780875619,4.0,0.11767578087561859,Reject,0,0.6328970571886039,1.5860875521212026
human_single,200,iDki7djO2K,4.0,4.117675780875619,4.0,0.11767578087561859,Reject,0,0.6328970571886039,1.5860875521212026
human_single,201,ngfIm9aPsH,4.0,4.116239967842096,5.5,1.3837600321579044,Accept,1,0.6328968916259936,1.584652401338121
human_single,201,ngfIm9aPsH,6.0,5.382033751094083,5.5,0.11796624890591723,Accept,1,0.6328968916259936,1.584652401338121
human_single,201,ngfIm9aPsH,6.0,5.382033751094083,5.5,0.11796624890591723,Accept,1,0.6328968916259936,1.584652401338121
human_single,201,ngfIm9aPsH,6.0,5.382033751094083,5.5,0.11796624890591723,Accept,1,0.6328968916259936,1.584652401338121
human_single,202,5DpzzTPnJZ,6.0,5.382925249575155,5.0,0.3829252495751554,Accept,1,0.6331423770729745,1.584070987137308
human_single,202,5DpzzTPnJZ,4.0,4.1166404954292055,5.0,0.8833595045707945,Accept,1,0.6331423770729745,1.584070987137308
human_single,202,5DpzzTPnJZ,4.0,4.1166404954292055,5.0,0.8833595045707945,Accept,1,0.6331423770729745,1.584070987137308
human_single,202,5DpzzTPnJZ,6.0,5.382925249575155,5.0,0.3829252495751554,Accept,1,0.6331423770729745,1.584070987137308
human_single,203,RDAhLHEHDm,8.0,6.644630306982826,6.5,0.14463030698282608,Accept,1,0.6322891565107279,1.5863170548970031
human_single,203,RDAhLHEHDm,6.0,5.38005199396137,6.5,1.11994800603863,Accept,1,0.6322891565107279,1.5863170548970031
human_single,203,RDAhLHEHDm,6.0,5.38005199396137,6.5,1.11994800603863,Accept,1,0.6322891565107279,1.5863170548970031
human_single,203,RDAhLHEHDm,6.0,5.38005199396137,6.5,1.11994800603863,Accept,1,0.6322891565107279,1.5863170548970031
human_single,204,Y9TgNFsNyP,6.0,5.383079934993607,5.5,0.11692006500639263,Reject,0,0.6335184431759125,1.5819692759381316
human_single,204,Y9TgNFsNyP,4.0,4.116043048641782,5.5,1.3839569513582184,Reject,0,0.6335184431759125,1.5819692759381316
human_single,204,Y9TgNFsNyP,4.0,4.116043048641782,5.5,1.3839569513582184,Reject,0,0.6335184431759125,1.5819692759381316
human_single,204,Y9TgNFsNyP,8.0,6.650116821345432,5.5,1.1501168213454322,Reject,0,0.6335184431759125,1.5819692759381316
human_single,205,FMjeC9Msws,8.0,6.640080394211665,7.5,0.8599196057883347,Accept,1,0.6313155398940824,1.5895560750590065
human_single,205,FMjeC9Msws,6.0,5.377449314423501,7.5,2.122550685576499,Accept,1,0.6313155398940824,1.5895560750590065
human_single,205,FMjeC9Msws,8.0,6.640080394211665,7.5,0.8599196057883347,Accept,1,0.6313155398940824,1.5895560750590065
human_single,205,FMjeC9Msws,8.0,6.640080394211665,7.5,0.8599196057883347,Accept,1,0.6313155398940824,1.5895560750590065
human_single,206,Q6TymStAvS,2.0,2.850615546529739,3.5,0.6493844534702609,Reject,0,0.6336484423423329,1.5833186618450734
human_single,206,Q6TymStAvS,2.0,2.850615546529739,3.5,0.6493844534702609,Reject,0,0.6336484423423329,1.5833186618450734
human_single,206,Q6TymStAvS,6.0,5.38520931589907,3.5,1.8852093158990701,Reject,0,0.6336484423423329,1.5833186618450734
human_single,206,Q6TymStAvS,4.0,4.117912431214405,3.5,0.6179124312144051,Reject,0,0.6336484423423329,1.5833186618450734
human_single,207,Xpj0yeMhpz,4.0,4.1147179433122885,7.0,2.8852820566877115,Accept,1,0.6331722394978363,1.582028985320943
human_single,207,Xpj0yeMhpz,6.0,5.381062422307961,7.0,1.618937577692039,Accept,1,0.6331722394978363,1.582028985320943
human_single,207,Xpj0yeMhpz,8.0,6.647406901303634,7.0,0.35259309869636635,Accept,1,0.6331722394978363,1.582028985320943
human_single,207,Xpj0yeMhpz,10.0,7.913751380299306,7.0,0.9137513802993062,Accept,1,0.6331722394978363,1.582028985320943
human_single,208,VmEkhV2yCX,4.0,4.1166404954292055,5.0,0.8833595045707945,Accept,1,0.6331423770729745,1.584070987137308
human_single,208,VmEkhV2yCX,4.0,4.1166404954292055,5.0,0.8833595045707945,Accept,1,0.6331423770729745,1.584070987137308
human_single,208,VmEkhV2yCX,6.0,5.382925249575155,5.0,0.3829252495751554,Accept,1,0.6331423770729745,1.584070987137308
human_single,208,VmEkhV2yCX,6.0,5.382925249575155,5.0,0.3829252495751554,Accept,1,0.6331423770729745,1.584070987137308
human_single,209,bwtiK0yjuK,4.0,4.116621148721136,5.33,1.213378851278864,Accept,1,0.6329847063792216,1.5846823232042497
human_single,209,bwtiK0yjuK,6.0,5.382590561479579,5.33,0.052590561479578746,Accept,1,0.6329847063792216,1.5846823232042497
human_single,209,bwtiK0yjuK,6.0,5.382590561479579,5.33,0.052590561479578746,Accept,1,0.6329847063792216,1.5846823232042497
human_single,210,mDuTDAK6KU,2.0,2.8475501441845577,4.0,1.1524498558154423,Reject,0,0.6347635052867678,1.5780231336110218
human_single,210,mDuTDAK6KU,8.0,6.6561311759051645,4.0,2.6561311759051645,Reject,0,0.6347635052867678,1.5780231336110218
human_single,210,mDuTDAK6KU,2.0,2.8475501441845577,4.0,1.1524498558154423,Reject,0,0.6347635052867678,1.5780231336110218
human_single,210,mDuTDAK6KU,4.0,4.117077154758093,4.0,0.11707715475809266,Reject,0,0.6347635052867678,1.5780231336110218
human_single,211,bm3rbtEMFj,6.0,5.382925249575155,5.0,0.3829252495751554,Accept,1,0.6331423770729745,1.584070987137308
human_single,211,bm3rbtEMFj,6.0,5.382925249575155,5.0,0.3829252495751554,Accept,1,0.6331423770729745,1.584070987137308
human_single,211,bm3rbtEMFj,4.0,4.1166404954292055,5.0,0.8833595045707945,Accept,1,0.6331423770729745,1.584070987137308
human_single,211,bm3rbtEMFj,4.0,4.1166404954292055,5.0,0.8833595045707945,Accept,1,0.6331423770729745,1.584070987137308
human_single,212,7gLNA6nT5d,2.0,2.8512207610115192,3.2,0.34877923898848096,Reject,0,0.6336267752300222,1.5839672105514746
human_single,212,7gLNA6nT5d,4.0,4.118474311471563,3.2,0.918474311471563,Reject,0,0.6336267752300222,1.5839672105514746
human_single,212,7gLNA6nT5d,6.0,5.385727861931608,3.2,2.185727861931608,Reject,0,0.6336267752300222,1.5839672105514746
human_single,212,7gLNA6nT5d,2.0,2.8512207610115192,3.2,0.34877923898848096,Reject,0,0.6336267752300222,1.5839672105514746
human_single,212,7gLNA6nT5d,2.0,2.8512207610115192,3.2,0.34877923898848096,Reject,0,0.6336267752300222,1.5839672105514746
human_single,213,KsmTaPygR9,4.0,4.116043048641782,5.5,1.3839569513582184,Accept,1,0.6335184431759125,1.5819692759381314
human_single,213,KsmTaPygR9,8.0,6.650116821345431,5.5,1.1501168213454314,Accept,1,0.6335184431759125,1.5819692759381314
human_single,213,KsmTaPygR9,6.0,5.3830799349936065,5.5,0.11692006500639351,Accept,1,0.6335184431759125,1.5819692759381314
human_single,213,KsmTaPygR9,4.0,4.116043048641782,5.5,1.3839569513582184,Accept,1,0.6335184431759125,1.5819692759381314
human_single,214,RtS4UqSmNt,8.0,6.651521365555348,6.5,0.15152136555534756,Accept,1,0.6341587857732394,1.5782510793694327
human_single,214,RtS4UqSmNt,2.0,2.8465686509159114,6.5,3.6534313490840886,Accept,1,0.6341587857732394,1.5782510793694327
human_single,214,RtS4UqSmNt,8.0,6.651521365555348,6.5,0.15152136555534756,Accept,1,0.6341587857732394,1.5782510793694327
human_single,214,RtS4UqSmNt,8.0,6.651521365555348,6.5,0.15152136555534756,Accept,1,0.6341587857732394,1.5782510793694327
human_single,215,ZKkeA1G935,4.0,4.117554746183913,4.0,0.11755474618391304,Reject,0,0.633513361992002,1.5835012982159045
human_single,215,ZKkeA1G935,4.0,4.117554746183913,4.0,0.11755474618391304,Reject,0,0.633513361992002,1.5835012982159045
human_single,215,ZKkeA1G935,4.0,4.117554746183913,4.0,0.11755474618391304,Reject,0,0.633513361992002,1.5835012982159045
human_single,215,ZKkeA1G935,2.0,2.8505280221999083,4.0,1.1494719778000917,Reject,0,0.633513361992002,1.5835012982159045
human_single,215,ZKkeA1G935,6.0,5.384581470167917,4.0,1.3845814701679169,Reject,0,0.633513361992002,1.5835012982159045
human_single,216,FEqZmGl36g,6.0,5.384204085083055,4.8,0.584204085083055,Reject,0,0.6338575882204512,1.5810585557603476
human_single,216,FEqZmGl36g,4.0,4.116488908642152,4.8,0.6835110913578477,Reject,0,0.6338575882204512,1.5810585557603476
human_single,216,FEqZmGl36g,2.0,2.8487737322012503,4.8,1.9512262677987495,Reject,0,0.6338575882204512,1.5810585557603476
human_single,216,FEqZmGl36g,6.0,5.384204085083055,4.8,0.584204085083055,Reject,0,0.6338575882204512,1.5810585557603476
human_single,216,FEqZmGl36g,6.0,5.384204085083055,4.8,0.584204085083055,Reject,0,0.6338575882204512,1.5810585557603476
human_single,217,O75R5yyw4R,4.0,4.1170477063399815,4.67,0.5529522936600184,Reject,0,0.6331056546288373,1.5846250878246326
human_single,217,O75R5yyw4R,4.0,4.1170477063399815,4.67,0.5529522936600184,Reject,0,0.6331056546288373,1.5846250878246326
human_single,217,O75R5yyw4R,6.0,5.383259015597656,4.67,0.7132590155976564,Reject,0,0.6331056546288373,1.5846250878246326
human_single,218,pbbRmnFkjG,8.0,6.646922807344909,6.5,0.14692280734490915,Accept,1,0.6329111401604365,1.5836336860614175
human_single,218,pbbRmnFkjG,4.0,4.115278246703164,6.5,2.3847217532968363,Accept,1,0.6329111401604365,1.5836336860614175
human_single,218,pbbRmnFkjG,8.0,6.646922807344909,6.5,0.14692280734490915,Accept,1,0.6329111401604365,1.5836336860614175
human_single,218,pbbRmnFkjG,6.0,5.381100527024036,6.5,1.118899472975964,Accept,1,0.6329111401604365,1.5836336860614175
human_single,219,Rt9SeEAMWv,6.0,5.384204085083055,4.8,0.584204085083055,Reject,0,0.6338575882204512,1.5810585557603476
human_single,219,Rt9SeEAMWv,4.0,4.116488908642152,4.8,0.6835110913578477,Reject,0,0.6338575882204512,1.5810585557603476
human_single,219,Rt9SeEAMWv,2.0,2.8487737322012503,4.8,1.9512262677987495,Reject,0,0.6338575882204512,1.5810585557603476
human_single,219,Rt9SeEAMWv,6.0,5.384204085083055,4.8,0.584204085083055,Reject,0,0.6338575882204512,1.5810585557603476
human_single,219,Rt9SeEAMWv,6.0,5.384204085083055,4.8,0.584204085083055,Reject,0,0.6338575882204512,1.5810585557603476
human_single,220,7yvz93kBw9,6.0,5.381346284257756,6.0,0.6186537157422443,Accept,1,0.6325334931639505,1.5861453252740534
human_single,220,7yvz93kBw9,6.0,5.381346284257756,6.0,0.6186537157422443,Accept,1,0.6325334931639505,1.5861453252740534
human_single,220,7yvz93kBw9,6.0,5.381346284257756,6.0,0.6186537157422443,Accept,1,0.6325334931639505,1.5861453252740534
human_single,221,0zKfU1rsXd,4.0,4.1166404954292055,5.0,0.8833595045707945,Accept,1,0.6331423770729745,1.584070987137308
human_single,221,0zKfU1rsXd,4.0,4.1166404954292055,5.0,0.8833595045707945,Accept,1,0.6331423770729745,1.584070987137308
human_single,221,0zKfU1rsXd,6.0,5.382925249575155,5.0,0.3829252495751554,Accept,1,0.6331423770729745,1.584070987137308
human_single,221,0zKfU1rsXd,6.0,5.382925249575155,5.0,0.3829252495751554,Accept,1,0.6331423770729745,1.584070987137308
human_single,222,Bf4FeuW0Mr,6.0,5.378960093399785,7.0,1.621039906600215,Accept,1,0.6319261140940016,1.5874034088357751
human_single,222,Bf4FeuW0Mr,6.0,5.378960093399785,7.0,1.621039906600215,Accept,1,0.6319261140940016,1.5874034088357751
human_single,222,Bf4FeuW0Mr,8.0,6.642812321587788,7.0,0.35718767841221233,Accept,1,0.6319261140940016,1.5874034088357751
human_single,222,Bf4FeuW0Mr,8.0,6.642812321587788,7.0,0.35718767841221233,Accept,1,0.6319261140940016,1.5874034088357751
human_single,223,ck0aZTAnwK,6.0,5.377449314423501,7.5,2.122550685576499,Accept,1,0.6313155398940824,1.5895560750590065
human_single,223,ck0aZTAnwK,8.0,6.640080394211665,7.5,0.8599196057883347,Accept,1,0.6313155398940824,1.5895560750590065
human_single,223,ck0aZTAnwK,8.0,6.640080394211665,7.5,0.8599196057883347,Accept,1,0.6313155398940824,1.5895560750590065
human_single,223,ck0aZTAnwK,8.0,6.640080394211665,7.5,0.8599196057883347,Accept,1,0.6313155398940824,1.5895560750590065
human_single,224,mytIKuRsSE,8.0,6.640080394211665,7.5,0.8599196057883347,Accept,1,0.6313155398940824,1.5895560750590065
human_single,224,mytIKuRsSE,8.0,6.640080394211665,7.5,0.8599196057883347,Accept,1,0.6313155398940824,1.5895560750590065
human_single,224,mytIKuRsSE,6.0,5.377449314423501,7.5,2.122550685576499,Accept,1,0.6313155398940824,1.5895560750590065
human_single,224,mytIKuRsSE,8.0,6.640080394211665,7.5,0.8599196057883347,Accept,1,0.6313155398940824,1.5895560750590065
human_single,225,ikthqd3qF4,2.0,2.8526786026108546,2.5,0.3526786026108546,Reject,0,0.6331719079066038,1.586334786797647
human_single,225,ikthqd3qF4,4.0,4.119022418424063,2.5,1.6190224184240627,Reject,0,0.6331719079066038,1.586334786797647
human_single,225,ikthqd3qF4,4.0,4.119022418424063,2.5,1.6190224184240627,Reject,0,0.6331719079066038,1.586334786797647
human_single,225,ikthqd3qF4,0.0,1.586334786797647,2.5,0.913665213202353,Reject,0,0.6331719079066038,1.586334786797647
human_single,226,b6qQmQ2F13,2.0,2.848914832668174,5.0,2.151085167331826,Accept,1,0.6337639613855541,1.5813869098970659
human_single,226,b6qQmQ2F13,6.0,5.383970678210391,5.0,0.38397067821039066,Accept,1,0.6337639613855541,1.5813869098970659
human_single,226,b6qQmQ2F13,6.0,5.383970678210391,5.0,0.38397067821039066,Accept,1,0.6337639613855541,1.5813869098970659
human_single,226,b6qQmQ2F13,6.0,5.383970678210391,5.0,0.38397067821039066,Accept,1,0.6337639613855541,1.5813869098970659
human_single,227,c2ozZYoZFd,2.0,2.8530859087546743,2.67,0.18308590875467434,Reject,0,0.6327546635057697,1.5875765817431349
human_single,227,c2ozZYoZFd,4.0,4.118595235766214,2.67,1.4485952357662137,Reject,0,0.6327546635057697,1.5875765817431349
human_single,227,c2ozZYoZFd,2.0,2.8530859087546743,2.67,0.18308590875467434,Reject,0,0.6327546635057697,1.5875765817431349
human_single,228,HwyYpLxY0G,2.0,2.860820646787705,0.5,2.360820646787705,Reject,0,0.6304983569747196,1.599823932838266
human_single,228,HwyYpLxY0G,0.0,1.599823932838266,0.5,1.099823932838266,Reject,0,0.6304983569747196,1.599823932838266
human_single,228,HwyYpLxY0G,0.0,1.599823932838266,0.5,1.099823932838266,Reject,0,0.6304983569747196,1.599823932838266
human_single,228,HwyYpLxY0G,0.0,1.599823932838266,0.5,1.099823932838266,Reject,0,0.6304983569747196,1.599823932838266
human_single,229,VSDV0SWwOC,8.0,6.647630101128895,6.67,0.022369898871104965,Accept,1,0.6329954393976065,1.5836665859480428
human_single,229,VSDV0SWwOC,4.0,4.115648343538469,6.67,2.554351656461531,Accept,1,0.6329954393976065,1.5836665859480428
human_single,229,VSDV0SWwOC,8.0,6.647630101128895,6.67,0.022369898871104965,Accept,1,0.6329954393976065,1.5836665859480428
human_single,230,W4FAenIrQ2,6.0,5.380591598277896,6.67,1.2894084017221044,Accept,1,0.6323735898517308,1.586350059167511
human_single,230,W4FAenIrQ2,8.0,6.645338777981357,6.67,0.024661222018642626,Accept,1,0.6323735898517308,1.586350059167511
human_single,230,W4FAenIrQ2,6.0,5.380591598277896,6.67,1.2894084017221044,Accept,1,0.6323735898517308,1.586350059167511
human_single,231,dbYvP2BKCM,4.0,4.117912431214404,3.5,0.6179124312144042,Reject,0,0.6336484423423328,1.5833186618450734
human_single,231,dbYvP2BKCM,2.0,2.850615546529739,3.5,0.6493844534702609,Reject,0,0.6336484423423328,1.5833186618450734
human_single,231,dbYvP2BKCM,6.0,5.38520931589907,3.5,1.8852093158990701,Reject,0,0.6336484423423328,1.5833186618450734
human_single,231,dbYvP2BKCM,2.0,2.850615546529739,3.5,0.6493844534702609,Reject,0,0.6336484423423328,1.5833186618450734
human_single,232,lZrZgZ9wIu,2.0,2.8560167503500837,2.0,0.8560167503500837,Reject,0,0.6319423500456725,1.5921320502587388
human_single,232,lZrZgZ9wIu,2.0,2.8560167503500837,2.0,0.8560167503500837,Reject,0,0.6319423500456725,1.5921320502587388
human_single,232,lZrZgZ9wIu,2.0,2.8560167503500837,2.0,0.8560167503500837,Reject,0,0.6319423500456725,1.5921320502587388
human_single,232,lZrZgZ9wIu,2.0,2.8560167503500837,2.0,0.8560167503500837,Reject,0,0.6319423500456725,1.5921320502587388
human_single,233,GMlZt4fZSY,6.0,5.378960093399785,7.0,1.621039906600215,Accept,1,0.6319261140940016,1.5874034088357751
human_single,233,GMlZt4fZSY,8.0,6.642812321587788,7.0,0.35718767841221233,Accept,1,0.6319261140940016,1.5874034088357751
human_single,233,GMlZt4fZSY,8.0,6.642812321587788,7.0,0.35718767841221233,Accept,1,0.6319261140940016,1.5874034088357751
human_single,233,GMlZt4fZSY,6.0,5.378960093399785,7.0,1.621039906600215,Accept,1,0.6319261140940016,1.5874034088357751
human_single,234,TgLW2DiRDG,8.0,6.640080394211665,7.5,0.8599196057883347,Accept,1,0.6313155398940824,1.5895560750590065
human_single,234,TgLW2DiRDG,6.0,5.377449314423501,7.5,2.122550685576499,Accept,1,0.6313155398940824,1.5895560750590065
human_single,234,TgLW2DiRDG,8.0,6.640080394211665,7.5,0.8599196057883347,Accept,1,0.6313155398940824,1.5895560750590065
human_single,234,TgLW2DiRDG,8.0,6.640080394211665,7.5,0.8599196057883347,Accept,1,0.6313155398940824,1.5895560750590065
human_single,235,vPSiCA3CkD,8.0,6.642377054634981,7.5,0.8576229453650193,Accept,1,0.6319382117020268,1.5868713610187668
human_single,235,vPSiCA3CkD,10.0,7.906253478039035,7.5,0.40625347803903544,Accept,1,0.6319382117020268,1.5868713610187668
human_single,235,vPSiCA3CkD,6.0,5.378500631230928,7.5,2.121499368769072,Accept,1,0.6319382117020268,1.5868713610187668
human_single,235,vPSiCA3CkD,6.0,5.378500631230928,7.5,2.121499368769072,Accept,1,0.6319382117020268,1.5868713610187668
human_single,236,a7Qa4CcHak,8.0,6.643107362482137,7.33,0.6868926375178628,Accept,1,0.6318946273259272,1.58795034387472
human_single,236,a7Qa4CcHak,6.0,5.379318107830283,7.33,1.950681892169717,Accept,1,0.6318946273259272,1.58795034387472
human_single,236,a7Qa4CcHak,8.0,6.643107362482137,7.33,0.6868926375178628,Accept,1,0.6318946273259272,1.58795034387472
human_single,237,FkTEc3XEL6,0.0,1.599823932838266,0.5,1.099823932838266,Reject,0,0.6304983569747196,1.599823932838266
human_single,237,FkTEc3XEL6,0.0,1.599823932838266,0.5,1.099823932838266,Reject,0,0.6304983569747196,1.599823932838266
human_single,237,FkTEc3XEL6,2.0,2.860820646787705,0.5,2.360820646787705,Reject,0,0.6304983569747196,1.599823932838266
human_single,237,FkTEc3XEL6,0.0,1.599823932838266,0.5,1.099823932838266,Reject,0,0.6304983569747196,1.599823932838266
human_single,238,tswBfpkwHn,6.0,5.382925249575155,5.0,0.3829252495751554,Reject,0,0.6331423770729745,1.584070987137308
human_single,238,tswBfpkwHn,4.0,4.1166404954292055,5.0,0.8833595045707945,Reject,0,0.6331423770729745,1.584070987137308
human_single,238,tswBfpkwHn,6.0,5.382925249575155,5.0,0.3829252495751554,Reject,0,0.6331423770729745,1.584070987137308
human_single,238,tswBfpkwHn,4.0,4.1166404954292055,5.0,0.8833595045707945,Reject,0,0.6331423770729745,1.584070987137308
human_single,239,QIIrjgUnL1,2.0,2.8513608360976948,3.0,0.14863916390230525,Reject,0,0.6335332428243913,1.5842943504489124
human_single,239,QIIrjgUnL1,2.0,2.8513608360976948,3.0,0.14863916390230525,Reject,0,0.6335332428243913,1.5842943504489124
human_single,239,QIIrjgUnL1,2.0,2.8513608360976948,3.0,0.14863916390230525,Reject,0,0.6335332428243913,1.5842943504489124
human_single,239,QIIrjgUnL1,6.0,5.38549380739526,3.0,2.3854938073952603,Reject,0,0.6335332428243913,1.5842943504489124
human_single,240,tucuU4sQ3s,4.0,4.1162399678420964,5.5,1.3837600321579036,Accept,1,0.6328968916259938,1.5846524013381207
human_single,240,tucuU4sQ3s,6.0,5.382033751094084,5.5,0.11796624890591634,Accept,1,0.6328968916259938,1.5846524013381207
human_single,240,tucuU4sQ3s,6.0,5.382033751094084,5.5,0.11796624890591634,Accept,1,0.6328968916259938,1.5846524013381207
human_single,240,tucuU4sQ3s,6.0,5.382033751094084,5.5,0.11796624890591634,Accept,1,0.6328968916259938,1.5846524013381207
human_single,241,FDlvVdh1sB,2.0,2.8504406588008964,4.0,1.1495593411991036,Reject,0,0.6335179857863547,1.5834046872281868
human_single,241,FDlvVdh1sB,4.0,4.117476630373606,4.0,0.11747663037360567,Reject,0,0.6335179857863547,1.5834046872281868
human_single,241,FDlvVdh1sB,6.0,5.384512601946315,4.0,1.384512601946315,Reject,0,0.6335179857863547,1.5834046872281868
human_single,241,FDlvVdh1sB,4.0,4.117476630373606,4.0,0.11747663037360567,Reject,0,0.6335179857863547,1.5834046872281868
human_single,242,2uTxLC4LmC,2.0,2.847471092063367,5.0,2.152528907936633,Accept,1,0.6343867673719867,1.5786975573193933
human_single,242,2uTxLC4LmC,4.0,4.11624462680734,5.0,0.8837553731926597,Accept,1,0.6343867673719867,1.5786975573193933
human_single,242,2uTxLC4LmC,6.0,5.385018161551313,5.0,0.3850181615513133,Accept,1,0.6343867673719867,1.5786975573193933
human_single,242,2uTxLC4LmC,8.0,6.653791696295287,5.0,1.6537916962952872,Accept,1,0.6343867673719867,1.5786975573193933
human_single,243,M14YpuTejd,6.0,5.384443825190608,4.0,1.3844438251906084,Reject,0,0.6335226034397137,1.5833082045523266
human_single,243,M14YpuTejd,2.0,2.8503534114317537,4.0,1.1496465885682463,Reject,0,0.6335226034397137,1.5833082045523266
human_single,243,M14YpuTejd,4.0,4.1173986183111815,4.0,0.11739861831118148,Reject,0,0.6335226034397137,1.5833082045523266
human_single,244,eu3PwSle8J,6.0,5.383259015597655,4.67,0.7132590155976555,Reject,0,0.6331056546288371,1.5846250878246328
human_single,244,eu3PwSle8J,4.0,4.1170477063399815,4.67,0.5529522936600184,Reject,0,0.6331056546288371,1.5846250878246328
human_single,244,eu3PwSle8J,4.0,4.1170477063399815,4.67,0.5529522936600184,Reject,0,0.6331056546288371,1.5846250878246328
human_single,245,31CznLfRIS,4.0,4.117118805967473,4.5,0.3828811940325272,Accept,1,0.6331423502977302,1.5845494047765516
human_single,245,31CznLfRIS,4.0,4.117118805967473,4.5,0.3828811940325272,Accept,1,0.6331423502977302,1.5845494047765516
human_single,245,31CznLfRIS,6.0,5.383403506562933,4.5,0.8834035065629333,Accept,1,0.6331423502977302,1.5845494047765516
human_single,245,31CznLfRIS,4.0,4.117118805967473,4.5,0.3828811940325272,Accept,1,0.6331423502977302,1.5845494047765516
human_single,246,1PIfB5w05x,8.0,6.640080394211665,7.5,0.8599196057883347,Accept,1,0.6313155398940824,1.5895560750590063
human_single,246,1PIfB5w05x,8.0,6.640080394211665,7.5,0.8599196057883347,Accept,1,0.6313155398940824,1.5895560750590063
human_single,246,1PIfB5w05x,8.0,6.640080394211665,7.5,0.8599196057883347,Accept,1,0.6313155398940824,1.5895560750590063
human_single,246,1PIfB5w05x,6.0,5.377449314423501,7.5,2.122550685576499,Accept,1,0.6313155398940824,1.5895560750590063
human_single,247,O6n4dgTBBL,0.0,1.5952443337321363,0.67,0.9252443337321362,Reject,0,0.6313143552726849,1.5952443337321363
human_single,247,O6n4dgTBBL,0.0,1.5952443337321363,0.67,0.9252443337321362,Reject,0,0.6313143552726849,1.5952443337321363
human_single,247,O6n4dgTBBL,2.0,2.8578730442775058,0.67,2.187873044277506,Reject,0,0.6313143552726849,1.5952443337321363
human_single,248,Wes9HF3ppt,4.0,4.1166404954292055,5.0,0.8833595045707945,Reject,0,0.6331423770729745,1.584070987137308
human_single,248,Wes9HF3ppt,6.0,5.382925249575155,5.0,0.3829252495751554,Reject,0,0.6331423770729745,1.584070987137308
human_single,248,Wes9HF3ppt,6.0,5.382925249575155,5.0,0.3829252495751554,Reject,0,0.6331423770729745,1.584070987137308
human_single,248,Wes9HF3ppt,4.0,4.1166404954292055,5.0,0.8833595045707945,Reject,0,0.6331423770729745,1.584070987137308
human_single,249,CNrU5kGJYG,6.0,5.382033751094083,5.5,0.11796624890591723,Accept,1,0.6328968916259937,1.5846524013381205
human_single,249,CNrU5kGJYG,6.0,5.382033751094083,5.5,0.11796624890591723,Accept,1,0.6328968916259937,1.5846524013381205
human_single,249,CNrU5kGJYG,4.0,4.116239967842096,5.5,1.3837600321579044,Accept,1,0.6328968916259937,1.5846524013381205
human_single,249,CNrU5kGJYG,6.0,5.382033751094083,5.5,0.11796624890591723,Accept,1,0.6328968916259937,1.5846524013381205
human_single,250,fBc9v8CVvm,6.0,5.382590561479578,5.33,0.05259056147957786,Accept,1,0.6329847063792214,1.5846823232042495
human_single,250,fBc9v8CVvm,6.0,5.382590561479578,5.33,0.05259056147957786,Accept,1,0.6329847063792214,1.5846823232042495
human_single,250,fBc9v8CVvm,4.0,4.116621148721135,5.33,1.2133788512788648,Accept,1,0.6329847063792214,1.5846823232042495
human_single,251,MrJoBgN1VO,6.0,5.382033751094084,5.5,0.11796624890591634,Accept,1,0.6328968916259937,1.5846524013381211
human_single,251,MrJoBgN1VO,6.0,5.382033751094084,5.5,0.11796624890591634,Accept,1,0.6328968916259937,1.5846524013381211
human_single,251,MrJoBgN1VO,4.0,4.1162399678420964,5.5,1.3837600321579036,Accept,1,0.6328968916259937,1.5846524013381211
human_single,251,MrJoBgN1VO,6.0,5.382033751094084,5.5,0.11796624890591634,Accept,1,0.6328968916259937,1.5846524013381211
human_single,252,sh1hWO9RHo,4.0,4.117118805967472,4.5,0.38288119403252807,Reject,0,0.6331423502977302,1.5845494047765514
human_single,252,sh1hWO9RHo,4.0,4.117118805967472,4.5,0.38288119403252807,Reject,0,0.6331423502977302,1.5845494047765514
human_single,252,sh1hWO9RHo,6.0,5.383403506562933,4.5,0.8834035065629333,Reject,0,0.6331423502977302,1.5845494047765514
human_single,252,sh1hWO9RHo,4.0,4.117118805967472,4.5,0.38288119403252807,Reject,0,0.6331423502977302,1.5845494047765514
human_single,253,5Y4wvlp923,0.0,1.5998239328382662,0.5,1.0998239328382662,Reject,0,0.6304983569747196,1.5998239328382662
human_single,253,5Y4wvlp923,2.0,2.8608206467877055,0.5,2.3608206467877055,Reject,0,0.6304983569747196,1.5998239328382662
human_single,253,5Y4wvlp923,0.0,1.5998239328382662,0.5,1.0998239328382662,Reject,0,0.6304983569747196,1.5998239328382662
human_single,253,5Y4wvlp923,0.0,1.5998239328382662,0.5,1.0998239328382662,Reject,0,0.6304983569747196,1.5998239328382662
human_single,254,oGbzk8xuVT,2.0,2.8504406588008964,4.0,1.1495593411991036,Reject,0,0.6335179857863547,1.5834046872281868
human_single,254,oGbzk8xuVT,6.0,5.384512601946315,4.0,1.384512601946315,Reject,0,0.6335179857863547,1.5834046872281868
human_single,254,oGbzk8xuVT,4.0,4.117476630373606,4.0,0.11747663037360567,Reject,0,0.6335179857863547,1.5834046872281868
human_single,254,oGbzk8xuVT,4.0,4.117476630373606,4.0,0.11747663037360567,Reject,0,0.6335179857863547,1.5834046872281868
human_single,255,CTEXdHB1BB,6.0,5.385018161551314,5.0,0.3850181615513142,Accept,1,0.6343867673719867,1.5786975573193935
human_single,255,CTEXdHB1BB,4.0,4.11624462680734,5.0,0.8837553731926597,Accept,1,0.6343867673719867,1.5786975573193935
human_single,255,CTEXdHB1BB,2.0,2.8474710920633672,5.0,2.1525289079366328,Accept,1,0.6343867673719867,1.5786975573193935
human_single,255,CTEXdHB1BB,8.0,6.653791696295287,5.0,1.6537916962952872,Accept,1,0.6343867673719867,1.5786975573193935
human_single,256,GODFBZhFcX,6.0,5.384447775546014,4.5,0.8844477755460138,Accept,1,0.6337637267989125,1.581865414752539
human_single,256,GODFBZhFcX,2.0,2.849392868350364,4.5,1.650607131649636,Accept,1,0.6337637267989125,1.581865414752539
human_single,256,GODFBZhFcX,6.0,5.384447775546014,4.5,0.8844477755460138,Accept,1,0.6337637267989125,1.581865414752539
human_single,256,GODFBZhFcX,4.0,4.116920321948189,4.5,0.38307967805181065,Accept,1,0.6337637267989125,1.581865414752539
human_single,257,Vsgq2ldr4K,8.0,6.640080394211665,7.5,0.8599196057883347,Accept,1,0.6313155398940824,1.5895560750590065
human_single,257,Vsgq2ldr4K,8.0,6.640080394211665,7.5,0.8599196057883347,Accept,1,0.6313155398940824,1.5895560750590065
human_single,257,Vsgq2ldr4K,6.0,5.377449314423501,7.5,2.122550685576499,Accept,1,0.6313155398940824,1.5895560750590065
human_single,257,Vsgq2ldr4K,8.0,6.640080394211665,7.5,0.8599196057883347,Accept,1,0.6313155398940824,1.5895560750590065
human_single,258,8ZQ0HjBOEc,2.0,2.8504406588008964,4.0,1.1495593411991036,Reject,0,0.6335179857863547,1.5834046872281868
human_single,258,8ZQ0HjBOEc,4.0,4.117476630373606,4.0,0.11747663037360567,Reject,0,0.6335179857863547,1.5834046872281868
human_single,258,8ZQ0HjBOEc,4.0,4.117476630373606,4.0,0.11747663037360567,Reject,0,0.6335179857863547,1.5834046872281868
human_single,258,8ZQ0HjBOEc,6.0,5.384512601946315,4.0,1.384512601946315,Reject,0,0.6335179857863547,1.5834046872281868
human_single,259,SpUXijnBEg,4.0,4.117912431214405,3.5,0.6179124312144051,Reject,0,0.6336484423423329,1.5833186618450734
human_single,259,SpUXijnBEg,2.0,2.850615546529739,3.5,0.6493844534702609,Reject,0,0.6336484423423329,1.5833186618450734
human_single,259,SpUXijnBEg,6.0,5.38520931589907,3.5,1.8852093158990701,Reject,0,0.6336484423423329,1.5833186618450734
human_single,259,SpUXijnBEg,2.0,2.850615546529739,3.5,0.6493844534702609,Reject,0,0.6336484423423329,1.5833186618450734
human_single,260,QryPmx2MNh,4.0,4.118112562044917,3.5,0.6181125620449173,Reject,0,0.633026983447547,1.5860046282547287
human_single,260,QryPmx2MNh,4.0,4.118112562044917,3.5,0.6181125620449173,Reject,0,0.633026983447547,1.5860046282547287
human_single,260,QryPmx2MNh,2.0,2.8520585951498227,3.5,0.6479414048501773,Reject,0,0.633026983447547,1.5860046282547287
human_single,260,QryPmx2MNh,4.0,4.118112562044917,3.5,0.6181125620449173,Reject,0,0.633026983447547,1.5860046282547287
human_single,261,qCfYOLAzti,6.0,5.381774167518427,6.0,0.6182258324815733,Accept,1,0.6330269245252569,1.5836126203668854
human_single,261,qCfYOLAzti,6.0,5.381774167518427,6.0,0.6182258324815733,Accept,1,0.6330269245252569,1.5836126203668854
human_single,261,qCfYOLAzti,4.0,4.115720318467913,6.0,1.884279681532087,Accept,1,0.6330269245252569,1.5836126203668854
human_single,261,qCfYOLAzti,8.0,6.6478280165689405,6.0,0.6478280165689405,Accept,1,0.6330269245252569,1.5836126203668854
human_single,262,4Ha2srdhPN,2.0,2.8465018908914432,4.5,1.6534981091085568,Reject,0,0.6350101459731652,1.576481598945113
human_single,262,4Ha2srdhPN,8.0,6.656562766730435,4.5,2.156562766730435,Reject,0,0.6350101459731652,1.576481598945113
human_single,262,4Ha2srdhPN,2.0,2.8465018908914432,4.5,1.6534981091085568,Reject,0,0.6350101459731652,1.576481598945113
human_single,262,4Ha2srdhPN,6.0,5.386542474784104,4.5,0.886542474784104,Reject,0,0.6350101459731652,1.576481598945113
human_single,263,2hTLJEgCbv,0.0,1.5961839739115549,1.0,0.5961839739115549,Reject,0,0.6312279795210364,1.5961839739115549
human_single,263,2hTLJEgCbv,0.0,1.5961839739115549,1.0,0.5961839739115549,Reject,0,0.6312279795210364,1.5961839739115549
human_single,263,2hTLJEgCbv,2.0,2.8586399329536274,1.0,1.8586399329536274,Reject,0,0.6312279795210364,1.5961839739115549
human_single,263,2hTLJEgCbv,2.0,2.8586399329536274,1.0,1.8586399329536274,Reject,0,0.6312279795210364,1.5961839739115549
human_single,264,Kw2mvnzCoc,6.0,5.384447775546011,4.5,0.8844477755460112,Accept,1,0.6337637267989122,1.581865414752538
human_single,264,Kw2mvnzCoc,6.0,5.384447775546011,4.5,0.8844477755460112,Accept,1,0.6337637267989122,1.581865414752538
human_single,264,Kw2mvnzCoc,4.0,4.116920321948187,4.5,0.3830796780518133,Accept,1,0.6337637267989122,1.581865414752538
human_single,264,Kw2mvnzCoc,2.0,2.849392868350362,4.5,1.6506071316496378,Accept,1,0.6337637267989122,1.581865414752538
human_single,265,cP9ciYglnI,6.0,5.384443825190608,4.0,1.3844438251906084,Reject,0,0.6335226034397137,1.5833082045523266
human_single,265,cP9ciYglnI,4.0,4.1173986183111815,4.0,0.11739861831118148,Reject,0,0.6335226034397137,1.5833082045523266
human_single,265,cP9ciYglnI,2.0,2.8503534114317537,4.0,1.1496465885682463,Reject,0,0.6335226034397137,1.5833082045523266
human_single,266,pNpnqsn0Si,4.0,4.118628356686891,3.0,1.1186283566868909,Reject,0,0.6329114936336994,1.5869823821520932
human_single,266,pNpnqsn0Si,2.0,2.852805369419492,3.0,0.14719463058050808,Reject,0,0.6329114936336994,1.5869823821520932
human_single,266,pNpnqsn0Si,4.0,4.118628356686891,3.0,1.1186283566868909,Reject,0,0.6329114936336994,1.5869823821520932
human_single,266,pNpnqsn0Si,2.0,2.852805369419492,3.0,0.14719463058050808,Reject,0,0.6329114936336994,1.5869823821520932
human_single,267,5o0zF03RP9,2.0,2.860820646787705,0.5,2.360820646787705,Reject,0,0.6304983569747196,1.599823932838266
human_single,267,5o0zF03RP9,0.0,1.599823932838266,0.5,1.099823932838266,Reject,0,0.6304983569747196,1.599823932838266
human_single,267,5o0zF03RP9,0.0,1.599823932838266,0.5,1.099823932838266,Reject,0,0.6304983569747196,1.599823932838266
human_single,267,5o0zF03RP9,0.0,1.599823932838266,0.5,1.099823932838266,Reject,0,0.6304983569747196,1.599823932838266
human_single,268,32mrjmaeMP,6.0,5.384447775546011,4.5,0.8844477755460112,Accept,1,0.6337637267989122,1.581865414752538
human_single,268,32mrjmaeMP,6.0,5.384447775546011,4.5,0.8844477755460112,Accept,1,0.6337637267989122,1.581865414752538
human_single,268,32mrjmaeMP,4.0,4.116920321948187,4.5,0.3830796780518133,Accept,1,0.6337637267989122,1.581865414752538
human_single,268,32mrjmaeMP,2.0,2.849392868350362,4.5,1.6506071316496378,Accept,1,0.6337637267989122,1.581865414752538
human_single,269,xDO0239YOm,2.0,2.8560219795007518,1.33,1.5260219795007517,Reject,0,0.6319093169373521,1.5922033456260474
human_single,269,xDO0239YOm,0.0,1.5922033456260474,1.33,0.2622033456260473,Reject,0,0.6319093169373521,1.5922033456260474
human_single,269,xDO0239YOm,2.0,2.8560219795007518,1.33,1.5260219795007517,Reject,0,0.6319093169373521,1.5922033456260474
human_single,270,6rz7VyAatm,0.0,1.577930876605855,3.5,1.922069123394145,Reject,0,0.6348950279466994,1.577930876605855
human_single,270,6rz7VyAatm,6.0,5.387301044286051,3.5,1.8873010442860512,Reject,0,0.6348950279466994,1.577930876605855
human_single,270,6rz7VyAatm,2.0,2.8477209324992536,3.5,0.6522790675007464,Reject,0,0.6348950279466994,1.577930876605855
human_single,270,6rz7VyAatm,6.0,5.387301044286051,3.5,1.8873010442860512,Reject,0,0.6348950279466994,1.577930876605855
human_single,271,ZNAY3ivd62,2.0,2.8504406588008964,4.0,1.1495593411991036,Reject,0,0.6335179857863547,1.5834046872281868
human_single,271,ZNAY3ivd62,4.0,4.117476630373606,4.0,0.11747663037360567,Reject,0,0.6335179857863547,1.5834046872281868
human_single,271,ZNAY3ivd62,6.0,5.384512601946315,4.0,1.384512601946315,Reject,0,0.6335179857863547,1.5834046872281868
human_single,271,ZNAY3ivd62,4.0,4.117476630373606,4.0,0.11747663037360567,Reject,0,0.6335179857863547,1.5834046872281868
human_single,272,sSbEEHNEsL,8.0,6.636429919357635,8.0,1.363570080642365,Accept,1,0.6304564481085897,1.5927783344889177
human_single,272,sSbEEHNEsL,8.0,6.636429919357635,8.0,1.363570080642365,Accept,1,0.6304564481085897,1.5927783344889177
human_single,272,sSbEEHNEsL,8.0,6.636429919357635,8.0,1.363570080642365,Accept,1,0.6304564481085897,1.5927783344889177
human_single,272,sSbEEHNEsL,8.0,6.636429919357635,8.0,1.363570080642365,Accept,1,0.6304564481085897,1.5927783344889177
human_single,273,x6iodYWNty,6.0,5.382590561479578,5.33,0.05259056147957786,Accept,1,0.6329847063792214,1.5846823232042495
human_single,273,x6iodYWNty,6.0,5.382590561479578,5.33,0.05259056147957786,Accept,1,0.6329847063792214,1.5846823232042495
human_single,273,x6iodYWNty,4.0,4.116621148721135,5.33,1.2133788512788648,Accept,1,0.6329847063792214,1.5846823232042495
human_single,274,BiXwSIIMIq,6.0,5.383403506562933,4.5,0.8834035065629333,Accept,1,0.6331423502977302,1.5845494047765516
human_single,274,BiXwSIIMIq,4.0,4.117118805967473,4.5,0.3828811940325272,Accept,1,0.6331423502977302,1.5845494047765516
human_single,274,BiXwSIIMIq,4.0,4.117118805967473,4.5,0.3828811940325272,Accept,1,0.6331423502977302,1.5845494047765516
human_single,274,BiXwSIIMIq,4.0,4.117118805967473,4.5,0.3828811940325272,Accept,1,0.6331423502977302,1.5845494047765516
human_single,275,Y6lVVJHiwN,6.0,5.384557569487491,4.4,0.9845575694874906,Reject,0,0.6337836778044694,1.5818555026606749
human_single,275,Y6lVVJHiwN,4.0,4.116990213878553,4.4,0.2830097861214478,Reject,0,0.6337836778044694,1.5818555026606749
human_single,275,Y6lVVJHiwN,2.0,2.8494228582696137,4.4,1.5505771417303866,Reject,0,0.6337836778044694,1.5818555026606749
human_single,275,Y6lVVJHiwN,4.0,4.116990213878553,4.4,0.2830097861214478,Reject,0,0.6337836778044694,1.5818555026606749
human_single,275,Y6lVVJHiwN,6.0,5.384557569487491,4.4,0.9845575694874906,Reject,0,0.6337836778044694,1.5818555026606749
human_single,276,e9JphzQ5Gr,6.0,5.385626100259066,4.0,1.3856261002590662,Reject,0,0.6341355134798553,1.5808130193799343
human_single,276,e9JphzQ5Gr,2.0,2.849084046339645,4.0,1.150915953660355,Reject,0,0.6341355134798553,1.5808130193799343
human_single,276,e9JphzQ5Gr,6.0,5.385626100259066,4.0,1.3856261002590662,Reject,0,0.6341355134798553,1.5808130193799343
human_single,276,e9JphzQ5Gr,4.0,4.117355073299356,4.0,0.1173550732993558,Reject,0,0.6341355134798553,1.5808130193799343
human_single,276,e9JphzQ5Gr,2.0,2.849084046339645,4.0,1.150915953660355,Reject,0,0.6341355134798553,1.5808130193799343
human_single,277,ZNAY3ivd62,2.0,2.8504406588008964,4.0,1.1495593411991036,Reject,0,0.6335179857863547,1.5834046872281868
human_single,277,ZNAY3ivd62,4.0,4.117476630373606,4.0,0.11747663037360567,Reject,0,0.6335179857863547,1.5834046872281868
human_single,277,ZNAY3ivd62,6.0,5.384512601946315,4.0,1.384512601946315,Reject,0,0.6335179857863547,1.5834046872281868
human_single,277,ZNAY3ivd62,4.0,4.117476630373606,4.0,0.11747663037360567,Reject,0,0.6335179857863547,1.5834046872281868
human_single,278,Rip3EJc4nx,4.0,4.117675780875619,4.0,0.11767578087561859,Reject,0,0.6328970571886041,1.5860875521212021
human_single,278,Rip3EJc4nx,4.0,4.117675780875619,4.0,0.11767578087561859,Reject,0,0.6328970571886041,1.5860875521212021
human_single,278,Rip3EJc4nx,4.0,4.117675780875619,4.0,0.11767578087561859,Reject,0,0.6328970571886041,1.5860875521212021
human_single,278,Rip3EJc4nx,4.0,4.117675780875619,4.0,0.11767578087561859,Reject,0,0.6328970571886041,1.5860875521212021
human_single,279,1AYy3T3Xjk,2.0,2.85412406129476,2.5,0.35412406129476004,Reject,0,0.6325501093589002,1.5890238425769594
human_single,279,1AYy3T3Xjk,4.0,4.11922428001256,2.5,1.6192242800125598,Reject,0,0.6325501093589002,1.5890238425769594
human_single,279,1AYy3T3Xjk,2.0,2.85412406129476,2.5,0.35412406129476004,Reject,0,0.6325501093589002,1.5890238425769594
human_single,279,1AYy3T3Xjk,2.0,2.85412406129476,2.5,0.35412406129476004,Reject,0,0.6325501093589002,1.5890238425769594
human_single,280,bhR00j6Mku,8.0,6.645338777981355,6.67,0.02466122201864529,Accept,1,0.6323735898517305,1.5863500591675102
human_single,280,bhR00j6Mku,6.0,5.380591598277894,6.67,1.2894084017221061,Accept,1,0.6323735898517305,1.5863500591675102
human_single,280,bhR00j6Mku,6.0,5.380591598277894,6.67,1.2894084017221061,Accept,1,0.6323735898517305,1.5863500591675102
human_single,281,lJ7zecny2e,6.0,5.384884562211017,5.0,0.38488456221101686,Accept,1,0.6345008337111252,1.5778795599442659
human_single,281,lJ7zecny2e,6.0,5.384884562211017,5.0,0.38488456221101686,Accept,1,0.6345008337111252,1.5778795599442659
human_single,281,lJ7zecny2e,4.0,4.115882894788767,5.0,0.8841171052112333,Accept,1,0.6345008337111252,1.5778795599442659
human_single,281,lJ7zecny2e,8.0,6.653886229633267,5.0,1.653886229633267,Accept,1,0.6345008337111252,1.5778795599442659
human_single,281,lJ7zecny2e,4.0,4.115882894788767,5.0,0.8841171052112333,Accept,1,0.6345008337111252,1.5778795599442659
human_single,281,lJ7zecny2e,2.0,2.8468812273665165,5.0,2.1531187726334835,Accept,1,0.6345008337111252,1.5778795599442659
human_single,282,1E4Bltg6Xb,6.0,5.3843033402916065,4.67,0.7143033402916066,Accept,1,0.6337269873440379,1.5819414162273793
human_single,282,1E4Bltg6Xb,6.0,5.3843033402916065,4.67,0.7143033402916066,Accept,1,0.6337269873440379,1.5819414162273793
human_single,282,1E4Bltg6Xb,2.0,2.849395390915455,4.67,1.820604609084545,Accept,1,0.6337269873440379,1.5819414162273793
human_single,283,YETCQLcKtn,4.0,4.116721447955104,4.5,0.3832785520448958,Accept,1,0.6343863241568662,1.5791761513276397
human_single,283,YETCQLcKtn,4.0,4.116721447955104,4.5,0.3832785520448958,Accept,1,0.6343863241568662,1.5791761513276397
human_single,283,YETCQLcKtn,2.0,2.8479487996413724,4.5,1.6520512003586276,Accept,1,0.6343863241568662,1.5791761513276397
human_single,283,YETCQLcKtn,8.0,6.65426674458257,4.5,2.1542667445825696,Accept,1,0.6343863241568662,1.5791761513276397
human_single,284,0aBAAS0rRT,6.0,5.382590561479578,5.33,0.05259056147957786,Accept,1,0.6329847063792214,1.5846823232042495
human_single,284,0aBAAS0rRT,4.0,4.116621148721135,5.33,1.2133788512788648,Accept,1,0.6329847063792214,1.5846823232042495
human_single,284,0aBAAS0rRT,6.0,5.382590561479578,5.33,0.05259056147957786,Accept,1,0.6329847063792214,1.5846823232042495
human_single,285,5T1vMQldr8,4.0,4.117597638017496,4.0,0.11759763801749568,Reject,0,0.6329016781364641,1.5859909254716393
human_single,285,5T1vMQldr8,4.0,4.117597638017496,4.0,0.11759763801749568,Reject,0,0.6329016781364641,1.5859909254716393
human_single,285,5T1vMQldr8,4.0,4.117597638017496,4.0,0.11759763801749568,Reject,0,0.6329016781364641,1.5859909254716393
human_single,286,0obDxMfeYu,2.0,2.8512207610115192,3.2,0.34877923898848096,Reject,0,0.6336267752300223,1.5839672105514748
human_single,286,0obDxMfeYu,2.0,2.8512207610115192,3.2,0.34877923898848096,Reject,0,0.6336267752300223,1.5839672105514748
human_single,286,0obDxMfeYu,4.0,4.118474311471564,3.2,0.9184743114715639,Reject,0,0.6336267752300223,1.5839672105514748
human_single,286,0obDxMfeYu,2.0,2.8512207610115192,3.2,0.34877923898848096,Reject,0,0.6336267752300223,1.5839672105514748
human_single,286,0obDxMfeYu,6.0,5.385727861931608,3.2,2.185727861931608,Reject,0,0.6336267752300223,1.5839672105514748
human_single,287,R0ZKcQlF2C,4.0,4.1173986183111815,4.0,0.11739861831118148,Reject,0,0.6335226034397138,1.5833082045523263
human_single,287,R0ZKcQlF2C,2.0,2.8503534114317537,4.0,1.1496465885682463,Reject,0,0.6335226034397138,1.5833082045523263
human_single,287,R0ZKcQlF2C,6.0,5.384443825190608,4.0,1.3844438251906084,Reject,0,0.6335226034397138,1.5833082045523263
human_single,288,YvMkU4BYOA,2.0,2.8560167503500837,2.0,0.8560167503500837,Reject,0,0.6319423500456725,1.5921320502587388
human_single,288,YvMkU4BYOA,2.0,2.8560167503500837,2.0,0.8560167503500837,Reject,0,0.6319423500456725,1.5921320502587388
human_single,288,YvMkU4BYOA,2.0,2.8560167503500837,2.0,0.8560167503500837,Reject,0,0.6319423500456725,1.5921320502587388
human_single,288,YvMkU4BYOA,2.0,2.8560167503500837,2.0,0.8560167503500837,Reject,0,0.6319423500456725,1.5921320502587388
human_single,289,N7ziRPTNdT,6.0,5.382033751094084,5.5,0.11796624890591634,Reject,0,0.6328968916259937,1.5846524013381211
human_single,289,N7ziRPTNdT,6.0,5.382033751094084,5.5,0.11796624890591634,Reject,0,0.6328968916259937,1.5846524013381211
human_single,289,N7ziRPTNdT,6.0,5.382033751094084,5.5,0.11796624890591634,Reject,0,0.6328968916259937,1.5846524013381211
human_single,289,N7ziRPTNdT,4.0,4.1162399678420964,5.5,1.3837600321579036,Reject,0,0.6328968916259937,1.5846524013381211
human_single,290,Ksvv8x00eo,6.0,5.38520931589907,3.5,1.8852093158990701,Reject,0,0.6336484423423328,1.5833186618450734
human_single,290,Ksvv8x00eo,2.0,2.850615546529739,3.5,0.6493844534702609,Reject,0,0.6336484423423328,1.5833186618450734
human_single,290,Ksvv8x00eo,4.0,4.117912431214404,3.5,0.6179124312144042,Reject,0,0.6336484423423328,1.5833186618450734
human_single,290,Ksvv8x00eo,2.0,2.850615546529739,3.5,0.6493844534702609,Reject,0,0.6336484423423328,1.5833186618450734
human_single,291,beV5wMTRIq,2.0,2.8560167503500837,2.0,0.8560167503500837,Reject,0,0.6319423500456725,1.5921320502587388
human_single,291,beV5wMTRIq,2.0,2.8560167503500837,2.0,0.8560167503500837,Reject,0,0.6319423500456725,1.5921320502587388
human_single,291,beV5wMTRIq,2.0,2.8560167503500837,2.0,0.8560167503500837,Reject,0,0.6319423500456725,1.5921320502587388
human_single,291,beV5wMTRIq,2.0,2.8560167503500837,2.0,0.8560167503500837,Reject,0,0.6319423500456725,1.5921320502587388
human_single,292,C6WWMryELL,6.0,5.382033751094084,5.5,0.11796624890591634,Reject,0,0.6328968916259938,1.584652401338121
human_single,292,C6WWMryELL,4.0,4.1162399678420964,5.5,1.3837600321579036,Reject,0,0.6328968916259938,1.584652401338121
human_single,292,C6WWMryELL,6.0,5.382033751094084,5.5,0.11796624890591634,Reject,0,0.6328968916259938,1.584652401338121
human_single,292,C6WWMryELL,6.0,5.382033751094084,5.5,0.11796624890591634,Reject,0,0.6328968916259938,1.584652401338121
human_single,293,k6nTUFoqeT,6.0,5.381100527024037,6.5,1.1188994729759631,Accept,1,0.6329111401604366,1.5836336860614173
human_single,293,k6nTUFoqeT,8.0,6.64692280734491,6.5,0.14692280734491003,Accept,1,0.6329111401604366,1.5836336860614173
human_single,293,k6nTUFoqeT,4.0,4.115278246703164,6.5,2.3847217532968363,Accept,1,0.6329111401604366,1.5836336860614173
human_single,293,k6nTUFoqeT,8.0,6.64692280734491,6.5,0.14692280734491003,Accept,1,0.6329111401604366,1.5836336860614173
human_single,294,Gk7gLAtVDO,8.0,6.640080394211665,7.5,0.8599196057883347,Accept,1,0.6313155398940824,1.5895560750590065
human_single,294,Gk7gLAtVDO,8.0,6.640080394211665,7.5,0.8599196057883347,Accept,1,0.6313155398940824,1.5895560750590065
human_single,294,Gk7gLAtVDO,8.0,6.640080394211665,7.5,0.8599196057883347,Accept,1,0.6313155398940824,1.5895560750590065
human_single,294,Gk7gLAtVDO,6.0,5.377449314423501,7.5,2.122550685576499,Accept,1,0.6313155398940824,1.5895560750590065
human_single,295,65Ai8mLfjI,4.0,4.116043048641782,5.5,1.3839569513582184,Accept,1,0.6335184431759125,1.5819692759381314
human_single,295,65Ai8mLfjI,8.0,6.650116821345431,5.5,1.1501168213454314,Accept,1,0.6335184431759125,1.5819692759381314
human_single,295,65Ai8mLfjI,6.0,5.3830799349936065,5.5,0.11692006500639351,Accept,1,0.6335184431759125,1.5819692759381314
human_single,295,65Ai8mLfjI,4.0,4.116043048641782,5.5,1.3839569513582184,Accept,1,0.6335184431759125,1.5819692759381314
human_single,296,DAPcmFcqgd,2.0,2.8586399329536274,1.0,1.8586399329536274,Reject,0,0.6312279795210364,1.5961839739115549
human_single,296,DAPcmFcqgd,2.0,2.8586399329536274,1.0,1.8586399329536274,Reject,0,0.6312279795210364,1.5961839739115549
human_single,296,DAPcmFcqgd,0.0,1.5961839739115549,1.0,0.5961839739115549,Reject,0,0.6312279795210364,1.5961839739115549
human_single,296,DAPcmFcqgd,0.0,1.5961839739115549,1.0,0.5961839739115549,Reject,0,0.6312279795210364,1.5961839739115549
human_single,297,Ry8jLSYIUG,4.0,4.116621148721135,5.33,1.2133788512788648,Reject,0,0.6329847063792214,1.5846823232042495
human_single,297,Ry8jLSYIUG,6.0,5.382590561479578,5.33,0.05259056147957786,Reject,0,0.6329847063792214,1.5846823232042495
human_single,297,Ry8jLSYIUG,6.0,5.382590561479578,5.33,0.05259056147957786,Reject,0,0.6329847063792214,1.5846823232042495
human_single,298,ei1bRG971A,4.0,4.11704770633998,4.67,0.5529522936600202,Accept,1,0.6331056546288368,1.5846250878246328
human_single,298,ei1bRG971A,4.0,4.11704770633998,4.67,0.5529522936600202,Accept,1,0.6331056546288368,1.5846250878246328
human_single,298,ei1bRG971A,6.0,5.383259015597654,4.67,0.7132590155976537,Accept,1,0.6331056546288368,1.5846250878246328
human_single,299,hQZQVLJrH9,4.0,4.1169203219481885,4.5,0.38307967805181153,Reject,0,0.6337637267989125,1.5818654147525384
human_single,299,hQZQVLJrH9,2.0,2.849392868350363,4.5,1.650607131649637,Reject,0,0.6337637267989125,1.5818654147525384
human_single,299,hQZQVLJrH9,6.0,5.384447775546013,4.5,0.884447775546013,Reject,0,0.6337637267989125,1.5818654147525384
human_single,299,hQZQVLJrH9,6.0,5.384447775546013,4.5,0.884447775546013,Reject,0,0.6337637267989125,1.5818654147525384
human_single,300,1j0ormf8uI,8.0,6.653284180758348,5.2,1.4532841807583479,Accept,1,0.6343578903830238,1.5784210576941577
human_single,300,1j0ormf8uI,4.0,4.115852619226253,5.2,1.0841473807737474,Accept,1,0.6343578903830238,1.5784210576941577
human_single,300,1j0ormf8uI,6.0,5.3845683999923,5.2,0.18456839999230024,Accept,1,0.6343578903830238,1.5784210576941577
human_single,300,1j0ormf8uI,6.0,5.3845683999923,5.2,0.18456839999230024,Accept,1,0.6343578903830238,1.5784210576941577
human_single,300,1j0ormf8uI,2.0,2.847136838460205,5.2,2.352863161539795,Accept,1,0.6343578903830238,1.5784210576941577
human_single,301,oh9ChF7Pv0,6.0,5.3843033402916065,4.67,0.7143033402916066,Accept,1,0.6337269873440379,1.581941416227379
human_single,301,oh9ChF7Pv0,6.0,5.3843033402916065,4.67,0.7143033402916066,Accept,1,0.6337269873440379,1.581941416227379
human_single,301,oh9ChF7Pv0,2.0,2.849395390915455,4.67,1.820604609084545,Accept,1,0.6337269873440379,1.581941416227379
human_single,302,SA8xDYrUYB,4.0,4.118112562044916,3.5,0.6181125620449164,Accept,1,0.6330269834475468,1.5860046282547289
human_single,302,SA8xDYrUYB,4.0,4.118112562044916,3.5,0.6181125620449164,Accept,1,0.6330269834475468,1.5860046282547289
human_single,302,SA8xDYrUYB,2.0,2.8520585951498223,3.5,0.6479414048501777,Accept,1,0.6330269834475468,1.5860046282547289
human_single,302,SA8xDYrUYB,4.0,4.118112562044916,3.5,0.6181125620449164,Accept,1,0.6330269834475468,1.5860046282547289
human_single,303,0JLUFJMo5p,0.0,1.5961839739115549,1.0,0.5961839739115549,Reject,0,0.6312279795210364,1.5961839739115549
human_single,303,0JLUFJMo5p,2.0,2.8586399329536274,1.0,1.8586399329536274,Reject,0,0.6312279795210364,1.5961839739115549
human_single,303,0JLUFJMo5p,0.0,1.5961839739115549,1.0,0.5961839739115549,Reject,0,0.6312279795210364,1.5961839739115549
human_single,303,0JLUFJMo5p,2.0,2.8586399329536274,1.0,1.8586399329536274,Reject,0,0.6312279795210364,1.5961839739115549
human_single,304,YuxgSGFaqb,6.0,5.381774167518426,6.0,0.6182258324815741,Accept,1,0.6330269245252567,1.5836126203668854
human_single,304,YuxgSGFaqb,8.0,6.647828016568939,6.0,0.6478280165689387,Accept,1,0.6330269245252567,1.5836126203668854
human_single,304,YuxgSGFaqb,4.0,4.115720318467912,6.0,1.884279681532088,Accept,1,0.6330269245252567,1.5836126203668854
human_single,304,YuxgSGFaqb,6.0,5.381774167518426,6.0,0.6182258324815741,Accept,1,0.6330269245252567,1.5836126203668854
human_single,305,piylyBPSau,2.0,2.8504406588008964,4.0,1.1495593411991036,Reject,0,0.6335179857863547,1.5834046872281868
human_single,305,piylyBPSau,4.0,4.117476630373606,4.0,0.11747663037360567,Reject,0,0.6335179857863547,1.5834046872281868
human_single,305,piylyBPSau,4.0,4.117476630373606,4.0,0.11747663037360567,Reject,0,0.6335179857863547,1.5834046872281868
human_single,305,piylyBPSau,6.0,5.384512601946315,4.0,1.384512601946315,Reject,0,0.6335179857863547,1.5834046872281868
human_single,306,doxBjZ88H3,6.0,5.384447775546011,4.5,0.8844477755460112,Accept,1,0.6337637267989122,1.5818654147525382
human_single,306,doxBjZ88H3,6.0,5.384447775546011,4.5,0.8844477755460112,Accept,1,0.6337637267989122,1.5818654147525382
human_single,306,doxBjZ88H3,2.0,2.8493928683503627,4.5,1.6506071316496373,Accept,1,0.6337637267989122,1.5818654147525382
human_single,306,doxBjZ88H3,4.0,4.116920321948188,4.5,0.3830796780518124,Accept,1,0.6337637267989122,1.5818654147525382
human_single,307,Pxd5mjwznl,0.0,1.5997947844915708,0.0,1.5997947844915708,Reject,0,0.6303755276648784,1.5997947844915708
human_single,307,Pxd5mjwznl,0.0,1.5997947844915708,0.0,1.5997947844915708,Reject,0,0.6303755276648784,1.5997947844915708
human_single,307,Pxd5mjwznl,0.0,1.5997947844915708,0.0,1.5997947844915708,Reject,0,0.6303755276648784,1.5997947844915708
human_single,308,ZMzha5gbnF,6.0,5.378960093399784,7.0,1.621039906600216,Accept,1,0.6319261140940015,1.5874034088357754
human_single,308,ZMzha5gbnF,6.0,5.378960093399784,7.0,1.621039906600216,Accept,1,0.6319261140940015,1.5874034088357754
human_single,308,ZMzha5gbnF,8.0,6.642812321587787,7.0,0.3571876784122132,Accept,1,0.6319261140940015,1.5874034088357754
human_single,308,ZMzha5gbnF,8.0,6.642812321587787,7.0,0.3571876784122132,Accept,1,0.6319261140940015,1.5874034088357754
human_single,309,bxZUPQbvp0,2.0,2.8560167503500837,2.0,0.8560167503500837,Reject,0,0.6319423500456725,1.5921320502587388
human_single,309,bxZUPQbvp0,2.0,2.8560167503500837,2.0,0.8560167503500837,Reject,0,0.6319423500456725,1.5921320502587388
human_single,309,bxZUPQbvp0,2.0,2.8560167503500837,2.0,0.8560167503500837,Reject,0,0.6319423500456725,1.5921320502587388
human_single,309,bxZUPQbvp0,2.0,2.8560167503500837,2.0,0.8560167503500837,Reject,0,0.6319423500456725,1.5921320502587388
human_single,310,0nvQ5kHXf4,6.0,5.381346284257756,6.0,0.6186537157422443,Accept,1,0.6325334931639504,1.5861453252740538
human_single,310,0nvQ5kHXf4,6.0,5.381346284257756,6.0,0.6186537157422443,Accept,1,0.6325334931639504,1.5861453252740538
human_single,310,0nvQ5kHXf4,6.0,5.381346284257756,6.0,0.6186537157422443,Accept,1,0.6325334931639504,1.5861453252740538
human_single,311,a3sRspQ62b,2.0,2.854124061294759,2.5,0.35412406129475915,Reject,0,0.6325501093589,1.589023842576959
human_single,311,a3sRspQ62b,2.0,2.854124061294759,2.5,0.35412406129475915,Reject,0,0.6325501093589,1.589023842576959
human_single,311,a3sRspQ62b,4.0,4.119224280012559,2.5,1.619224280012559,Reject,0,0.6325501093589,1.589023842576959
human_single,311,a3sRspQ62b,2.0,2.854124061294759,2.5,0.35412406129475915,Reject,0,0.6325501093589,1.589023842576959
human_single,312,FtL9eEmU6v,6.0,5.378500631230927,7.5,2.121499368769073,Accept,1,0.6319382117020266,1.5868713610187672
human_single,312,FtL9eEmU6v,10.0,7.906253478039033,7.5,0.4062534780390328,Accept,1,0.6319382117020266,1.5868713610187672
human_single,312,FtL9eEmU6v,8.0,6.64237705463498,7.5,0.8576229453650202,Accept,1,0.6319382117020266,1.5868713610187672
human_single,312,FtL9eEmU6v,6.0,5.378500631230927,7.5,2.121499368769073,Accept,1,0.6319382117020266,1.5868713610187672
human_single,313,4iu9Lj0Ist,6.0,5.38520931589907,3.5,1.8852093158990701,Reject,0,0.6336484423423329,1.5833186618450734
human_single,313,4iu9Lj0Ist,4.0,4.117912431214405,3.5,0.6179124312144051,Reject,0,0.6336484423423329,1.5833186618450734
human_single,313,4iu9Lj0Ist,2.0,2.850615546529739,3.5,0.6493844534702609,Reject,0,0.6336484423423329,1.5833186618450734
human_single,313,4iu9Lj0Ist,2.0,2.850615546529739,3.5,0.6493844534702609,Reject,0,0.6336484423423329,1.5833186618450734
human_single,314,cZ74yWoKYr,2.0,2.8474710920633686,5.0,2.1525289079366314,Reject,0,0.634386767371987,1.5786975573193947
human_single,314,cZ74yWoKYr,8.0,6.65379169629529,5.0,1.6537916962952899,Reject,0,0.634386767371987,1.5786975573193947
human_single,314,cZ74yWoKYr,6.0,5.385018161551317,5.0,0.38501816155131685,Reject,0,0.634386767371987,1.5786975573193947
human_single,314,cZ74yWoKYr,4.0,4.116244626807342,5.0,0.883755373192658,Reject,0,0.634386767371987,1.5786975573193947
human_single,315,2EQPpEZtEK,2.0,2.852075037952167,3.33,0.4779249620478332,Reject,0,0.632989566987492,1.5860959039771827
human_single,315,2EQPpEZtEK,4.0,4.118054171927151,3.33,0.7880541719271505,Reject,0,0.632989566987492,1.5860959039771827
human_single,315,2EQPpEZtEK,4.0,4.118054171927151,3.33,0.7880541719271505,Reject,0,0.632989566987492,1.5860959039771827
human_single,316,bH5M0ts8Y6,4.0,4.116442755439282,5.0,0.883557244560718,Accept,1,0.6337639613855541,1.5813869098970659
human_single,316,bH5M0ts8Y6,8.0,6.651498600981499,5.0,1.6514986009814994,Accept,1,0.6337639613855541,1.5813869098970659
human_single,316,bH5M0ts8Y6,4.0,4.116442755439282,5.0,0.883557244560718,Accept,1,0.6337639613855541,1.5813869098970659
human_single,316,bH5M0ts8Y6,4.0,4.116442755439282,5.0,0.883557244560718,Accept,1,0.6337639613855541,1.5813869098970659
human_single,317,Ir0HMkRpYb,8.0,6.642812321587787,7.0,0.3571876784122132,Accept,1,0.6319261140940015,1.5874034088357754
human_single,317,Ir0HMkRpYb,6.0,5.378960093399784,7.0,1.621039906600216,Accept,1,0.6319261140940015,1.5874034088357754
human_single,317,Ir0HMkRpYb,8.0,6.642812321587787,7.0,0.3571876784122132,Accept,1,0.6319261140940015,1.5874034088357754
human_single,317,Ir0HMkRpYb,6.0,5.378960093399784,7.0,1.621039906600216,Accept,1,0.6319261140940015,1.5874034088357754
human_single,318,VgVeQpagf7,4.0,4.11704770633998,4.67,0.5529522936600202,Reject,0,0.6331056546288368,1.5846250878246328
human_single,318,VgVeQpagf7,4.0,4.11704770633998,4.67,0.5529522936600202,Reject,0,0.6331056546288368,1.5846250878246328
human_single,318,VgVeQpagf7,6.0,5.383259015597654,4.67,0.7132590155976537,Reject,0,0.6331056546288368,1.5846250878246328
human_single,319,NlHHlqP1zk,2.0,2.849395390915455,4.67,1.820604609084545,Reject,0,0.6337269873440379,1.581941416227379
human_single,319,NlHHlqP1zk,6.0,5.3843033402916065,4.67,0.7143033402916066,Reject,0,0.6337269873440379,1.581941416227379
human_single,319,NlHHlqP1zk,6.0,5.3843033402916065,4.67,0.7143033402916066,Reject,0,0.6337269873440379,1.581941416227379
human_single,320,0xHWd4CUaX,0.0,1.5894430166437115,2.0,0.41055698335628854,Reject,0,0.632563956068194,1.5894430166437115
human_single,320,0xHWd4CUaX,2.0,2.8545709287800998,2.0,0.8545709287800998,Reject,0,0.632563956068194,1.5894430166437115
human_single,320,0xHWd4CUaX,4.0,4.119698840916488,2.0,2.119698840916488,Reject,0,0.632563956068194,1.5894430166437115
human_single,320,0xHWd4CUaX,2.0,2.8545709287800998,2.0,0.8545709287800998,Reject,0,0.632563956068194,1.5894430166437115
human_single,321,wUzBBsrdB1,8.0,6.65379169629529,5.0,1.6537916962952899,Reject,0,0.634386767371987,1.5786975573193947
human_single,321,wUzBBsrdB1,4.0,4.116244626807342,5.0,0.883755373192658,Reject,0,0.634386767371987,1.5786975573193947
human_single,321,wUzBBsrdB1,6.0,5.385018161551317,5.0,0.38501816155131685,Reject,0,0.634386767371987,1.5786975573193947
human_single,321,wUzBBsrdB1,2.0,2.8474710920633686,5.0,2.1525289079366314,Reject,0,0.634386767371987,1.5786975573193947
human_single,322,TjF9WLcu8o,0.0,1.6045482741499706,0.0,1.6045482741499706,Reject,0,0.6295188060586907,1.6045482741499706
human_single,322,TjF9WLcu8o,0.0,1.6045482741499706,0.0,1.6045482741499706,Reject,0,0.6295188060586907,1.6045482741499706
human_single,322,TjF9WLcu8o,0.0,1.6045482741499706,0.0,1.6045482741499706,Reject,0,0.6295188060586907,1.6045482741499706
human_single,322,TjF9WLcu8o,0.0,1.6045482741499706,0.0,1.6045482741499706,Reject,0,0.6295188060586907,1.6045482741499706
human_single,323,IeNXtofK6T,2.0,2.850615546529739,3.5,0.6493844534702609,Reject,0,0.6336484423423328,1.5833186618450734
human_single,323,IeNXtofK6T,6.0,5.38520931589907,3.5,1.8852093158990701,Reject,0,0.6336484423423328,1.5833186618450734
human_single,323,IeNXtofK6T,2.0,2.850615546529739,3.5,0.6493844534702609,Reject,0,0.6336484423423328,1.5833186618450734
human_single,323,IeNXtofK6T,4.0,4.117912431214404,3.5,0.6179124312144042,Reject,0,0.6336484423423328,1.5833186618450734
human_single,324,abgW71sKIt,2.0,2.85412406129476,2.5,0.35412406129476004,Reject,0,0.6325501093589002,1.5890238425769594
human_single,324,abgW71sKIt,2.0,2.85412406129476,2.5,0.35412406129476004,Reject,0,0.6325501093589002,1.5890238425769594
human_single,324,abgW71sKIt,4.0,4.11922428001256,2.5,1.6192242800125598,Reject,0,0.6325501093589002,1.5890238425769594
human_single,324,abgW71sKIt,2.0,2.85412406129476,2.5,0.35412406129476004,Reject,0,0.6325501093589002,1.5890238425769594
human_single,325,zKQSyT7a7n,6.0,5.381774167518427,6.0,0.6182258324815733,Reject,0,0.6330269245252569,1.5836126203668854
human_single,325,zKQSyT7a7n,8.0,6.6478280165689405,6.0,0.6478280165689405,Reject,0,0.6330269245252569,1.5836126203668854
human_single,325,zKQSyT7a7n,4.0,4.115720318467913,6.0,1.884279681532087,Reject,0,0.6330269245252569,1.5836126203668854
human_single,325,zKQSyT7a7n,6.0,5.381774167518427,6.0,0.6182258324815733,Reject,0,0.6330269245252569,1.5836126203668854
human_single,326,crKJJ4Ej60,4.0,4.116621148721135,5.33,1.2133788512788648,Accept,1,0.6329847063792214,1.5846823232042495
human_single,326,crKJJ4Ej60,6.0,5.382590561479578,5.33,0.05259056147957786,Accept,1,0.6329847063792214,1.5846823232042495
human_single,326,crKJJ4Ej60,6.0,5.382590561479578,5.33,0.05259056147957786,Accept,1,0.6329847063792214,1.5846823232042495
human_single,327,IHyY6vdYZw,4.0,4.116244626807342,5.0,0.883755373192658,Accept,1,0.634386767371987,1.5786975573193947
human_single,327,IHyY6vdYZw,8.0,6.65379169629529,5.0,1.6537916962952899,Accept,1,0.634386767371987,1.5786975573193947
human_single,327,IHyY6vdYZw,2.0,2.8474710920633686,5.0,2.1525289079366314,Accept,1,0.634386767371987,1.5786975573193947
human_single,327,IHyY6vdYZw,6.0,5.385018161551317,5.0,0.38501816155131685,Accept,1,0.634386767371987,1.5786975573193947
human_single,328,rRB1bYErbL,6.0,5.38072763450009,6.0,0.6192723654999099,Accept,1,0.6324056467968838,1.5862937537187873
human_single,328,rRB1bYErbL,6.0,5.38072763450009,6.0,0.6192723654999099,Accept,1,0.6324056467968838,1.5862937537187873
human_single,328,rRB1bYErbL,6.0,5.38072763450009,6.0,0.6192723654999099,Accept,1,0.6324056467968838,1.5862937537187873
human_single,328,rRB1bYErbL,6.0,5.38072763450009,6.0,0.6192723654999099,Accept,1,0.6324056467968838,1.5862937537187873
human_single,329,OAXECnLxuk,6.0,5.382033751094084,5.5,0.11796624890591634,Accept,1,0.6328968916259937,1.5846524013381211
human_single,329,OAXECnLxuk,4.0,4.1162399678420964,5.5,1.3837600321579036,Accept,1,0.6328968916259937,1.5846524013381211
human_single,329,OAXECnLxuk,6.0,5.382033751094084,5.5,0.11796624890591634,Accept,1,0.6328968916259937,1.5846524013381211
human_single,329,OAXECnLxuk,6.0,5.382033751094084,5.5,0.11796624890591634,Accept,1,0.6328968916259937,1.5846524013381211
human_single,330,JEYWpFGzvn,8.0,6.643107362482139,7.33,0.686892637517861,Accept,1,0.6318946273259274,1.58795034387472
human_single,330,JEYWpFGzvn,6.0,5.379318107830285,7.33,1.9506818921697153,Accept,1,0.6318946273259274,1.58795034387472
human_single,330,JEYWpFGzvn,8.0,6.643107362482139,7.33,0.686892637517861,Accept,1,0.6318946273259274,1.58795034387472
human_single,331,dCtkwjkK0E,2.0,2.8560167503500837,2.0,0.8560167503500837,Reject,0,0.6319423500456725,1.5921320502587388
human_single,331,dCtkwjkK0E,2.0,2.8560167503500837,2.0,0.8560167503500837,Reject,0,0.6319423500456725,1.5921320502587388
human_single,331,dCtkwjkK0E,2.0,2.8560167503500837,2.0,0.8560167503500837,Reject,0,0.6319423500456725,1.5921320502587388
human_single,331,dCtkwjkK0E,2.0,2.8560167503500837,2.0,0.8560167503500837,Reject,0,0.6319423500456725,1.5921320502587388
human_single,332,pI9n8wAR80,6.0,5.382925249575155,5.0,0.3829252495751554,Accept,1,0.6331423770729745,1.584070987137308
human_single,332,pI9n8wAR80,4.0,4.1166404954292055,5.0,0.8833595045707945,Accept,1,0.6331423770729745,1.584070987137308
human_single,332,pI9n8wAR80,4.0,4.1166404954292055,5.0,0.8833595045707945,Accept,1,0.6331423770729745,1.584070987137308
human_single,332,pI9n8wAR80,6.0,5.382925249575155,5.0,0.3829252495751554,Accept,1,0.6331423770729745,1.584070987137308
human_single,333,8KcjEygedc,8.0,6.640080394211665,7.5,0.8599196057883347,Accept,1,0.6313155398940824,1.5895560750590065
human_single,333,8KcjEygedc,8.0,6.640080394211665,7.5,0.8599196057883347,Accept,1,0.6313155398940824,1.5895560750590065
human_single,333,8KcjEygedc,6.0,5.377449314423501,7.5,2.122550685576499,Accept,1,0.6313155398940824,1.5895560750590065
human_single,333,8KcjEygedc,8.0,6.640080394211665,7.5,0.8599196057883347,Accept,1,0.6313155398940824,1.5895560750590065
human_single,334,zS1bPtMlt9,8.0,6.6487013431535456,6.0,0.6487013431535456,Reject,0,0.6331546801805229,1.5834639017093624
human_single,334,zS1bPtMlt9,6.0,5.3823919827925,6.0,0.6176080172075,Reject,0,0.6331546801805229,1.5834639017093624
human_single,334,zS1bPtMlt9,4.0,4.116082622431454,6.0,1.8839173775685456,Reject,0,0.6331546801805229,1.5834639017093624
human_single,335,Me0n0iESJY,4.0,4.115523910504365,6.0,1.8844760894956352,Accept,1,0.6336494241452569,1.5809262139233375
human_single,335,Me0n0iESJY,8.0,6.650121607085393,6.0,0.650121607085393,Accept,1,0.6336494241452569,1.5809262139233375
human_single,335,Me0n0iESJY,8.0,6.650121607085393,6.0,0.650121607085393,Accept,1,0.6336494241452569,1.5809262139233375
human_single,335,Me0n0iESJY,4.0,4.115523910504365,6.0,1.8844760894956352,Accept,1,0.6336494241452569,1.5809262139233375
human_single,336,a2XmC7rHIU,6.0,5.3785033724430535,6.8,1.4214966275569463,Accept,1,0.6318955448049471,1.5871301036133705
human_single,336,a2XmC7rHIU,6.0,5.3785033724430535,6.8,1.4214966275569463,Accept,1,0.6318955448049471,1.5871301036133705
human_single,336,a2XmC7rHIU,8.0,6.642294462052948,6.8,0.15770553794705222,Accept,1,0.6318955448049471,1.5871301036133705
human_single,336,a2XmC7rHIU,8.0,6.642294462052948,6.8,0.15770553794705222,Accept,1,0.6318955448049471,1.5871301036133705
human_single,336,a2XmC7rHIU,6.0,5.3785033724430535,6.8,1.4214966275569463,Accept,1,0.6318955448049471,1.5871301036133705
human_single,337,1CR1MTIgmq,0.0,1.5997947844915708,0.0,1.5997947844915708,Reject,0,0.6303755276648783,1.5997947844915708
human_single,337,1CR1MTIgmq,0.0,1.5997947844915708,0.0,1.5997947844915708,Reject,0,0.6303755276648783,1.5997947844915708
human_single,337,1CR1MTIgmq,0.0,1.5997947844915708,0.0,1.5997947844915708,Reject,0,0.6303755276648783,1.5997947844915708
human_single,338,sJxBWDc8SM,2.0,2.850615546529739,3.5,0.6493844534702609,Reject,0,0.6336484423423329,1.5833186618450734
human_single,338,sJxBWDc8SM,2.0,2.850615546529739,3.5,0.6493844534702609,Reject,0,0.6336484423423329,1.5833186618450734
human_single,338,sJxBWDc8SM,4.0,4.117912431214405,3.5,0.6179124312144051,Reject,0,0.6336484423423329,1.5833186618450734
human_single,338,sJxBWDc8SM,6.0,5.38520931589907,3.5,1.8852093158990701,Reject,0,0.6336484423423329,1.5833186618450734
human_single,339,CFuNu8dK4s,6.0,5.384512601946315,4.0,1.384512601946315,Reject,0,0.6335179857863547,1.5834046872281868
human_single,339,CFuNu8dK4s,4.0,4.117476630373606,4.0,0.11747663037360567,Reject,0,0.6335179857863547,1.5834046872281868
human_single,339,CFuNu8dK4s,2.0,2.8504406588008964,4.0,1.1495593411991036,Reject,0,0.6335179857863547,1.5834046872281868
human_single,339,CFuNu8dK4s,4.0,4.117476630373606,4.0,0.11747663037360567,Reject,0,0.6335179857863547,1.5834046872281868
human_single,340,0kHbD6ad07,4.0,4.1166404954292055,5.0,0.8833595045707945,Accept,1,0.6331423770729745,1.584070987137308
human_single,340,0kHbD6ad07,4.0,4.1166404954292055,5.0,0.8833595045707945,Accept,1,0.6331423770729745,1.584070987137308
human_single,340,0kHbD6ad07,6.0,5.382925249575155,5.0,0.3829252495751554,Accept,1,0.6331423770729745,1.584070987137308
human_single,340,0kHbD6ad07,6.0,5.382925249575155,5.0,0.3829252495751554,Accept,1,0.6331423770729745,1.584070987137308
human_single,341,iIEEgI6WsF,6.0,5.384128175773091,5.5,0.11587182422690923,Accept,1,0.6341412167451226,1.5792808753023553
human_single,341,iIEEgI6WsF,2.0,2.8475633087926004,5.5,2.6524366912073996,Accept,1,0.6341412167451226,1.5792808753023553
human_single,341,iIEEgI6WsF,8.0,6.652410609263336,5.5,1.1524106092633364,Accept,1,0.6341412167451226,1.5792808753023553
human_single,341,iIEEgI6WsF,6.0,5.384128175773091,5.5,0.11587182422690923,Accept,1,0.6341412167451226,1.5792808753023553
human_single,342,qkKUG56s5r,2.0,2.8560219795007518,1.33,1.5260219795007517,Reject,0,0.6319093169373523,1.5922033456260474
human_single,342,qkKUG56s5r,0.0,1.5922033456260474,1.33,0.2622033456260473,Reject,0,0.6319093169373523,1.5922033456260474
human_single,342,qkKUG56s5r,2.0,2.8560219795007518,1.33,1.5260219795007517,Reject,0,0.6319093169373523,1.5922033456260474
human_single,343,Mz98kwANpF,4.0,4.117118805967472,4.5,0.38288119403252807,Reject,0,0.6331423502977302,1.5845494047765514
human_single,343,Mz98kwANpF,4.0,4.117118805967472,4.5,0.38288119403252807,Reject,0,0.6331423502977302,1.5845494047765514
human_single,343,Mz98kwANpF,4.0,4.117118805967472,4.5,0.38288119403252807,Reject,0,0.6331423502977302,1.5845494047765514
human_single,343,Mz98kwANpF,6.0,5.383403506562933,4.5,0.8834035065629333,Reject,0,0.6331423502977302,1.5845494047765514
human_single,344,x6bG2Hoqdf,8.0,6.654708911386493,5.5,1.1547089113864928,Accept,1,0.6347652159410386,1.5765871838581835
human_single,344,x6bG2Hoqdf,2.0,2.846117615740261,5.5,2.653882384259739,Accept,1,0.6347652159410386,1.5765871838581835
human_single,344,x6bG2Hoqdf,8.0,6.654708911386493,5.5,1.1547089113864928,Accept,1,0.6347652159410386,1.5765871838581835
human_single,344,x6bG2Hoqdf,4.0,4.115648047622338,5.5,1.3843519523776617,Accept,1,0.6347652159410386,1.5765871838581835
human_single,345,klB3AvQZqJ,4.0,4.118112562044916,3.5,0.6181125620449164,Reject,0,0.6330269834475468,1.5860046282547289
human_single,345,klB3AvQZqJ,2.0,2.8520585951498223,3.5,0.6479414048501777,Reject,0,0.6330269834475468,1.5860046282547289
human_single,345,klB3AvQZqJ,4.0,4.118112562044916,3.5,0.6181125620449164,Reject,0,0.6330269834475468,1.5860046282547289
human_single,345,klB3AvQZqJ,4.0,4.118112562044916,3.5,0.6181125620449164,Reject,0,0.6330269834475468,1.5860046282547289
human_single,346,0lW2UBiEWN,4.0,4.117118805967472,4.5,0.38288119403252807,Reject,0,0.6331423502977302,1.5845494047765514
human_single,346,0lW2UBiEWN,6.0,5.383403506562933,4.5,0.8834035065629333,Reject,0,0.6331423502977302,1.5845494047765514
human_single,346,0lW2UBiEWN,4.0,4.117118805967472,4.5,0.38288119403252807,Reject,0,0.6331423502977302,1.5845494047765514
human_single,346,0lW2UBiEWN,4.0,4.117118805967472,4.5,0.38288119403252807,Reject,0,0.6331423502977302,1.5845494047765514
human_single,347,ecbEfXdqrV,2.0,2.8528053694194924,3.0,0.14719463058050763,Reject,0,0.6329114936336994,1.5869823821520936
human_single,347,ecbEfXdqrV,4.0,4.118628356686891,3.0,1.1186283566868909,Reject,0,0.6329114936336994,1.5869823821520936
human_single,347,ecbEfXdqrV,4.0,4.118628356686891,3.0,1.1186283566868909,Reject,0,0.6329114936336994,1.5869823821520936
human_single,347,ecbEfXdqrV,2.0,2.8528053694194924,3.0,0.14719463058050763,Reject,0,0.6329114936336994,1.5869823821520936
human_single,348,Vit5M0G5Gb,8.0,6.646952940995473,6.0,0.6469529409954733,Accept,1,0.6328989130170005,1.583761636859469
human_single,348,Vit5M0G5Gb,6.0,5.381155114961472,6.0,0.618844885038528,Accept,1,0.6328989130170005,1.583761636859469
human_single,348,Vit5M0G5Gb,4.0,4.115357288927471,6.0,1.8846427110725292,Accept,1,0.6328989130170005,1.583761636859469
human_single,348,Vit5M0G5Gb,6.0,5.381155114961472,6.0,0.618844885038528,Accept,1,0.6328989130170005,1.583761636859469
human_single,348,Vit5M0G5Gb,6.0,5.381155114961472,6.0,0.618844885038528,Accept,1,0.6328989130170005,1.583761636859469
human_single,349,VFaYukYt6K,2.0,2.852075037952167,3.33,0.4779249620478332,Reject,0,0.632989566987492,1.5860959039771827
human_single,349,VFaYukYt6K,4.0,4.118054171927151,3.33,0.7880541719271505,Reject,0,0.632989566987492,1.5860959039771827
human_single,349,VFaYukYt6K,4.0,4.118054171927151,3.33,0.7880541719271505,Reject,0,0.632989566987492,1.5860959039771827
human_single,350,Vgm77U4ojX,6.0,5.381155114961472,6.0,0.618844885038528,Accept,1,0.6328989130170005,1.5837616368594691
human_single,350,Vgm77U4ojX,8.0,6.646952940995473,6.0,0.6469529409954733,Accept,1,0.6328989130170005,1.5837616368594691
human_single,350,Vgm77U4ojX,6.0,5.381155114961472,6.0,0.618844885038528,Accept,1,0.6328989130170005,1.5837616368594691
human_single,350,Vgm77U4ojX,4.0,4.115357288927472,6.0,1.8846427110725283,Accept,1,0.6328989130170005,1.5837616368594691
human_single,350,Vgm77U4ojX,6.0,5.381155114961472,6.0,0.618844885038528,Accept,1,0.6328989130170005,1.5837616368594691
human_single,351,NFB4QGGS65,8.0,6.646922807344909,6.5,0.14692280734490915,Accept,1,0.6329111401604366,1.5836336860614169
human_single,351,NFB4QGGS65,8.0,6.646922807344909,6.5,0.14692280734490915,Accept,1,0.6329111401604366,1.5836336860614169
human_single,351,NFB4QGGS65,4.0,4.115278246703163,6.5,2.384721753296837,Accept,1,0.6329111401604366,1.5836336860614169
human_single,351,NFB4QGGS65,6.0,5.381100527024037,6.5,1.1188994729759631,Accept,1,0.6329111401604366,1.5836336860614169
human_single,352,rBj2iVyrhh,2.0,2.8560167503500837,2.0,0.8560167503500837,Reject,0,0.6319423500456725,1.5921320502587388
human_single,352,rBj2iVyrhh,2.0,2.8560167503500837,2.0,0.8560167503500837,Reject,0,0.6319423500456725,1.5921320502587388
human_single,352,rBj2iVyrhh,2.0,2.8560167503500837,2.0,0.8560167503500837,Reject,0,0.6319423500456725,1.5921320502587388
human_single,352,rBj2iVyrhh,2.0,2.8560167503500837,2.0,0.8560167503500837,Reject,0,0.6319423500456725,1.5921320502587388
human_single,353,ahpO7S1Ppi,2.0,2.8520585951498223,3.5,0.6479414048501777,Reject,0,0.6330269834475468,1.5860046282547289
human_single,353,ahpO7S1Ppi,4.0,4.118112562044916,3.5,0.6181125620449164,Reject,0,0.6330269834475468,1.5860046282547289
human_single,353,ahpO7S1Ppi,4.0,4.118112562044916,3.5,0.6181125620449164,Reject,0,0.6330269834475468,1.5860046282547289
human_single,353,ahpO7S1Ppi,4.0,4.118112562044916,3.5,0.6181125620449164,Reject,0,0.6330269834475468,1.5860046282547289
human_single,354,AB3jM3iMaW,8.0,6.653791696295287,5.0,1.6537916962952872,Reject,0,0.6343867673719867,1.5786975573193933
human_single,354,AB3jM3iMaW,2.0,2.847471092063367,5.0,2.152528907936633,Reject,0,0.6343867673719867,1.5786975573193933
human_single,354,AB3jM3iMaW,4.0,4.11624462680734,5.0,0.8837553731926597,Reject,0,0.6343867673719867,1.5786975573193933
human_single,354,AB3jM3iMaW,6.0,5.385018161551313,5.0,0.3850181615513133,Reject,0,0.6343867673719867,1.5786975573193933
human_single,355,RNe17WTR38,2.0,2.8560167503500837,2.0,0.8560167503500837,Reject,0,0.6319423500456725,1.5921320502587388
human_single,355,RNe17WTR38,2.0,2.8560167503500837,2.0,0.8560167503500837,Reject,0,0.6319423500456725,1.5921320502587388
human_single,355,RNe17WTR38,2.0,2.8560167503500837,2.0,0.8560167503500837,Reject,0,0.6319423500456725,1.5921320502587388
human_single,355,RNe17WTR38,2.0,2.8560167503500837,2.0,0.8560167503500837,Reject,0,0.6319423500456725,1.5921320502587388
human_single,356,H1s6SBhzlg,4.0,4.117675780875619,4.0,0.11767578087561859,Reject,0,0.6328970571886041,1.5860875521212021
human_single,356,H1s6SBhzlg,4.0,4.117675780875619,4.0,0.11767578087561859,Reject,0,0.6328970571886041,1.5860875521212021
human_single,356,H1s6SBhzlg,4.0,4.117675780875619,4.0,0.11767578087561859,Reject,0,0.6328970571886041,1.5860875521212021
human_single,356,H1s6SBhzlg,4.0,4.117675780875619,4.0,0.11767578087561859,Reject,0,0.6328970571886041,1.5860875521212021
human_single,357,yjrVOxjkDR,8.0,6.640080394211665,7.5,0.8599196057883347,Accept,1,0.6313155398940824,1.5895560750590063
human_single,357,yjrVOxjkDR,8.0,6.640080394211665,7.5,0.8599196057883347,Accept,1,0.6313155398940824,1.5895560750590063
human_single,357,yjrVOxjkDR,6.0,5.377449314423501,7.5,2.122550685576499,Accept,1,0.6313155398940824,1.5895560750590063
human_single,357,yjrVOxjkDR,8.0,6.640080394211665,7.5,0.8599196057883347,Accept,1,0.6313155398940824,1.5895560750590063
human_single,358,cZFgsLq8Gs,4.0,4.117476630373606,4.0,0.11747663037360567,Accept,1,0.6335179857863547,1.5834046872281868
human_single,358,cZFgsLq8Gs,6.0,5.384512601946315,4.0,1.384512601946315,Accept,1,0.6335179857863547,1.5834046872281868
human_single,358,cZFgsLq8Gs,4.0,4.117476630373606,4.0,0.11747663037360567,Accept,1,0.6335179857863547,1.5834046872281868
human_single,358,cZFgsLq8Gs,2.0,2.8504406588008964,4.0,1.1495593411991036,Accept,1,0.6335179857863547,1.5834046872281868
human_single,359,U2SJE6W3wT,4.0,4.116239967842096,5.5,1.3837600321579044,Accept,1,0.6328968916259937,1.5846524013381205
human_single,359,U2SJE6W3wT,6.0,5.382033751094083,5.5,0.11796624890591723,Accept,1,0.6328968916259937,1.5846524013381205
human_single,359,U2SJE6W3wT,6.0,5.382033751094083,5.5,0.11796624890591723,Accept,1,0.6328968916259937,1.5846524013381205
human_single,359,U2SJE6W3wT,6.0,5.382033751094083,5.5,0.11796624890591723,Accept,1,0.6328968916259937,1.5846524013381205
human_single,360,pW6rFymZ8F,6.0,5.382925249575155,5.0,0.3829252495751554,Reject,0,0.6331423770729745,1.584070987137308
human_single,360,pW6rFymZ8F,6.0,5.382925249575155,5.0,0.3829252495751554,Reject,0,0.6331423770729745,1.584070987137308
human_single,360,pW6rFymZ8F,4.0,4.1166404954292055,5.0,0.8833595045707945,Reject,0,0.6331423770729745,1.584070987137308
human_single,360,pW6rFymZ8F,4.0,4.1166404954292055,5.0,0.8833595045707945,Reject,0,0.6331423770729745,1.584070987137308
human_single,361,EbSkBZQF9g,0.0,1.599823932838266,0.5,1.099823932838266,Reject,0,0.6304983569747196,1.599823932838266
human_single,361,EbSkBZQF9g,0.0,1.599823932838266,0.5,1.099823932838266,Reject,0,0.6304983569747196,1.599823932838266
human_single,361,EbSkBZQF9g,2.0,2.860820646787705,0.5,2.360820646787705,Reject,0,0.6304983569747196,1.599823932838266
human_single,361,EbSkBZQF9g,0.0,1.599823932838266,0.5,1.099823932838266,Reject,0,0.6304983569747196,1.599823932838266
human_single,362,IOKftyz5iP,2.0,2.8528053694194924,3.0,0.14719463058050763,Reject,0,0.6329114936336994,1.5869823821520936
human_single,362,IOKftyz5iP,4.0,4.118628356686891,3.0,1.1186283566868909,Reject,0,0.6329114936336994,1.5869823821520936
human_single,362,IOKftyz5iP,2.0,2.8528053694194924,3.0,0.14719463058050763,Reject,0,0.6329114936336994,1.5869823821520936
human_single,362,IOKftyz5iP,4.0,4.118628356686891,3.0,1.1186283566868909,Reject,0,0.6329114936336994,1.5869823821520936
human_single,363,JEN4nsDgh9,4.0,4.1181125620449155,3.5,0.6181125620449155,Reject,0,0.6330269834475468,1.5860046282547287
human_single,363,JEN4nsDgh9,4.0,4.1181125620449155,3.5,0.6181125620449155,Reject,0,0.6330269834475468,1.5860046282547287
human_single,363,JEN4nsDgh9,2.0,2.8520585951498223,3.5,0.6479414048501777,Reject,0,0.6330269834475468,1.5860046282547287
human_single,363,JEN4nsDgh9,4.0,4.1181125620449155,3.5,0.6181125620449155,Reject,0,0.6330269834475468,1.5860046282547287
human_single,364,AdfEHMueyc,0.0,1.59092884097918,1.5,0.09092884097917997,Reject,0,0.6323312982732675,1.59092884097918
human_single,364,AdfEHMueyc,2.0,2.8555914375257148,1.5,1.3555914375257148,Reject,0,0.6323312982732675,1.59092884097918
human_single,364,AdfEHMueyc,4.0,4.12025403407225,1.5,2.62025403407225,Reject,0,0.6323312982732675,1.59092884097918
human_single,364,AdfEHMueyc,0.0,1.59092884097918,1.5,0.09092884097917997,Reject,0,0.6323312982732675,1.59092884097918
human_single,365,wA6dvVnKe8,2.0,2.8513608360976948,3.0,0.14863916390230525,Reject,0,0.6335332428243913,1.5842943504489124
human_single,365,wA6dvVnKe8,2.0,2.8513608360976948,3.0,0.14863916390230525,Reject,0,0.6335332428243913,1.5842943504489124
human_single,365,wA6dvVnKe8,6.0,5.38549380739526,3.0,2.3854938073952603,Reject,0,0.6335332428243913,1.5842943504489124
human_single,365,wA6dvVnKe8,2.0,2.8513608360976948,3.0,0.14863916390230525,Reject,0,0.6335332428243913,1.5842943504489124
human_single,366,3wMdHl7JQ6,2.0,2.8586399329536274,1.0,1.8586399329536274,Reject,0,0.6312279795210364,1.5961839739115549
human_single,366,3wMdHl7JQ6,0.0,1.5961839739115549,1.0,0.5961839739115549,Reject,0,0.6312279795210364,1.5961839739115549
human_single,366,3wMdHl7JQ6,0.0,1.5961839739115549,1.0,0.5961839739115549,Reject,0,0.6312279795210364,1.5961839739115549
human_single,366,3wMdHl7JQ6,2.0,2.8586399329536274,1.0,1.8586399329536274,Reject,0,0.6312279795210364,1.5961839739115549
human_single,367,t33kMzEAg8,6.0,5.384557569487491,4.4,0.9845575694874906,Accept,1,0.6337836778044695,1.5818555026606744
human_single,367,t33kMzEAg8,4.0,4.116990213878553,4.4,0.2830097861214478,Accept,1,0.6337836778044695,1.5818555026606744
human_single,367,t33kMzEAg8,6.0,5.384557569487491,4.4,0.9845575694874906,Accept,1,0.6337836778044695,1.5818555026606744
human_single,367,t33kMzEAg8,4.0,4.116990213878553,4.4,0.2830097861214478,Accept,1,0.6337836778044695,1.5818555026606744
human_single,367,t33kMzEAg8,2.0,2.8494228582696133,4.4,1.550577141730387,Accept,1,0.6337836778044695,1.5818555026606744
human_single,368,KDIgNmK8YT,2.0,2.85412406129476,2.5,0.35412406129476004,Reject,0,0.6325501093589002,1.5890238425769594
human_single,368,KDIgNmK8YT,2.0,2.85412406129476,2.5,0.35412406129476004,Reject,0,0.6325501093589002,1.5890238425769594
human_single,368,KDIgNmK8YT,4.0,4.11922428001256,2.5,1.6192242800125598,Reject,0,0.6325501093589002,1.5890238425769594
human_single,368,KDIgNmK8YT,2.0,2.85412406129476,2.5,0.35412406129476004,Reject,0,0.6325501093589002,1.5890238425769594
human_single,369,Rj5ZJk956j,4.0,4.116650635179671,4.67,0.5533493648203294,Reject,0,0.6343495408146929,1.579252471920899
human_single,369,Rj5ZJk956j,2.0,2.847951553550285,4.67,1.822048446449715,Reject,0,0.6343495408146929,1.579252471920899
human_single,369,Rj5ZJk956j,8.0,6.654048798438442,4.67,1.984048798438442,Reject,0,0.6343495408146929,1.579252471920899
human_single,370,yR5QX5cTEy,4.0,4.11624462680734,5.0,0.8837553731926597,Reject,0,0.6343867673719867,1.5786975573193935
human_single,370,yR5QX5cTEy,6.0,5.385018161551314,5.0,0.3850181615513142,Reject,0,0.6343867673719867,1.5786975573193935
human_single,370,yR5QX5cTEy,8.0,6.653791696295287,5.0,1.6537916962952872,Reject,0,0.6343867673719867,1.5786975573193935
human_single,370,yR5QX5cTEy,2.0,2.8474710920633672,5.0,2.1525289079366328,Reject,0,0.6343867673719867,1.5786975573193935
human_single,371,UDIYU1X3vC,6.0,5.384204085083054,4.8,0.5842040850830541,Accept,1,0.6338575882204511,1.5810585557603472
human_single,371,UDIYU1X3vC,6.0,5.384204085083054,4.8,0.5842040850830541,Accept,1,0.6338575882204511,1.5810585557603472
human_single,371,UDIYU1X3vC,4.0,4.116488908642152,4.8,0.6835110913578477,Accept,1,0.6338575882204511,1.5810585557603472
human_single,371,UDIYU1X3vC,6.0,5.384204085083054,4.8,0.5842040850830541,Accept,1,0.6338575882204511,1.5810585557603472
human_single,371,UDIYU1X3vC,2.0,2.8487737322012494,4.8,1.9512262677987504,Accept,1,0.6338575882204511,1.5810585557603472
human_single,372,rI2Fa13fUL,6.0,5.382925249575155,5.0,0.3829252495751554,Reject,0,0.6331423770729745,1.584070987137308
human_single,372,rI2Fa13fUL,6.0,5.382925249575155,5.0,0.3829252495751554,Reject,0,0.6331423770729745,1.584070987137308
human_single,372,rI2Fa13fUL,4.0,4.1166404954292055,5.0,0.8833595045707945,Reject,0,0.6331423770729745,1.584070987137308
human_single,372,rI2Fa13fUL,4.0,4.1166404954292055,5.0,0.8833595045707945,Reject,0,0.6331423770729745,1.584070987137308
human_single,373,LHSea6DI8U,6.0,5.3823919827925,6.0,0.6176080172075,Accept,1,0.6331546801805228,1.5834639017093628
human_single,373,LHSea6DI8U,8.0,6.6487013431535456,6.0,0.6487013431535456,Accept,1,0.6331546801805228,1.5834639017093628
human_single,373,LHSea6DI8U,4.0,4.116082622431454,6.0,1.8839173775685456,Accept,1,0.6331546801805228,1.5834639017093628
human_single,374,UJ2UUjT2ko,8.0,6.639600870128799,8.0,1.360399129871201,Accept,1,0.6310755009978263,1.5909968621461892
human_single,374,UJ2UUjT2ko,8.0,6.639600870128799,8.0,1.360399129871201,Accept,1,0.6310755009978263,1.5909968621461892
human_single,374,UJ2UUjT2ko,8.0,6.639600870128799,8.0,1.360399129871201,Accept,1,0.6310755009978263,1.5909968621461892
human_single,375,cEXEmyW77N,4.0,4.1166404954292055,5.0,0.8833595045707945,Accept,1,0.6331423770729745,1.584070987137308
human_single,375,cEXEmyW77N,6.0,5.382925249575155,5.0,0.3829252495751554,Accept,1,0.6331423770729745,1.584070987137308
human_single,375,cEXEmyW77N,6.0,5.382925249575155,5.0,0.3829252495751554,Accept,1,0.6331423770729745,1.584070987137308
human_single,375,cEXEmyW77N,4.0,4.1166404954292055,5.0,0.8833595045707945,Accept,1,0.6331423770729745,1.584070987137308
human_single,376,KsWRLyIAKP,4.0,4.118675509831727,3.2,0.9186755098317265,Reject,0,0.6330049262660571,1.5866558047674983
human_single,376,KsWRLyIAKP,2.0,2.8526656572996125,3.2,0.34733434270038765,Reject,0,0.6330049262660571,1.5866558047674983
human_single,376,KsWRLyIAKP,2.0,2.8526656572996125,3.2,0.34733434270038765,Reject,0,0.6330049262660571,1.5866558047674983
human_single,376,KsWRLyIAKP,4.0,4.118675509831727,3.2,0.9186755098317265,Reject,0,0.6330049262660571,1.5866558047674983
human_single,376,KsWRLyIAKP,4.0,4.118675509831727,3.2,0.9186755098317265,Reject,0,0.6330049262660571,1.5866558047674983
human_single,377,RT5SlprCmc,6.0,5.384447775546011,4.5,0.8844477755460112,Reject,0,0.6337637267989122,1.5818654147525382
human_single,377,RT5SlprCmc,6.0,5.384447775546011,4.5,0.8844477755460112,Reject,0,0.6337637267989122,1.5818654147525382
human_single,377,RT5SlprCmc,2.0,2.8493928683503627,4.5,1.6506071316496373,Reject,0,0.6337637267989122,1.5818654147525382
human_single,377,RT5SlprCmc,4.0,4.116920321948188,4.5,0.3830796780518124,Reject,0,0.6337637267989122,1.5818654147525382
human_single,378,yEpE0QPpf8,2.0,2.846117615740261,5.5,2.653882384259739,Accept,1,0.6347652159410386,1.5765871838581835
human_single,378,yEpE0QPpf8,8.0,6.654708911386493,5.5,1.1547089113864928,Accept,1,0.6347652159410386,1.5765871838581835
human_single,378,yEpE0QPpf8,8.0,6.654708911386493,5.5,1.1547089113864928,Accept,1,0.6347652159410386,1.5765871838581835
human_single,378,yEpE0QPpf8,4.0,4.115648047622338,5.5,1.3843519523776617,Accept,1,0.6347652159410386,1.5765871838581835
human_single,379,GMP1S4R6Ke,4.0,4.116621148721135,5.33,1.2133788512788648,Accept,1,0.6329847063792214,1.5846823232042495
human_single,379,GMP1S4R6Ke,6.0,5.382590561479578,5.33,0.05259056147957786,Accept,1,0.6329847063792214,1.5846823232042495
human_single,379,GMP1S4R6Ke,6.0,5.382590561479578,5.33,0.05259056147957786,Accept,1,0.6329847063792214,1.5846823232042495
human_single,380,XX5EZoe4ec,2.0,2.8560167503500837,2.0,0.8560167503500837,Reject,0,0.6319423500456726,1.5921320502587386
human_single,380,XX5EZoe4ec,2.0,2.8560167503500837,2.0,0.8560167503500837,Reject,0,0.6319423500456726,1.5921320502587386
human_single,380,XX5EZoe4ec,2.0,2.8560167503500837,2.0,0.8560167503500837,Reject,0,0.6319423500456726,1.5921320502587386
human_single,380,XX5EZoe4ec,2.0,2.8560167503500837,2.0,0.8560167503500837,Reject,0,0.6319423500456726,1.5921320502587386
human_single,381,GRufFX1gAy,4.0,4.117118805967472,4.5,0.38288119403252807,Accept,1,0.6331423502977302,1.5845494047765514
human_single,381,GRufFX1gAy,4.0,4.117118805967472,4.5,0.38288119403252807,Accept,1,0.6331423502977302,1.5845494047765514
human_single,381,GRufFX1gAy,6.0,5.383403506562933,4.5,0.8834035065629333,Accept,1,0.6331423502977302,1.5845494047765514
human_single,381,GRufFX1gAy,4.0,4.117118805967472,4.5,0.38288119403252807,Accept,1,0.6331423502977302,1.5845494047765514
human_single,382,cmzeMZNsmm,2.0,2.8474710920633663,5.0,2.1525289079366337,Reject,0,0.6343867673719867,1.578697557319393
human_single,382,cmzeMZNsmm,4.0,4.11624462680734,5.0,0.8837553731926597,Reject,0,0.6343867673719867,1.578697557319393
human_single,382,cmzeMZNsmm,6.0,5.385018161551313,5.0,0.3850181615513133,Reject,0,0.6343867673719867,1.578697557319393
human_single,382,cmzeMZNsmm,8.0,6.653791696295287,5.0,1.6537916962952872,Reject,0,0.6343867673719867,1.578697557319393
human_single,383,nnwvwge40d,4.0,4.117476630373606,4.0,0.11747663037360567,Accept,1,0.6335179857863547,1.5834046872281868
human_single,383,nnwvwge40d,2.0,2.8504406588008964,4.0,1.1495593411991036,Accept,1,0.6335179857863547,1.5834046872281868
human_single,383,nnwvwge40d,4.0,4.117476630373606,4.0,0.11747663037360567,Accept,1,0.6335179857863547,1.5834046872281868
human_single,383,nnwvwge40d,6.0,5.384512601946315,4.0,1.384512601946315,Accept,1,0.6335179857863547,1.5834046872281868
human_single,384,YS4N1YxXSM,6.0,5.381774167518427,6.0,0.6182258324815733,Accept,1,0.6330269245252569,1.5836126203668854
human_single,384,YS4N1YxXSM,4.0,4.115720318467913,6.0,1.884279681532087,Accept,1,0.6330269245252569,1.5836126203668854
human_single,384,YS4N1YxXSM,6.0,5.381774167518427,6.0,0.6182258324815733,Accept,1,0.6330269245252569,1.5836126203668854
human_single,384,YS4N1YxXSM,8.0,6.6478280165689405,6.0,0.6478280165689405,Accept,1,0.6330269245252569,1.5836126203668854
human_single,385,q0UEl3xAIZ,0.0,1.5922033456260474,1.33,0.2622033456260473,Reject,0,0.6319093169373523,1.5922033456260474
human_single,385,q0UEl3xAIZ,2.0,2.8560219795007518,1.33,1.5260219795007517,Reject,0,0.6319093169373523,1.5922033456260474
human_single,385,q0UEl3xAIZ,2.0,2.8560219795007518,1.33,1.5260219795007517,Reject,0,0.6319093169373523,1.5922033456260474
human_single,386,Olc7XhgstJ,2.0,2.8504406588008964,4.0,1.1495593411991036,Reject,0,0.6335179857863547,1.5834046872281868
human_single,386,Olc7XhgstJ,4.0,4.117476630373606,4.0,0.11747663037360567,Reject,0,0.6335179857863547,1.5834046872281868
human_single,386,Olc7XhgstJ,4.0,4.117476630373606,4.0,0.11747663037360567,Reject,0,0.6335179857863547,1.5834046872281868
human_single,386,Olc7XhgstJ,6.0,5.384512601946315,4.0,1.384512601946315,Reject,0,0.6335179857863547,1.5834046872281868
human_single,387,ngOOlatCK6,6.0,5.382590561479578,5.33,0.05259056147957786,Reject,0,0.6329847063792214,1.5846823232042495
human_single,387,ngOOlatCK6,6.0,5.382590561479578,5.33,0.05259056147957786,Reject,0,0.6329847063792214,1.5846823232042495
human_single,387,ngOOlatCK6,4.0,4.116621148721135,5.33,1.2133788512788648,Reject,0,0.6329847063792214,1.5846823232042495
human_single,388,JdVTWjjnR6,6.0,5.383835958832647,5.0,0.38383595883264743,Reject,0,0.6338776915948869,1.5805698092633258
human_single,388,JdVTWjjnR6,6.0,5.383835958832647,5.0,0.38383595883264743,Reject,0,0.6338776915948869,1.5805698092633258
human_single,388,JdVTWjjnR6,4.0,4.116080575642874,5.0,0.883919424357126,Reject,0,0.6338776915948869,1.5805698092633258
human_single,388,JdVTWjjnR6,6.0,5.383835958832647,5.0,0.38383595883264743,Reject,0,0.6338776915948869,1.5805698092633258
human_single,388,JdVTWjjnR6,6.0,5.383835958832647,5.0,0.38383595883264743,Reject,0,0.6338776915948869,1.5805698092633258
human_single,388,JdVTWjjnR6,2.0,2.8483251924530997,5.0,2.1516748075469003,Reject,0,0.6338776915948869,1.5805698092633258
human_single,389,MPhnlqdU9Z,4.0,4.1173986183111815,4.0,0.11739861831118148,Reject,0,0.6335226034397137,1.5833082045523266
human_single,389,MPhnlqdU9Z,2.0,2.8503534114317537,4.0,1.1496465885682463,Reject,0,0.6335226034397137,1.5833082045523266
human_single,389,MPhnlqdU9Z,6.0,5.384443825190608,4.0,1.3844438251906084,Reject,0,0.6335226034397137,1.5833082045523266
human_single,390,HvFpfea8XA,4.0,4.116920321948189,4.5,0.38307967805181065,Reject,0,0.6337637267989125,1.581865414752539
human_single,390,HvFpfea8XA,2.0,2.849392868350364,4.5,1.650607131649636,Reject,0,0.6337637267989125,1.581865414752539
human_single,390,HvFpfea8XA,6.0,5.384447775546014,4.5,0.8844477755460138,Reject,0,0.6337637267989125,1.581865414752539
human_single,390,HvFpfea8XA,6.0,5.384447775546014,4.5,0.8844477755460138,Reject,0,0.6337637267989125,1.581865414752539
human_single,391,Dxb9zYD23D,4.0,4.1181125620449155,3.5,0.6181125620449155,Reject,0,0.6330269834475468,1.5860046282547287
human_single,391,Dxb9zYD23D,4.0,4.1181125620449155,3.5,0.6181125620449155,Reject,0,0.6330269834475468,1.5860046282547287
human_single,391,Dxb9zYD23D,2.0,2.8520585951498223,3.5,0.6479414048501777,Reject,0,0.6330269834475468,1.5860046282547287
human_single,391,Dxb9zYD23D,4.0,4.1181125620449155,3.5,0.6181125620449155,Reject,0,0.6330269834475468,1.5860046282547287
human_single,392,CrCPeM5fRB,4.0,4.118112562044917,3.5,0.6181125620449173,Reject,0,0.6330269834475469,1.586004628254729
human_single,392,CrCPeM5fRB,2.0,2.852058595149823,3.5,0.6479414048501768,Reject,0,0.6330269834475469,1.586004628254729
human_single,392,CrCPeM5fRB,4.0,4.118112562044917,3.5,0.6181125620449173,Reject,0,0.6330269834475469,1.586004628254729
human_single,392,CrCPeM5fRB,4.0,4.118112562044917,3.5,0.6181125620449173,Reject,0,0.6330269834475469,1.586004628254729
human_single,393,qclNnbjxNJ,8.0,6.640080394211665,7.5,0.8599196057883347,Accept,1,0.6313155398940824,1.5895560750590065
human_single,393,qclNnbjxNJ,8.0,6.640080394211665,7.5,0.8599196057883347,Accept,1,0.6313155398940824,1.5895560750590065
human_single,393,qclNnbjxNJ,8.0,6.640080394211665,7.5,0.8599196057883347,Accept,1,0.6313155398940824,1.5895560750590065
human_single,393,qclNnbjxNJ,6.0,5.377449314423501,7.5,2.122550685576499,Accept,1,0.6313155398940824,1.5895560750590065
human_single,394,2eAGrunxVz,8.0,6.640080394211665,7.5,0.8599196057883347,Accept,1,0.6313155398940824,1.5895560750590065
human_single,394,2eAGrunxVz,8.0,6.640080394211665,7.5,0.8599196057883347,Accept,1,0.6313155398940824,1.5895560750590065
human_single,394,2eAGrunxVz,8.0,6.640080394211665,7.5,0.8599196057883347,Accept,1,0.6313155398940824,1.5895560750590065
human_single,394,2eAGrunxVz,6.0,5.377449314423501,7.5,2.122550685576499,Accept,1,0.6313155398940824,1.5895560750590065
human_single,395,zt7IPzsXrT,6.0,5.382925249575155,5.0,0.3829252495751554,Accept,1,0.6331423770729745,1.584070987137308
human_single,395,zt7IPzsXrT,6.0,5.382925249575155,5.0,0.3829252495751554,Accept,1,0.6331423770729745,1.584070987137308
human_single,395,zt7IPzsXrT,4.0,4.1166404954292055,5.0,0.8833595045707945,Accept,1,0.6331423770729745,1.584070987137308
human_single,395,zt7IPzsXrT,4.0,4.1166404954292055,5.0,0.8833595045707945,Accept,1,0.6331423770729745,1.584070987137308
