paper_id,pred_score,pred_decision,gt_avg_score,gt_decision,gt_binary,match,cost,sdk_savings,gt_score_0,gt_score_1,gt_score_2,gt_score_3,gt_score_4,gt_score_5,gt_score_6
jv2zHOalpL,3.5,Reject,6.00,Accept,Accept,NO,0.0000,0.0000,6.0,6.0,6.0,6.0,,,
l30moNjSY9,5.0,Reject,6.00,Accept,Accept,NO,0.0000,0.0000,6.0,6.0,6.0,,,,
z9UBpl4pv5,5.5,Reject,4.33,Reject,Reject,YES,0.0000,0.0000,5.0,5.0,3.0,,,,
ikqcUzUogm,6.5,Accept,4.75,Reject,Reject,NO,0.0000,0.0000,3.0,5.0,6.0,5.0,,,
Y1XkzMJpPd,5.0,Reject,6.75,Accept,Accept,NO,0.0000,0.0000,3.0,8.0,8.0,8.0,,,
tOzCcDdH9O,5.5,Reject,6.25,Accept,Accept,NO,0.0000,0.0000,6.0,8.0,6.0,5.0,,,
KtqZrNjvjd,5.5,Reject,5.80,Reject,Reject,YES,0.0000,0.0000,6.0,6.0,6.0,5.0,6.0,,
O34CXUAZ0E,6.0,Accept,5.00,Reject,Reject,NO,0.0000,0.0000,5.0,6.0,6.0,3.0,,,
j50c2tkQUu,7.0,Accept,4.33,Reject,Reject,NO,0.0000,0.0000,5.0,3.0,5.0,,,,
0VZP2Dr9KX,5.5,Accept,5.25,Reject,Reject,NO,0.0000,0.0000,3.0,5.0,8.0,5.0,,,
OKOjkFrhSs,6.0,Accept,3.00,Reject,Reject,NO,0.0000,0.0000,3.0,3.0,3.0,3.0,,,
OzUNDnpQyd,6.5,Accept,7.00,Accept,Accept,YES,0.0000,0.0000,8.0,6.0,8.0,6.0,,,
lpt4ADbacU,7.0,Accept,4.00,Reject,Reject,NO,0.0000,0.0000,5.0,3.0,5.0,3.0,,,
poFAoivHQk,4.5,Reject,3.75,Reject,Reject,YES,0.0000,0.0000,1.0,3.0,6.0,5.0,,,
oYjPk8mqAV,7.5,Accept,8.00,Accept,Accept,YES,0.0000,0.0000,8.0,8.0,8.0,8.0,,,
AfZH9EEuRR,5.0,Reject,2.20,Reject,Reject,YES,0.0000,0.0000,1.0,1.0,3.0,3.0,3.0,,
W2Wkp9MQsF,5.0,Reject,5.75,Accept,Accept,NO,0.0000,0.0000,6.0,6.0,5.0,6.0,,,
XC0nEtnevb,6.5,Accept,4.75,Reject,Reject,NO,0.0000,0.0000,5.0,6.0,3.0,5.0,,,
1bbPQShCT2,5.0,Reject,6.50,Accept,Accept,NO,0.0000,0.0000,6.0,8.0,6.0,6.0,,,
W6yIKliMot,5.0,Reject,6.50,Accept,Accept,NO,0.0000,0.0000,6.0,6.0,6.0,8.0,,,
25Zlvl7JxW,6.5,Accept,6.50,Accept,Accept,YES,0.0000,0.0000,6.0,6.0,8.0,6.0,,,
gGpuhyjIlS,6.0,Accept,4.50,Reject,Reject,NO,0.0000,0.0000,5.0,3.0,5.0,5.0,,,
YCOVTlMFIG,6.5,Accept,5.00,Reject,Reject,NO,0.0000,0.0000,6.0,5.0,8.0,5.0,3.0,3.0,
PqjQmLNuJt,7.0,Accept,2.50,Reject,Reject,NO,0.0000,0.0000,3.0,5.0,1.0,1.0,,,
2iGiSHmeAN,6.0,Accept,6.50,Accept,Accept,YES,0.0000,0.0000,6.0,6.0,8.0,6.0,,,
AialDkY6y3,7.0,Accept,4.40,Reject,Reject,NO,0.0000,0.0000,3.0,5.0,3.0,5.0,6.0,,
H6UMc5VS70,7.0,Accept,5.75,Reject,Reject,NO,0.0000,0.0000,6.0,5.0,6.0,6.0,,,
XwibrZ9MHG,6.5,Accept,4.00,Reject,Reject,NO,0.0000,0.0000,5.0,3.0,5.0,3.0,,,
GrDne4055L,4.0,Reject,6.25,Accept,Accept,NO,0.0000,0.0000,8.0,6.0,5.0,6.0,,,
IAkflJmNrC,6.0,Accept,4.00,Reject,Reject,NO,0.0000,0.0000,5.0,5.0,3.0,3.0,,,
Y6KUBkUimC,7.0,Accept,6.00,Reject,Reject,NO,0.0000,0.0000,6.0,8.0,5.0,5.0,,,
S1OAqOtN5U,6.0,Accept,5.25,Reject,Reject,NO,0.0000,0.0000,5.0,6.0,5.0,5.0,,,
czVzzXPCkw,7.5,Accept,4.33,Reject,Reject,NO,0.0000,0.0000,5.0,5.0,3.0,,,,
o1IiiNIoaA,5.5,Accept,5.20,Accept,Accept,YES,0.0000,0.0000,6.0,8.0,6.0,3.0,3.0,,
oAMArMMQxb,6.0,Accept,6.25,Accept,Accept,YES,0.0000,0.0000,6.0,8.0,3.0,8.0,,,
0ApkwFlCxq,6.0,Accept,6.25,Reject,Reject,NO,0.0000,0.0000,8.0,6.0,5.0,6.0,,,
XfKSDgqIRj,6.0,Accept,6.00,Accept,Accept,YES,0.0000,0.0000,6.0,6.0,6.0,6.0,,,
HYyRwm367m,6.5,Accept,6.50,Accept,Accept,YES,0.0000,0.0000,6.0,8.0,6.0,6.0,,,
FvfhHucpLd,6.0,Accept,3.67,Reject,Reject,NO,0.0000,0.0000,3.0,3.0,5.0,,,,
7OO8tTOgh4,5.0,Reject,5.25,Reject,Reject,YES,0.0000,0.0000,5.0,6.0,5.0,5.0,,,
NTHMw8S1Ow,5.5,Reject,7.33,Accept,Accept,NO,0.0000,0.0000,6.0,8.0,8.0,,,,
wP0nDEAlap,6.5,Accept,4.00,Reject,Reject,NO,0.0000,0.0000,5.0,3.0,3.0,5.0,,,
Dnn7SoD224,5.5,Reject,6.00,Reject,Reject,YES,0.0000,0.0000,6.0,6.0,6.0,6.0,,,
1V1QQYARmd,6.0,Accept,5.50,Reject,Reject,NO,0.0000,0.0000,8.0,5.0,6.0,3.0,,,
2jf5x5XoYk,6.5,Accept,6.75,Accept,Accept,YES,0.0000,0.0000,8.0,6.0,5.0,8.0,,,
s3003xWtfd,5.0,Reject,6.25,Reject,Reject,YES,0.0000,0.0000,3.0,8.0,6.0,8.0,,,
2dLMPOY0HW,7.0,Accept,4.67,Reject,Reject,NO,0.0000,0.0000,8.0,3.0,3.0,,,,
fjJcJhIzYx,5.5,Accept,4.75,Reject,Reject,NO,0.0000,0.0000,3.0,6.0,5.0,5.0,,,
yOrtDi6IXs,5.5,Borderline,4.25,Reject,Reject,NO,0.0000,0.0000,3.0,5.0,6.0,3.0,,,
Z33PEFMuU3,6.5,Accept,5.75,Reject,Reject,NO,0.0000,0.0000,6.0,6.0,5.0,6.0,,,
5z9GjHgerY,6.0,Accept,6.33,Accept,Accept,YES,0.0000,0.0000,3.0,8.0,8.0,,,,
78iGZdqxYY,7.0,Accept,6.00,Accept,Accept,YES,0.0000,0.0000,6.0,6.0,6.0,6.0,,,
9tiQ0aBK7c,6.0,Accept,5.20,Reject,Reject,NO,0.0000,0.0000,6.0,5.0,5.0,5.0,5.0,,
7JfKCZQPxJ,6.5,Accept,5.25,Accept,Accept,YES,0.0000,0.0000,6.0,6.0,3.0,6.0,,,
5xwx1Myosu,7.0,Accept,6.50,Accept,Accept,YES,0.0000,0.0000,6.0,8.0,6.0,6.0,,,
tZP4Uyql0r,3.0,Reject,2.33,Reject,Reject,YES,0.0000,0.0000,1.0,3.0,3.0,,,,
LlE61BEYpB,6.0,Borderline Accept,4.00,Reject,Reject,NO,0.0000,0.0000,3.0,3.0,5.0,5.0,,,
pG820nmDvy,5.0,Reject,4.67,Reject,Reject,YES,0.0000,0.0000,5.0,3.0,6.0,,,,
uuCcK4cmlH,6.0,Accept,3.00,Reject,Reject,NO,0.0000,0.0000,3.0,3.0,3.0,,,,
r65xfUb76p,7.0,Accept,5.67,Accept,Accept,YES,0.0000,0.0000,8.0,3.0,6.0,,,,
6H4jRWKFc3,6.0,Reject,5.75,Accept,Accept,NO,0.0000,0.0000,8.0,6.0,6.0,3.0,,,
fqtaADSGEe,7.5,Accept,3.67,Reject,Reject,NO,0.0000,0.0000,3.0,3.0,5.0,,,,
uELjxVbrqG,6.5,Accept,7.00,Accept,Accept,YES,0.0000,0.0000,8.0,6.0,6.0,8.0,,,
4QWPCTLq20,4.5,Reject,3.00,Reject,Reject,YES,0.0000,0.0000,3.0,3.0,3.0,3.0,3.0,,
h2Q3gOIz8q,5.5,Accept,5.50,Reject,Reject,NO,0.0000,0.0000,6.0,6.0,5.0,5.0,,,
friHAl5ofG,6.5,Accept,7.50,Accept,Accept,YES,0.0000,0.0000,8.0,6.0,8.0,8.0,,,
HozsY9Gdcl,7.0,Accept,5.00,Reject,Reject,NO,0.0000,0.0000,5.0,5.0,5.0,,,,
QQt0MwXA81,5.0,Reject,6.20,Reject,Reject,YES,0.0000,0.0000,8.0,8.0,5.0,5.0,5.0,,
MCUvAc1GTg,7.0,Accept,5.50,Reject,Reject,NO,0.0000,0.0000,5.0,8.0,6.0,3.0,,,
HUzDU7u5B4,6.0,Reject,4.33,Reject,Reject,YES,0.0000,0.0000,3.0,5.0,5.0,,,,
oUeYSTIhpE,7.5,Accept,4.75,Reject,Reject,NO,0.0000,0.0000,3.0,5.0,6.0,5.0,,,
YLTWwEjkdx,6.0,Reject,5.50,Reject,Reject,YES,0.0000,0.0000,6.0,5.0,5.0,6.0,,,
0yTf37PXcH,6.0,Accept,5.40,Reject,Reject,NO,0.0000,0.0000,6.0,5.0,3.0,8.0,5.0,,
OnLAftJkhV,6.0,Accept,3.75,Reject,Reject,NO,0.0000,0.0000,3.0,6.0,3.0,3.0,,,
Svt3SGy0yd,6.0,Accept,5.80,Reject,Reject,NO,0.0000,0.0000,8.0,5.0,6.0,5.0,5.0,,
spwklWgmWJ,5.0,Reject,4.75,Reject,Reject,YES,0.0000,0.0000,3.0,3.0,8.0,5.0,,,
iEfdvDTcZg,6.0,Accept,6.25,Accept,Accept,YES,0.0000,0.0000,8.0,5.0,6.0,6.0,,,
GtxzVbjPKC,4.5,Reject,3.50,Reject,Reject,YES,0.0000,0.0000,3.0,3.0,3.0,5.0,,,
0mJZplhexS,5.0,Reject,4.25,Reject,Reject,YES,0.0000,0.0000,5.0,3.0,3.0,6.0,,,
dAIcU2ZwUN,4.0,Reject,4.25,Reject,Reject,YES,0.0000,0.0000,3.0,6.0,3.0,5.0,,,
hheFYjOsWO,6.0,Accept,6.75,Accept,Accept,YES,0.0000,0.0000,8.0,8.0,6.0,5.0,,,
rcdR97P2Mp,6.5,Accept,4.50,Reject,Reject,NO,0.0000,0.0000,5.0,5.0,5.0,3.0,,,
yBLBls6ryd,4.0,Reject,4.86,Reject,Reject,YES,0.0000,0.0000,5.0,3.0,5.0,5.0,3.0,8.0,
UfBIxpTK10,6.5,Accept,6.00,Accept,Accept,YES,0.0000,0.0000,6.0,8.0,5.0,5.0,6.0,,
DE2RMJVjgI,5.5,Reject,4.25,Reject,Reject,YES,0.0000,0.0000,3.0,6.0,3.0,5.0,,,
wV9iMiyQcc,5.0,Reject,5.33,Reject,Reject,YES,0.0000,0.0000,5.0,5.0,6.0,,,,
AvXrppAS2o,2.5,Reject,3.00,Reject,Reject,YES,0.0000,0.0000,3.0,3.0,3.0,1.0,5.0,3.0,
50cmx4SrkM,7.0,Accept,5.75,Accept,Accept,YES,0.0000,0.0000,5.0,8.0,5.0,5.0,,,
ajSmXqgS24,6.5,Accept,6.25,Accept,Accept,YES,0.0000,0.0000,8.0,3.0,6.0,8.0,,,
EKaVO0ceh8,6.0,Accept,6.00,Reject,Reject,NO,0.0000,0.0000,6.0,5.0,5.0,8.0,,,
2y8XnaIiB8,5.5,Accept,5.50,Reject,Reject,NO,0.0000,0.0000,6.0,5.0,6.0,5.0,,,
oY2jw2NLiM,6.0,Accept,3.00,Reject,Reject,NO,0.0000,0.0000,1.0,3.0,5.0,3.0,,,
q4Bim1dDzb,5.5,Reject,5.75,Reject,Reject,YES,0.0000,0.0000,8.0,5.0,5.0,5.0,,,
Dgh5GXsW65,5.5,Accept,5.50,Reject,Reject,NO,0.0000,0.0000,3.0,3.0,8.0,8.0,,,
mkDam1xIzW,7.0,Accept,7.33,Accept,Accept,YES,0.0000,0.0000,8.0,6.0,8.0,,,,
ETFfXGM3e4,5.5,Reject,5.50,Reject,Reject,YES,0.0000,0.0000,6.0,5.0,6.0,5.0,,,
AgTSjXh7vl,5.5,Reject,4.25,Reject,Reject,YES,0.0000,0.0000,3.0,5.0,3.0,6.0,,,
nDvgHIBRxQ,6.0,Accept,6.25,Accept,Accept,YES,0.0000,0.0000,8.0,6.0,6.0,5.0,,,
Pt3lfU1NqC,7.0,Accept,6.25,Reject,Reject,NO,0.0000,0.0000,6.0,6.0,8.0,5.0,,,
Zkrsr7vAaG,5.5,Reject,4.00,Reject,Reject,YES,0.0000,0.0000,3.0,3.0,5.0,5.0,,,
scxDIx6StY,5.5,Reject,3.40,Reject,Reject,YES,0.0000,0.0000,5.0,5.0,3.0,3.0,1.0,,
5AtHrq3B5R,6.5,Accept,5.50,Accept,Accept,YES,0.0000,0.0000,3.0,5.0,6.0,8.0,,,
yZJapMWdHZ,6.0,Weak Accept,6.00,Reject,Reject,NO,0.0000,0.0000,6.0,6.0,6.0,,,,
bc3sUsS6ck,5.5,Reject,5.75,Accept,Accept,NO,0.0000,0.0000,5.0,6.0,6.0,6.0,,,
sRaAt9OOnW,5.5,Reject,6.20,Reject,Reject,YES,0.0000,0.0000,6.0,5.0,6.0,8.0,6.0,,
rgiIZ3pcZY,5.5,Reject,4.75,Reject,Reject,YES,0.0000,0.0000,6.0,3.0,5.0,5.0,,,
jUxzh1bi3i,6.0,Reject,5.75,Reject,Reject,YES,0.0000,0.0000,6.0,6.0,5.0,6.0,,,
02haSpO453,6.0,Accept,6.50,Accept,Accept,YES,0.0000,0.0000,8.0,6.0,6.0,6.0,,,
vDp6StrKIq,6.0,Accept,6.33,Accept,Accept,YES,0.0000,0.0000,5.0,8.0,6.0,,,,
aWkAKucZMR,7.5,Accept,5.50,Reject,Reject,NO,0.0000,0.0000,5.0,8.0,6.0,3.0,,,
UmhC7fuhzs,5.0,Reject,6.50,Reject,Reject,YES,0.0000,0.0000,6.0,6.0,6.0,8.0,,,
KjOAHlKMF5,7.0,Accept,7.00,Accept,Accept,YES,0.0000,0.0000,8.0,6.0,8.0,6.0,,,
K7l94Z81bH,5.5,Reject,5.25,Reject,Reject,YES,0.0000,0.0000,5.0,5.0,5.0,6.0,,,
VbR6K7TQV4,4.0,Reject,4.75,Reject,Reject,YES,0.0000,0.0000,5.0,5.0,6.0,3.0,,,
NFEnBqknoX,5.5,Reject,5.67,Reject,Reject,YES,0.0000,0.0000,3.0,6.0,8.0,,,,
rzx3vcvlzj,7.0,Accept,5.83,Accept,Accept,YES,0.0000,0.0000,6.0,8.0,6.0,8.0,6.0,1.0,
JnRvQ8CxLx,6.0,Accept,4.00,Reject,Reject,NO,0.0000,0.0000,5.0,3.0,5.0,3.0,,,
uAFHCZRmXk,6.0,Accept,8.00,Accept,Accept,YES,0.0000,0.0000,8.0,8.0,8.0,8.0,,,
tXnAmayaio,5.5,Reject,4.25,Reject,Reject,YES,0.0000,0.0000,3.0,5.0,6.0,3.0,,,
acH47FOCTV,6.0,Reject,5.50,Reject,Reject,YES,0.0000,0.0000,6.0,6.0,5.0,5.0,,,
abRWxnjMIz,6.0,Reject,4.00,Reject,Reject,YES,0.0000,0.0000,5.0,3.0,3.0,5.0,,,
lYRkGZZi9D,6.5,Accept,7.00,Accept,Accept,YES,0.0000,0.0000,6.0,8.0,6.0,8.0,,,
H6XiAoyugv,7.5,Accept,4.33,Reject,Reject,NO,0.0000,0.0000,5.0,5.0,3.0,,,,
eR9C6c76j5,6.0,Accept,4.60,Reject,Reject,NO,0.0000,0.0000,6.0,5.0,6.0,3.0,3.0,,
0Wl6h2CZeJ,7.5,Accept,5.50,Reject,Reject,NO,0.0000,0.0000,6.0,5.0,6.0,5.0,,,
dQzpP9ziaJ,6.0,Reject,3.50,Reject,Reject,YES,0.0000,0.0000,5.0,3.0,3.0,3.0,,,
OM1R87YLTc,6.0,Accept,2.00,Reject,Reject,NO,0.0000,0.0000,1.0,1.0,3.0,3.0,,,
YkCjojDG3l,5.5,Reject,5.00,Reject,Reject,YES,0.0000,0.0000,3.0,3.0,6.0,5.0,8.0,,
ZcBhd1F7PA,5.5,Reject,5.00,Reject,Reject,YES,0.0000,0.0000,5.0,5.0,5.0,5.0,,,
0bjIoHD45G,5.5,Reject,4.20,Reject,Reject,YES,0.0000,0.0000,5.0,3.0,5.0,3.0,5.0,,
hRSabwKj53,7.5,Accept,4.25,Reject,Reject,NO,0.0000,0.0000,6.0,3.0,5.0,3.0,,,
AXC9KydyZq,6.5,Reject,7.00,Accept,Accept,NO,0.0000,0.0000,6.0,6.0,8.0,8.0,,,
HXWTXXtHNl,6.0,Accept,5.75,Accept,Accept,YES,0.0000,0.0000,5.0,6.0,6.0,6.0,,,
W2dR6rypBQ,5.5,Reject,6.75,Accept,Accept,NO,0.0000,0.0000,8.0,6.0,5.0,8.0,,,
9Hxdixed7p,5.0,Reject,6.25,Accept,Accept,NO,0.0000,0.0000,6.0,5.0,8.0,6.0,,,
53kUa92R7J,1.0,Reject,3.00,Reject,Reject,YES,0.0000,0.0000,3.0,3.0,3.0,,,,
WPsnH6875d,6.0,Accept,6.00,Accept,Accept,YES,0.0000,0.0000,6.0,6.0,6.0,6.0,,,
jsWCmrsHHs,5.5,Reject,7.50,Accept,Accept,NO,0.0000,0.0000,6.0,8.0,8.0,8.0,,,
OBTmkKBmQW,7.0,Accept,4.00,Reject,Reject,NO,0.0000,0.0000,3.0,5.0,3.0,5.0,,,
1L9vdc7BB5,5.5,Reject,5.50,Reject,Reject,YES,0.0000,0.0000,6.0,5.0,5.0,6.0,,,
ecIvumCyAj,5.5,Reject,5.75,Accept,Accept,NO,0.0000,0.0000,6.0,8.0,3.0,6.0,,,
5Ro7JT5Vaf,5.0,Reject,3.50,Reject,Reject,YES,0.0000,0.0000,3.0,5.0,3.0,3.0,,,
gmg7t8b4s0,6.5,Accept,6.25,Accept,Accept,YES,0.0000,0.0000,8.0,3.0,8.0,6.0,,,
xUHL8mtSUL,6.0,Reject,3.80,Reject,Reject,YES,0.0000,0.0000,3.0,3.0,5.0,3.0,5.0,,
BuBBRn0zFD,7.5,Accept,4.75,Reject,Reject,NO,0.0000,0.0000,5.0,3.0,6.0,5.0,,,
myYKk4Qz3l,5.0,Reject,4.50,Reject,Reject,YES,0.0000,0.0000,5.0,5.0,5.0,3.0,,,
sPuLtU32av,5.0,Reject,7.00,Accept,Accept,NO,0.0000,0.0000,8.0,6.0,6.0,8.0,,,
kYwTmlq6Vn,6.5,Accept,6.75,Accept,Accept,YES,0.0000,0.0000,8.0,3.0,8.0,8.0,,,
Aku2I3z4aV,4.0,Reject,2.60,Reject,Reject,YES,0.0000,0.0000,3.0,3.0,5.0,1.0,1.0,,
gVnJFY8nCM,5.0,Reject,6.25,Accept,Accept,NO,0.0000,0.0000,6.0,5.0,8.0,6.0,,,
3UB4NaEb1g,5.0,Reject,4.50,Reject,Reject,YES,0.0000,0.0000,3.0,6.0,3.0,6.0,,,
xcPN6Or88c,6.0,Accept,4.25,Reject,Reject,NO,0.0000,0.0000,5.0,3.0,3.0,6.0,,,
o3jgyJIhnv,3.5,Reject,4.00,Reject,Reject,YES,0.0000,0.0000,5.0,5.0,3.0,3.0,,,
1DIdt2YOPw,5.5,Accept,3.80,Reject,Reject,NO,0.0000,0.0000,3.0,3.0,3.0,5.0,5.0,,
NSVtmmzeRB,6.0,Accept,8.00,Accept,Accept,YES,0.0000,0.0000,8.0,8.0,8.0,8.0,,,
6c4gv0E9sF,5.5,Reject,6.33,Reject,Reject,YES,0.0000,0.0000,8.0,8.0,3.0,,,,
otoggKnn0A,5.0,Reject,4.00,Reject,Reject,YES,0.0000,0.0000,3.0,5.0,3.0,5.0,,,
C0HDYvGwol,7.5,Accept,5.60,Reject,Reject,NO,0.0000,0.0000,5.0,6.0,5.0,6.0,6.0,,
RBL3Gm5ygj,7.0,Accept,5.67,Reject,Reject,NO,0.0000,0.0000,5.0,6.0,6.0,,,,
FUaDMRVrbS,6.5,Accept,7.00,Accept,Accept,YES,0.0000,0.0000,8.0,6.0,6.0,8.0,,,
Fty0wTcemV,4.5,Reject,6.00,Accept,Accept,NO,0.0000,0.0000,6.0,6.0,6.0,,,,
3X6QlkWfHH,4.5,Reject,4.00,Reject,Reject,YES,0.0000,0.0000,3.0,5.0,5.0,3.0,,,
anQDiQZhDP,7.5,Accept,5.50,Accept,Accept,YES,0.0000,0.0000,5.0,3.0,8.0,6.0,,,
2PRpcmJecX,5.0,Reject,6.50,Accept,Accept,NO,0.0000,0.0000,8.0,6.0,6.0,6.0,,,
7eYmijcuqO,6.0,Accept,3.00,Reject,Reject,NO,0.0000,0.0000,3.0,3.0,3.0,3.0,,,
ysZvK6b60c,6.5,Accept,4.50,Reject,Reject,NO,0.0000,0.0000,5.0,5.0,5.0,3.0,,,
Y2Txh5uGRe,4.5,Reject,4.25,Reject,Reject,YES,0.0000,0.0000,3.0,5.0,3.0,6.0,,,
ljVCPV7jK3,6.5,Accept,4.00,Reject,Reject,NO,0.0000,0.0000,3.0,3.0,6.0,,,,
xOtOfdbBqK,6.0,Accept,5.75,Reject,Reject,NO,0.0000,0.0000,6.0,6.0,6.0,5.0,,,
1uHTIjXjkk,5.0,Reject,4.00,Reject,Reject,YES,0.0000,0.0000,5.0,1.0,5.0,5.0,,,
haJHr4UsQX,7.5,Accept,6.67,Accept,Accept,YES,0.0000,0.0000,8.0,6.0,6.0,,,,
ETokBVXrbC,4.5,Reject,3.50,Reject,Reject,YES,0.0000,0.0000,3.0,5.0,3.0,3.0,,,
Sh4FOyZRpv,6.0,Reject,5.75,Accept,Accept,NO,0.0000,0.0000,6.0,5.0,6.0,6.0,,,
GARbxyCV13,6.0,Weak Accept,5.75,Reject,Reject,NO,0.0000,0.0000,5.0,6.0,6.0,6.0,,,
sdLGY9Dj5r,5.5,Reject,6.00,Accept,Accept,NO,0.0000,0.0000,6.0,5.0,8.0,5.0,,,
sbiU3WZpTp,5.0,Reject,5.33,Reject,Reject,YES,0.0000,0.0000,6.0,5.0,5.0,,,,
HSUSo9p8X5,6.0,Accept,5.75,Reject,Reject,NO,0.0000,0.0000,1.0,6.0,8.0,8.0,,,
2uQBSa2X4R,5.0,Accept,6.50,Accept,Accept,YES,0.0000,0.0000,8.0,5.0,5.0,8.0,,,
Ncx0X8lcN1,6.5,Accept,4.25,Reject,Reject,NO,0.0000,0.0000,6.0,3.0,5.0,3.0,,,
6zAIFLgayn,5.5,Reject,5.00,Reject,Reject,YES,0.0000,0.0000,5.0,5.0,5.0,5.0,,,
gfh8ZbSlyf,5.5,Reject,5.33,Reject,Reject,YES,0.0000,0.0000,5.0,5.0,6.0,,,,
M2g647Femt,4.5,Reject,3.50,Reject,Reject,YES,0.0000,0.0000,5.0,3.0,5.0,1.0,,,
LuT2CVrlpU,5.0,Reject,6.00,Accept,Accept,NO,0.0000,0.0000,6.0,6.0,6.0,6.0,,,
ENVwvyiJXY,5.5,Reject,4.00,Reject,Reject,YES,0.0000,0.0000,5.0,5.0,3.0,3.0,,,
mRw9BuNO9i,5.5,Reject,6.00,Reject,Reject,YES,0.0000,0.0000,6.0,8.0,5.0,5.0,,,
oZyAqjAjJW,5.0,Reject,6.25,Accept,Accept,NO,0.0000,0.0000,8.0,5.0,6.0,6.0,,,
PfYg3eRrNi,5.5,Reject,4.80,Reject,Reject,YES,0.0000,0.0000,5.0,6.0,3.0,5.0,5.0,,
CCUrU4A92S,5.5,Reject,3.50,Reject,Reject,YES,0.0000,0.0000,5.0,1.0,3.0,5.0,,,
FEZOLWexPb,3.0,Reject,6.50,Accept,Accept,NO,0.0000,0.0000,6.0,6.0,6.0,8.0,,,
Pnktu2PBXD,6.0,Accept,6.00,Accept,Accept,YES,0.0000,0.0000,6.0,6.0,6.0,6.0,6.0,,
zavLQJ1XjB,6.0,Accept,6.67,Accept,Accept,YES,0.0000,0.0000,8.0,6.0,6.0,,,,
v3DwQlyGbv,5.0,Reject,2.33,Reject,Reject,YES,0.0000,0.0000,3.0,1.0,3.0,,,,
XgH1wfHSX8,7.0,Accept,7.50,Accept,Accept,YES,0.0000,0.0000,6.0,6.0,8.0,10.0,,,
NLRo4qhg6t,5.0,Reject,3.00,Reject,Reject,YES,0.0000,0.0000,5.0,3.0,1.0,3.0,,,
8ZJAdSVHS1,6.0,Accept,4.25,Reject,Reject,NO,0.0000,0.0000,5.0,6.0,3.0,3.0,,,
n39ilTxSDY,6.0,Accept,5.33,Reject,Reject,NO,0.0000,0.0000,5.0,6.0,5.0,,,,
ikr5XomWHS,6.0,Accept,6.33,Accept,Accept,YES,0.0000,0.0000,8.0,5.0,6.0,,,,
i1Yxnar4mj,4.5,Reject,4.50,Reject,Reject,YES,0.0000,0.0000,6.0,3.0,3.0,6.0,,,
S6cBH99BhB,1.0,Reject,6.50,Accept,Accept,NO,0.0000,0.0000,5.0,8.0,5.0,8.0,,,
D2hhkU5O48,5.0,Reject,6.75,Accept,Accept,NO,0.0000,0.0000,8.0,5.0,6.0,8.0,,,
Tw9wemV6cb,6.0,Weak Accept,7.50,Accept,Accept,NO,0.0000,0.0000,8.0,6.0,8.0,8.0,,,
mxJEX6w5uN,6.0,Reject,5.25,Reject,Reject,YES,0.0000,0.0000,6.0,5.0,5.0,5.0,,,
J0cCuE3JRC,5.0,Reject,4.75,Reject,Reject,YES,0.0000,0.0000,3.0,3.0,5.0,8.0,,,
zu7cBTPsDb,6.5,Weak Accept,6.00,Accept,Accept,NO,0.0000,0.0000,6.0,6.0,6.0,6.0,,,
X0r4BN50Dv,5.0,Reject,6.67,Accept,Accept,NO,0.0000,0.0000,8.0,6.0,6.0,,,,
nRD5TriJ0O,6.0,Accept,4.60,Reject,Reject,NO,0.0000,0.0000,6.0,5.0,1.0,5.0,6.0,,
dsP91M4hDL,5.5,Reject,6.50,Accept,Accept,NO,0.0000,0.0000,6.0,8.0,6.0,6.0,,,
xxI4nAj7zi,5.5,Reject,4.00,Reject,Reject,YES,0.0000,0.0000,6.0,3.0,3.0,,,,
CjPt1AC6w0,6.5,Accept,6.25,Reject,Reject,NO,0.0000,0.0000,6.0,8.0,6.0,5.0,,,
l1pNNQSzZv,7.5,Accept,6.25,Reject,Reject,NO,0.0000,0.0000,8.0,5.0,6.0,6.0,,,
mzo7N2XkJ2,5.5,Reject,4.00,Reject,Reject,YES,0.0000,0.0000,6.0,3.0,3.0,,,,
0F1rIKppTf,4.5,Reject,5.75,Reject,Reject,YES,0.0000,0.0000,6.0,5.0,6.0,6.0,,,
FWJAmwE0xH,7.0,Accept,6.25,Accept,Accept,YES,0.0000,0.0000,6.0,8.0,3.0,8.0,,,
WDDyTcaP1L,6.0,Accept,4.75,Reject,Reject,NO,0.0000,0.0000,8.0,3.0,3.0,5.0,,,
0bcUyy2vdY,4.5,Reject,5.50,Reject,Reject,YES,0.0000,0.0000,6.0,8.0,5.0,3.0,,,
qVILwUxjLG,5.0,Reject,3.75,Reject,Reject,YES,0.0000,0.0000,3.0,3.0,3.0,6.0,,,
OhTzuWzO6Q,5.5,Reject,4.75,Reject,Reject,YES,0.0000,0.0000,5.0,5.0,3.0,6.0,,,
20oxNYWQl9,5.5,Reject,5.75,Reject,Reject,YES,0.0000,0.0000,5.0,6.0,6.0,6.0,,,
V7EiYG5DwZ,5.0,Accept,5.75,Reject,Reject,NO,0.0000,0.0000,5.0,5.0,5.0,8.0,,,
ZeaTvXw080,6.5,Accept,6.00,Accept,Accept,YES,0.0000,0.0000,6.0,6.0,6.0,6.0,,,
kYUpFKqtNe,5.0,Reject,3.50,Reject,Reject,YES,0.0000,0.0000,3.0,3.0,3.0,5.0,,,
iOy2pITOoH,7.0,Accept,5.50,Reject,Reject,NO,0.0000,0.0000,5.0,6.0,6.0,5.0,,,
jkhVrIllKg,5.0,Reject,4.25,Reject,Reject,YES,0.0000,0.0000,5.0,6.0,3.0,3.0,,,
7QDIFrtAsB,5.0,Reject,5.75,Reject,Reject,YES,0.0000,0.0000,6.0,5.0,6.0,6.0,,,
1Wi0Ys33Nm,5.0,Reject,6.25,Accept,Accept,NO,0.0000,0.0000,6.0,6.0,8.0,5.0,,,
UZQl0rbxj6,6.0,Accept,5.00,Reject,Reject,NO,0.0000,0.0000,5.0,3.0,5.0,6.0,6.0,,
un9Gzm0BZb,7.0,Accept,4.75,Reject,Reject,NO,0.0000,0.0000,6.0,5.0,5.0,3.0,,,
tItq3cwzYc,3.5,Reject,3.67,Reject,Reject,YES,0.0000,0.0000,5.0,3.0,3.0,,,,
X1lDOv09hG,5.0,Reject,4.00,Reject,Reject,YES,0.0000,0.0000,3.0,3.0,5.0,5.0,,,
5zjsZiYEnr,6.0,Accept,6.00,Reject,Reject,NO,0.0000,0.0000,5.0,8.0,5.0,,,,
ImwrWH6U0Y,6.0,Accept,4.75,Reject,Reject,NO,0.0000,0.0000,5.0,6.0,5.0,3.0,,,
CgqnYqpYQh,5.0,Reject,3.50,Reject,Reject,YES,0.0000,0.0000,5.0,3.0,3.0,3.0,,,
EIfcSw6MW0,4.5,Reject,3.00,Reject,Reject,YES,0.0000,0.0000,3.0,3.0,3.0,3.0,,,
peX9zpWgg4,6.5,Accept,5.75,Accept,Accept,YES,0.0000,0.0000,6.0,6.0,5.0,6.0,,,
tEei1bolt3,6.5,Accept,5.00,Reject,Reject,NO,0.0000,0.0000,5.0,6.0,6.0,3.0,,,
A7LTIuhH4k,6.0,Reject,5.00,Reject,Reject,YES,0.0000,0.0000,5.0,5.0,5.0,5.0,,,
PlZIXgfWPH,6.5,Accept,5.75,Reject,Reject,NO,0.0000,0.0000,8.0,5.0,5.0,5.0,,,
w7LU2s14kE,6.0,Accept,7.33,Accept,Accept,YES,0.0000,0.0000,6.0,8.0,8.0,,,,
6tvW2OuGNc,4.5,Reject,4.50,Reject,Reject,YES,0.0000,0.0000,3.0,5.0,5.0,5.0,,,
kRoWeLTpL4,6.5,Accept,7.50,Accept,Accept,YES,0.0000,0.0000,6.0,8.0,8.0,8.0,,,
TJNCnkDRkY,6.0,Accept,5.25,Reject,Reject,NO,0.0000,0.0000,5.0,5.0,6.0,5.0,,,
xbXydoejvY,5.5,Reject,4.75,Reject,Reject,YES,0.0000,0.0000,6.0,3.0,5.0,5.0,,,
B9klVS7Ddk,6.0,Accept,6.75,Accept,Accept,YES,0.0000,0.0000,8.0,5.0,8.0,6.0,,,
gp5tRHkz9B,7.0,Accept,3.50,Reject,Reject,NO,0.0000,0.0000,5.0,3.0,3.0,3.0,,,
gGWYecsK1U,7.5,Accept,6.50,Accept,Accept,YES,0.0000,0.0000,8.0,6.0,6.0,6.0,,,
IQ0BBfbYR2,5.0,Accept,3.67,Reject,Reject,NO,0.0000,0.0000,5.0,3.0,3.0,,,,
bcNwnuWMe0,3.5,Reject,4.33,Reject,Reject,YES,0.0000,0.0000,5.0,5.0,3.0,,,,
er7VhmqZEA,5.0,Reject,4.00,Reject,Reject,YES,0.0000,0.0000,5.0,3.0,5.0,3.0,,,
EXaKfdsw04,5.0,Reject,3.25,Reject,Reject,YES,0.0000,0.0000,3.0,3.0,1.0,6.0,,,
xw3fStKCwm,5.5,Reject,3.75,Reject,Reject,YES,0.0000,0.0000,3.0,6.0,3.0,3.0,,,
bqv7M0wc4x,7.5,Accept,5.50,Accept,Accept,YES,0.0000,0.0000,5.0,6.0,5.0,6.0,,,
u8y7wYYs2D,5.0,Reject,4.75,Reject,Reject,YES,0.0000,0.0000,3.0,6.0,5.0,5.0,,,
vJmpg0exYA,6.0,Accept,4.50,Reject,Reject,NO,0.0000,0.0000,3.0,6.0,3.0,6.0,,,
dq3keisMjT,5.0,Accept,3.50,Reject,Reject,NO,0.0000,0.0000,3.0,3.0,3.0,5.0,,,
H6DpBnPCyH,5.5,Reject,5.50,Reject,Reject,YES,0.0000,0.0000,3.0,3.0,8.0,8.0,,,
EO2hZTtK3M,5.0,Reject,4.00,Reject,Reject,YES,0.0000,0.0000,5.0,3.0,5.0,3.0,,,
jMJ9IRWmH9,4.5,Reject,3.50,Reject,Reject,YES,0.0000,0.0000,1.0,5.0,5.0,3.0,,,
OZVTqoli2N,7.0,Accept,7.50,Accept,Accept,YES,0.0000,0.0000,8.0,8.0,8.0,6.0,,,
r92RVhnzKy,6.5,Accept,6.75,Reject,Reject,NO,0.0000,0.0000,5.0,6.0,8.0,8.0,,,
RcANissyP4,6.0,Borderline Accept,5.67,Reject,Reject,NO,0.0000,0.0000,6.0,6.0,5.0,,,,
2gwo9cjOEz,5.0,Reject,6.00,Reject,Reject,YES,0.0000,0.0000,8.0,5.0,5.0,,,,
XUzHegCq6f,4.5,Reject,3.00,Reject,Reject,YES,0.0000,0.0000,3.0,3.0,3.0,3.0,,,
xOtOfdbBqK,6.0,Accept,5.75,Reject,Reject,NO,0.0000,0.0000,6.0,6.0,6.0,5.0,,,
ZPTHI3X9y8,6.0,Accept,6.00,Reject,Reject,NO,0.0000,0.0000,6.0,5.0,8.0,5.0,,,
Ts95eXsPBc,4.0,Reject,7.00,Accept,Accept,NO,0.0000,0.0000,8.0,6.0,8.0,6.0,,,
xNwmWaq2KN,5.5,Reject,5.33,Reject,Reject,YES,0.0000,0.0000,5.0,5.0,6.0,,,,
6rMHcLWxl4,5.5,Reject,5.20,Reject,Reject,YES,0.0000,0.0000,5.0,5.0,6.0,5.0,5.0,,
xt3mCoDks7,5.0,Reject,4.75,Reject,Reject,YES,0.0000,0.0000,6.0,3.0,5.0,5.0,,,
YH5w12OUuU,5.0,Reject,6.33,Accept,Accept,NO,0.0000,0.0000,8.0,6.0,5.0,,,,
sOJriBlOFd,6.0,Reject,7.25,Accept,Accept,NO,0.0000,0.0000,8.0,8.0,5.0,8.0,,,
44IKUSdbUD,5.0,Reject,3.00,Reject,Reject,YES,0.0000,0.0000,5.0,3.0,1.0,,,,
7BESdFZ7YA,3.5,Accept,6.40,Accept,Accept,YES,0.0000,0.0000,8.0,6.0,6.0,6.0,6.0,,
iamWnRpMuQ,5.0,Reject,7.00,Accept,Accept,NO,0.0000,0.0000,8.0,6.0,6.0,8.0,,,
EFzBhrEp8Y,6.0,Accept,5.00,Reject,Reject,NO,0.0000,0.0000,5.0,5.0,5.0,5.0,,,
rCGleSgNBK,6.5,Accept,5.25,Accept,Accept,YES,0.0000,0.0000,6.0,6.0,6.0,3.0,,,
Se6MgCtRhz,6.5,Accept,7.00,Accept,Accept,YES,0.0000,0.0000,8.0,8.0,6.0,6.0,,,
Go8hf9wKJx,5.5,Reject,4.25,Reject,Reject,YES,0.0000,0.0000,5.0,6.0,3.0,3.0,,,
1Q2t6D4dK6,6.5,Accept,5.25,Reject,Reject,NO,0.0000,0.0000,5.0,6.0,5.0,5.0,,,
LgzRo1RpLS,5.5,Reject,6.25,Accept,Accept,NO,0.0000,0.0000,5.0,6.0,8.0,6.0,,,
Jhu4dQv5rY,6.5,Accept,4.67,Reject,Reject,NO,0.0000,0.0000,5.0,6.0,3.0,,,,
JshLcbPI9J,6.5,Accept,5.00,Reject,Reject,NO,0.0000,0.0000,5.0,5.0,3.0,6.0,6.0,,
O6znYvxC1U,4.0,Reject,6.33,Accept,Accept,NO,0.0000,0.0000,5.0,8.0,6.0,,,,
w4C4z80w59,5.0,Borderline,6.00,Accept,Accept,NO,0.0000,0.0000,6.0,6.0,6.0,6.0,,,
7El7K1DoyX,7.5,Accept,7.00,Accept,Accept,YES,0.0000,0.0000,8.0,6.0,8.0,6.0,,,
WZfatbNdLV,5.0,Reject,5.50,Reject,Reject,YES,0.0000,0.0000,5.0,6.0,6.0,5.0,,,
9ngFxN83j2,1.0,Reject,5.75,Reject,Reject,YES,0.0000,0.0000,6.0,3.0,8.0,6.0,,,
T0ebbDO60R,6.0,Reject,3.75,Reject,Reject,YES,0.0000,0.0000,3.0,5.0,5.0,5.0,3.0,3.0,
6YdCMtRMuj,4.5,Reject,4.25,Reject,Reject,YES,0.0000,0.0000,3.0,6.0,5.0,3.0,,,
or9OfAC3kb,6.0,Accept,5.25,Reject,Reject,NO,0.0000,0.0000,3.0,6.0,6.0,6.0,,,
Fzz8acgC6X,4.0,Reject,3.40,Reject,Reject,YES,0.0000,0.0000,3.0,5.0,3.0,3.0,3.0,,
ZTvUT49JjL,7.0,Accept,3.40,Reject,Reject,NO,0.0000,0.0000,3.0,3.0,3.0,5.0,3.0,,
ONWLxkNkGN,6.0,Reject,5.25,Reject,Reject,YES,0.0000,0.0000,5.0,6.0,5.0,5.0,,,
KTL534o7Ot,7.0,Accept,5.33,Reject,Reject,NO,0.0000,0.0000,6.0,5.0,5.0,,,,
Nx6Bb5uxfI,5.0,Reject,4.40,Reject,Reject,YES,0.0000,0.0000,5.0,6.0,5.0,5.0,1.0,,
spwklWgmWJ,5.0,Reject,4.75,Reject,Reject,YES,0.0000,0.0000,3.0,3.0,8.0,5.0,,,
8ZW3oLNE0c,5.5,Reject,4.33,Reject,Reject,YES,0.0000,0.0000,5.0,3.0,5.0,,,,
ZwhHSOHMTM,5.0,Reject,6.67,Accept,Accept,NO,0.0000,0.0000,8.0,6.0,6.0,,,,
LoXJlAW3gU,7.0,Accept,5.17,Reject,Reject,NO,0.0000,0.0000,5.0,6.0,6.0,5.0,6.0,3.0,
LyNsMNNLjY,6.0,Accept,4.25,Reject,Reject,NO,0.0000,0.0000,3.0,6.0,3.0,5.0,,,
m3xVPaZp6Z,5.5,Reject,7.50,Accept,Accept,NO,0.0000,0.0000,8.0,8.0,8.0,6.0,,,
2oWRumm67L,5.0,Reject,5.00,Accept,Accept,NO,0.0000,0.0000,6.0,6.0,5.0,3.0,,,
jqff3wzkLT,5.5,Reject,4.33,Reject,Reject,YES,0.0000,0.0000,5.0,5.0,3.0,,,,
8m7p4k6Zeb,6.0,Accept,6.00,Accept,Accept,YES,0.0000,0.0000,6.0,6.0,6.0,,,,
nS2DBNydCC,5.5,Reject,4.75,Reject,Reject,YES,0.0000,0.0000,6.0,5.0,3.0,5.0,,,
DjeQ39QoLQ,6.0,Accept,6.50,Accept,Accept,YES,0.0000,0.0000,6.0,8.0,6.0,6.0,,,
Of6tH5yfmK,5.5,Accept,5.33,Reject,Reject,NO,0.0000,0.0000,6.0,5.0,5.0,,,,
Lz221VLWrO,4.5,Reject,5.00,Reject,Reject,YES,0.0000,0.0000,8.0,6.0,5.0,3.0,3.0,,
8WpRt9pjeh,5.0,Reject,4.33,Reject,Reject,YES,0.0000,0.0000,5.0,3.0,5.0,,,,
pqxSDbX8XT,4.0,Reject,3.50,Reject,Reject,YES,0.0000,0.0000,3.0,3.0,5.0,3.0,,,
rgiIZ3pcZY,6.0,Accept,4.75,Reject,Reject,NO,0.0000,0.0000,6.0,3.0,5.0,5.0,,,
uHVIxJGwr4,5.5,Reject,4.80,Reject,Reject,YES,0.0000,0.0000,5.0,8.0,3.0,3.0,5.0,,
7S1xDos9pH,5.5,Reject,5.75,Reject,Reject,YES,0.0000,0.0000,6.0,6.0,8.0,3.0,,,
fQbIZY9a3G,5.0,Reject,5.00,Reject,Reject,YES,0.0000,0.0000,5.0,5.0,5.0,,,,
gwZ90hFSL2,4.0,Reject,1.00,Reject,Reject,YES,0.0000,0.0000,1.0,1.0,1.0,,,,
ekz1hN5QNh,5.5,Reject,6.00,Accept,Accept,NO,0.0000,0.0000,6.0,6.0,6.0,,,,
tj40W2HAKN,6.0,Accept,5.00,Reject,Reject,NO,0.0000,0.0000,5.0,6.0,3.0,5.0,6.0,,
Fx4fFBjn6j,5.0,Reject,5.33,Reject,Reject,YES,0.0000,0.0000,5.0,6.0,5.0,,,,
ukmh3mWFf0,6.0,Accept,3.40,Reject,Reject,NO,0.0000,0.0000,3.0,5.0,3.0,3.0,3.0,,
5JWAOLBxwp,7.0,Accept,5.80,Accept,Accept,YES,0.0000,0.0000,5.0,6.0,6.0,6.0,6.0,,
5rfj85bHCy,6.5,Accept,5.00,Reject,Reject,NO,0.0000,0.0000,5.0,5.0,5.0,,,,
UEE13WQlNU,5.0,Reject,4.71,Reject,Reject,YES,0.0000,0.0000,6.0,5.0,5.0,6.0,5.0,3.0,
h71cSd2loX,7.0,Accept,5.50,Reject,Reject,NO,0.0000,0.0000,6.0,5.0,6.0,5.0,,,
AS8SPTyBgw,5.5,Reject,5.50,Accept,Accept,NO,0.0000,0.0000,6.0,5.0,5.0,6.0,,,
pEh1SXCgOc,6.0,Accept,4.00,Reject,Reject,NO,0.0000,0.0000,5.0,3.0,5.0,3.0,,,
w7BGq6ozOL,4.0,Reject,4.50,Reject,Reject,YES,0.0000,0.0000,1.0,6.0,8.0,3.0,,,
yGnsH3gQ6U,6.5,Accept,5.75,Accept,Accept,YES,0.0000,0.0000,6.0,5.0,6.0,6.0,,,
UrbTqU2xrb,5.0,Reject,5.75,Reject,Reject,YES,0.0000,0.0000,5.0,6.0,6.0,6.0,,,
k581sTMyPt,6.0,Accept,6.67,Accept,Accept,YES,0.0000,0.0000,6.0,8.0,6.0,,,,
sOmojPmnlL,5.5,Reject,4.25,Reject,Reject,YES,0.0000,0.0000,3.0,5.0,6.0,3.0,,,
NSpe8QgsCB,7.5,Accept,7.00,Accept,Accept,YES,0.0000,0.0000,6.0,6.0,8.0,8.0,,,
evDSvZBFRP,5.5,Reject,4.00,Reject,Reject,YES,0.0000,0.0000,3.0,3.0,5.0,5.0,,,
d5HUnyByAI,5.5,Reject,4.50,Accept,Accept,NO,0.0000,0.0000,3.0,6.0,6.0,3.0,,,
mZn2Xyh9Ec,7.0,Accept,5.00,Accept,Accept,YES,0.0000,0.0000,6.0,1.0,8.0,5.0,,,
zf777Odl6J,1.0,Reject,3.50,Reject,Reject,YES,0.0000,0.0000,3.0,3.0,3.0,5.0,,,
olOheQ0ZcK,5.0,Reject,5.75,Reject,Reject,YES,0.0000,0.0000,8.0,6.0,1.0,8.0,,,
j46zZVzVVQ,5.5,Reject,5.75,Reject,Reject,YES,0.0000,0.0000,6.0,6.0,6.0,5.0,,,
ZaSOGF8Ojq,5.0,Reject,5.75,Reject,Reject,YES,0.0000,0.0000,6.0,5.0,6.0,6.0,,,
tZCqSVncRf,6.0,Accept,6.00,Accept,Accept,YES,0.0000,0.0000,5.0,6.0,8.0,5.0,,,
zbpzJmRNiZ,4.5,Reject,5.25,Reject,Reject,YES,0.0000,0.0000,5.0,8.0,5.0,3.0,,,
YH3tFtwuzb,7.0,Accept,5.40,Reject,Reject,NO,0.0000,0.0000,8.0,3.0,5.0,6.0,5.0,,
oFIU5CBY9p,6.5,Accept,3.50,Reject,Reject,NO,0.0000,0.0000,3.0,5.0,3.0,3.0,,,
gAEEjGv5Oa,6.0,Accept,4.50,Reject,Reject,NO,0.0000,0.0000,3.0,6.0,6.0,3.0,,,
BTKAeLqLMw,6.0,Accept,6.33,Accept,Accept,YES,0.0000,0.0000,8.0,6.0,5.0,,,,
SHeVc7efFz,7.0,Accept,4.20,Reject,Reject,NO,0.0000,0.0000,1.0,5.0,6.0,6.0,3.0,,
sec09tLQUl,5.0,Reject,3.50,Reject,Reject,YES,0.0000,0.0000,3.0,3.0,3.0,5.0,,,
cHKuyeHmS9,6.0,Accept,5.33,Reject,Reject,NO,0.0000,0.0000,5.0,5.0,6.0,,,,
de1218PoEl,5.5,Reject,5.75,Accept,Accept,NO,0.0000,0.0000,5.0,5.0,8.0,5.0,,,
xJ5CF1aOOX,2.0,Reject,2.50,Reject,Reject,YES,0.0000,0.0000,3.0,3.0,3.0,1.0,,,
ydlDRUuGm9,6.0,Reject,6.25,Accept,Accept,NO,0.0000,0.0000,5.0,8.0,6.0,6.0,,,
0je4SA7Jjg,6.0,Accept,6.50,Reject,Reject,NO,0.0000,0.0000,10.0,6.0,5.0,5.0,,,
57xboRTbwI,6.0,Accept,4.25,Reject,Reject,NO,0.0000,0.0000,3.0,6.0,5.0,3.0,,,
9sOR0nYLtz,7.0,Accept,6.50,Accept,Accept,YES,0.0000,0.0000,6.0,6.0,8.0,6.0,,,
obYVdcMMIT,7.5,Accept,5.00,Reject,Reject,NO,0.0000,0.0000,5.0,6.0,5.0,3.0,1.0,6.0,
gkfUvn0fLU,5.0,Reject,7.00,Accept,Accept,NO,0.0000,0.0000,8.0,6.0,8.0,6.0,,,
OV0rZx8jr1,7.0,Accept,5.50,Reject,Reject,NO,0.0000,0.0000,6.0,5.0,6.0,5.0,,,
ULorFBST6X,5.5,Reject,6.50,Accept,Accept,NO,0.0000,0.0000,8.0,6.0,6.0,6.0,,,
AgMpK7z4bz,7.0,Accept,6.50,Accept,Accept,YES,0.0000,0.0000,6.0,8.0,6.0,6.0,,,
WqovbCMrOp,6.0,Accept,5.80,Reject,Reject,NO,0.0000,0.0000,5.0,6.0,6.0,6.0,6.0,,
mbo4YnWCHd,5.5,Reject,4.25,Reject,Reject,YES,0.0000,0.0000,3.0,6.0,3.0,5.0,,,
8xStV6KJEr,5.5,Reject,5.00,Reject,Reject,YES,0.0000,0.0000,5.0,5.0,5.0,5.0,,,
XMaPp8CIXq,7.0,Accept,3.00,Reject,Reject,NO,0.0000,0.0000,3.0,3.0,3.0,,,,
29p13QihRM,5.5,Reject,4.00,Reject,Reject,YES,0.0000,0.0000,3.0,5.0,5.0,3.0,,,
FLR1K8h5Eq,5.0,Reject,5.33,Reject,Reject,YES,0.0000,0.0000,6.0,5.0,5.0,,,,
oGrGnPndHw,5.0,Reject,3.50,Reject,Reject,YES,0.0000,0.0000,5.0,3.0,3.0,3.0,,,
0uRc3CfJIQ,5.0,Reject,5.83,Accept,Accept,NO,0.0000,0.0000,5.0,6.0,8.0,8.0,5.0,3.0,
itrOA1adPn,7.0,Accept,4.25,Reject,Reject,NO,0.0000,0.0000,3.0,5.0,3.0,6.0,,,
QByW8EYEtt,6.0,Accept,5.50,Reject,Reject,NO,0.0000,0.0000,3.0,5.0,6.0,8.0,,,
JYTQ6ELUVO,7.0,Accept,6.50,Accept,Accept,YES,0.0000,0.0000,8.0,6.0,6.0,6.0,,,
lo9HMoGNwQ,5.5,Reject,4.50,Reject,Reject,YES,0.0000,0.0000,5.0,5.0,5.0,3.0,,,
tRNKe2Vgqt,6.5,Accept,6.00,Accept,Accept,YES,0.0000,0.0000,6.0,6.0,6.0,6.0,6.0,,
aClIuYLG47,5.5,Reject,3.50,Reject,Reject,YES,0.0000,0.0000,3.0,1.0,5.0,5.0,,,
aSoLl0nlzr,5.0,Reject,4.50,Reject,Reject,YES,0.0000,0.0000,5.0,5.0,3.0,5.0,,,
PFUrgJtfs0,6.0,Accept,3.50,Reject,Reject,NO,0.0000,0.0000,3.0,5.0,5.0,1.0,,,
hVpAjJPfgZ,6.0,Accept,3.25,Reject,Reject,NO,0.0000,0.0000,1.0,6.0,3.0,3.0,,,
RlpJmARXqj,2.0,Reject,3.50,Reject,Reject,YES,0.0000,0.0000,3.0,3.0,3.0,5.0,,,
Q95MaWfF4e,7.0,Accept,7.00,Accept,Accept,YES,0.0000,0.0000,8.0,6.0,6.0,8.0,,,
Naiy1jf8UA,5.0,Reject,6.00,Reject,Reject,YES,0.0000,0.0000,6.0,5.0,5.0,8.0,,,
IT33VLRJuS,6.0,Accept,4.25,Reject,Reject,NO,0.0000,0.0000,3.0,8.0,3.0,3.0,,,
v7a4KET0Md,5.5,Reject,4.00,Reject,Reject,YES,0.0000,0.0000,6.0,3.0,3.0,,,,
E60SIDItyT,4.5,Reject,6.00,Accept,Accept,NO,0.0000,0.0000,6.0,6.0,6.0,6.0,6.0,,
CtOA9aN8fr,6.0,Accept,5.25,Accept,Accept,YES,0.0000,0.0000,5.0,8.0,3.0,5.0,,,
pRCOZllZdT,6.0,Accept,7.00,Accept,Accept,YES,0.0000,0.0000,6.0,6.0,8.0,8.0,,,
gT5hALch9z,3.5,Accept,6.00,Accept,Accept,YES,0.0000,0.0000,6.0,6.0,6.0,6.0,,,
OIvg3MqWX2,6.0,Accept,8.00,Accept,Accept,YES,0.0000,0.0000,8.0,10.0,6.0,8.0,,,
t9NiRq9PGK,6.0,Accept,5.60,Reject,Reject,NO,0.0000,0.0000,6.0,5.0,5.0,6.0,6.0,,
xhCZD9hiiA,6.0,Reject,6.00,Accept,Accept,NO,0.0000,0.0000,6.0,6.0,6.0,6.0,,,
usFdPd4Ghs,7.0,Accept,6.80,Accept,Accept,YES,0.0000,0.0000,5.0,8.0,5.0,8.0,8.0,,
ptjrpEGrGg,6.5,Accept,6.40,Accept,Accept,YES,0.0000,0.0000,6.0,6.0,6.0,6.0,8.0,,
wg8NPfeMF9,6.5,Accept,6.50,Accept,Accept,YES,0.0000,0.0000,6.0,6.0,6.0,8.0,,,
4jBL79L5QS,5.5,Reject,3.60,Reject,Reject,YES,0.0000,0.0000,3.0,3.0,6.0,3.0,3.0,,
fTdhM7q1o2,5.5,Accept,3.00,Reject,Reject,NO,0.0000,0.0000,3.0,3.0,3.0,3.0,,,
gZRfDWLlGY,4.5,Reject,4.33,Reject,Reject,YES,0.0000,0.0000,3.0,5.0,5.0,,,,
8q9NOMzRDg,6.0,Accept,5.80,Accept,Accept,YES,0.0000,0.0000,6.0,6.0,6.0,6.0,5.0,,
BWAhEjXjeG,6.5,Accept,7.00,Accept,Accept,YES,0.0000,0.0000,6.0,8.0,8.0,6.0,,,
kbeX97jExm,5.0,Reject,6.67,Accept,Accept,NO,0.0000,0.0000,6.0,8.0,6.0,,,,
k6OQ9VTZBZ,3.0,Reject,4.00,Reject,Reject,YES,0.0000,0.0000,5.0,3.0,3.0,5.0,,,
2yqAzFPT4F,5.0,Reject,5.25,Reject,Reject,YES,0.0000,0.0000,5.0,3.0,5.0,8.0,,,
dVq2StlcnY,7.0,Accept,5.75,Reject,Reject,NO,0.0000,0.0000,3.0,6.0,8.0,6.0,,,
hpZ5zpudH8,7.0,Accept,4.20,Reject,Reject,NO,0.0000,0.0000,3.0,6.0,6.0,3.0,3.0,,
PVHoELf5UN,5.5,Reject,6.40,Accept,Accept,NO,0.0000,0.0000,6.0,6.0,6.0,8.0,6.0,,
5GgjiRzYp3,6.5,Accept,5.50,Accept,Accept,YES,0.0000,0.0000,5.0,5.0,6.0,6.0,,,
hLZQTFGToA,5.0,Reject,4.50,Accept,Accept,NO,0.0000,0.0000,1.0,6.0,5.0,6.0,,,
9KiE3t6CsL,6.0,Accept,6.00,Accept,Accept,YES,0.0000,0.0000,6.0,6.0,6.0,,,,
vfEqSWpMfj,4.5,Reject,2.50,Reject,Reject,YES,0.0000,0.0000,1.0,3.0,3.0,3.0,,,
QcvwVUqnCg,7.0,Accept,5.50,Reject,Reject,NO,0.0000,0.0000,5.0,3.0,6.0,8.0,,,
cnKhHxN3xj,5.5,Reject,7.50,Accept,Accept,NO,0.0000,0.0000,8.0,8.0,6.0,8.0,,,
GFua0WEYGF,6.0,Accept,5.25,Reject,Reject,NO,0.0000,0.0000,5.0,5.0,6.0,5.0,,,
rwmwFnmjAX,5.5,Accept,4.75,Reject,Reject,NO,0.0000,0.0000,6.0,5.0,3.0,5.0,,,
SGQ9aDvObu,4.5,Reject,3.67,Reject,Reject,YES,0.0000,0.0000,5.0,3.0,3.0,3.0,3.0,5.0,
6xfe4IVcOu,6.5,Accept,7.00,Accept,Accept,YES,0.0000,0.0000,8.0,8.0,6.0,6.0,,,
tNvCSw8ONp,6.0,Accept,4.75,Reject,Reject,NO,0.0000,0.0000,5.0,5.0,3.0,6.0,,,
neDGc4slhd,5.0,Accept,2.86,Reject,Reject,NO,0.0000,0.0000,1.0,5.0,3.0,1.0,6.0,1.0,
o5wGjBEgH8,5.5,Reject,5.00,Reject,Reject,YES,0.0000,0.0000,6.0,6.0,3.0,,,,
U3EzVIsyiP,4.0,Accept,4.75,Reject,Reject,NO,0.0000,0.0000,5.0,3.0,8.0,3.0,,,
bDZCBjVgKW,5.5,Reject,4.00,Reject,Reject,YES,0.0000,0.0000,5.0,3.0,5.0,3.0,,,
Aemqy6Hjdj,6.5,Accept,5.67,Reject,Reject,NO,0.0000,0.0000,6.0,6.0,5.0,,,,
bVBLqKoiJ1,7.0,Accept,4.00,Reject,Reject,NO,0.0000,0.0000,3.0,3.0,5.0,5.0,,,
leACdxBEgv,7.5,Accept,6.67,Accept,Accept,YES,0.0000,0.0000,8.0,6.0,6.0,,,,
ePEZvQNFDW,6.0,Accept,5.00,Accept,Accept,YES,0.0000,0.0000,5.0,5.0,5.0,5.0,,,
37mG1vvEKf,5.0,Reject,4.00,Reject,Reject,YES,0.0000,0.0000,3.0,5.0,3.0,5.0,,,
OpSMgpBubj,6.0,Accept,5.60,Reject,Reject,NO,0.0000,0.0000,8.0,5.0,5.0,5.0,5.0,,
aKRADWBJ1I,6.5,Accept,6.75,Accept,Accept,YES,0.0000,0.0000,8.0,8.0,5.0,6.0,,,
AKAlVyunxA,6.5,Accept,5.75,Reject,Reject,NO,0.0000,0.0000,6.0,6.0,5.0,6.0,,,
ly10tMV6cD,5.0,Reject,3.25,Reject,Reject,YES,0.0000,0.0000,6.0,3.0,1.0,3.0,,,
LKx4rubqkO,6.0,Reject,3.75,Reject,Reject,YES,0.0000,0.0000,3.0,3.0,3.0,6.0,,,
vhazhSm6I0,5.0,Reject,3.75,Reject,Reject,YES,0.0000,0.0000,3.0,3.0,3.0,6.0,,,
tOzCcDdH9O,6.0,Accept,6.25,Accept,Accept,YES,0.0000,0.0000,6.0,8.0,6.0,5.0,,,
aOJh9JvGcI,5.0,Reject,5.00,Reject,Reject,YES,0.0000,0.0000,6.0,3.0,6.0,5.0,,,
GF6UrrTWp1,4.5,Reject,2.60,Reject,Reject,YES,0.0000,0.0000,1.0,3.0,3.0,3.0,3.0,,
AoRIT2Uzfg,6.5,Accept,4.67,Reject,Reject,NO,0.0000,0.0000,8.0,3.0,3.0,,,,
81qyvxW9pe,5.5,Reject,3.50,Reject,Reject,YES,0.0000,0.0000,3.0,5.0,3.0,3.0,,,
zcTLpIfj9u,1.0,Reject,6.33,Accept,Accept,NO,0.0000,0.0000,6.0,5.0,8.0,,,,
zgHamUBuuO,6.5,Reject,3.00,Reject,Reject,YES,0.0000,0.0000,3.0,5.0,1.0,3.0,,,
Hhx3swAQAZ,5.0,Reject,3.50,Reject,Reject,YES,0.0000,0.0000,5.0,3.0,3.0,3.0,,,
cQ25MQQSNI,6.0,Accept,6.00,Accept,Accept,YES,0.0000,0.0000,6.0,6.0,6.0,,,,
j4s6V1dl8m,6.0,Accept,6.00,Reject,Reject,NO,0.0000,0.0000,8.0,8.0,5.0,3.0,,,
aSy2nYwiZ2,6.5,Accept,6.67,Accept,Accept,YES,0.0000,0.0000,8.0,6.0,6.0,,,,
IZiKBis0AA,4.0,Reject,3.00,Reject,Reject,YES,0.0000,0.0000,3.0,3.0,3.0,3.0,,,
Z4s2oe3Oiq,7.5,Accept,5.00,Reject,Reject,NO,0.0000,0.0000,5.0,5.0,5.0,5.0,,,
u9Z6gL5MlL,5.5,Reject,4.50,Reject,Reject,YES,0.0000,0.0000,6.0,3.0,6.0,3.0,,,
q5zMyAUhGx,6.0,Accept,6.20,Accept,Accept,YES,0.0000,0.0000,8.0,6.0,6.0,5.0,6.0,,
PuKRVPXXpR,6.5,Accept,3.50,Reject,Reject,NO,0.0000,0.0000,3.0,3.0,5.0,3.0,,,
vkOaerjEcz,6.0,Accept,5.20,Reject,Reject,NO,0.0000,0.0000,5.0,5.0,5.0,6.0,5.0,,
WfjJOEfAf7,5.5,Reject,6.00,Reject,Reject,YES,0.0000,0.0000,8.0,6.0,5.0,5.0,,,
YQvvJjLWX0,7.0,Accept,5.50,Reject,Reject,NO,0.0000,0.0000,6.0,5.0,6.0,5.0,,,
mHYkcQzdae,6.0,Reject,4.75,Reject,Reject,YES,0.0000,0.0000,5.0,6.0,5.0,3.0,,,
LNYL96VIsD,6.5,Accept,4.75,Reject,Reject,NO,0.0000,0.0000,5.0,6.0,3.0,5.0,,,
nLWiR5P3wr,6.0,Accept,7.00,Accept,Accept,YES,0.0000,0.0000,8.0,6.0,8.0,6.0,,,
JEYWfmz2TU,5.0,Reject,3.00,Reject,Reject,YES,0.0000,0.0000,3.0,3.0,3.0,3.0,,,
44cMlQSreK,5.0,Reject,7.20,Accept,Accept,NO,0.0000,0.0000,8.0,6.0,6.0,8.0,8.0,,
28oMPC5bcE,6.5,Accept,5.50,Reject,Reject,NO,0.0000,0.0000,5.0,6.0,5.0,6.0,,,
Md783Qa2JX,7.0,Accept,4.00,Reject,Reject,NO,0.0000,0.0000,6.0,3.0,3.0,,,,
ITi9Zwkge2,7.0,Accept,5.50,Reject,Reject,NO,0.0000,0.0000,6.0,5.0,6.0,5.0,,,
BvQkjCnXXr,4.0,Reject,4.50,Reject,Reject,YES,0.0000,0.0000,3.0,5.0,5.0,5.0,,,
JYTQ6ELUVO,6.0,Accept,6.50,Accept,Accept,YES,0.0000,0.0000,8.0,6.0,6.0,6.0,,,
F4meTCwlxZ,5.0,Reject,5.00,Reject,Reject,YES,0.0000,0.0000,3.0,5.0,5.0,6.0,6.0,,
9DDJuab67K,5.0,Reject,3.80,Reject,Reject,YES,0.0000,0.0000,3.0,5.0,3.0,5.0,3.0,,
yheQRc5xWB,5.5,Reject,5.80,Accept,Accept,NO,0.0000,0.0000,5.0,6.0,6.0,6.0,6.0,,
07ZaA3MiL0,6.0,Reject,4.25,Reject,Reject,YES,0.0000,0.0000,3.0,6.0,5.0,3.0,,,
w8LMtFY97b,6.5,Accept,6.33,Accept,Accept,YES,0.0000,0.0000,8.0,5.0,6.0,,,,
SgymXhOEA5,7.0,Accept,7.50,Accept,Accept,YES,0.0000,0.0000,8.0,8.0,8.0,6.0,,,
xriGRsoAza,6.0,Accept,8.00,Accept,Accept,YES,0.0000,0.0000,8.0,8.0,8.0,8.0,,,
IEduRUO55F,7.5,Accept,6.25,Accept,Accept,YES,0.0000,0.0000,6.0,6.0,5.0,8.0,,,
kVrwHLAb20,7.0,Accept,6.50,Accept,Accept,YES,0.0000,0.0000,8.0,6.0,6.0,6.0,,,
6SNyuiph3F,5.5,Reject,5.25,Reject,Reject,YES,0.0000,0.0000,5.0,6.0,5.0,5.0,,,
9P5I9zTUAd,6.0,Accept,4.60,Reject,Reject,NO,0.0000,0.0000,6.0,5.0,3.0,6.0,3.0,,
q541p2YLt2,5.0,Reject,2.50,Reject,Reject,YES,0.0000,0.0000,3.0,1.0,3.0,3.0,,,
8tWOUmBHRv,1.0,Reject,4.00,Reject,Reject,YES,0.0000,0.0000,5.0,5.0,3.0,3.0,,,
dliIIodM6b,7.5,Accept,6.00,Accept,Accept,YES,0.0000,0.0000,3.0,8.0,5.0,8.0,,,
WqL4wOU3tw,6.0,Accept,4.75,Reject,Reject,NO,0.0000,0.0000,6.0,5.0,3.0,5.0,,,
7oLshfEIC2,6.5,Accept,5.67,Accept,Accept,YES,0.0000,0.0000,6.0,8.0,3.0,,,,
26XphugOcS,4.5,Reject,7.00,Accept,Accept,NO,0.0000,0.0000,8.0,8.0,6.0,6.0,,,
M8J0b9gNfG,6.0,Accept,6.20,Reject,Reject,NO,0.0000,0.0000,6.0,5.0,8.0,6.0,6.0,,
Ebt7JgMHv1,7.5,Accept,6.33,Accept,Accept,YES,0.0000,0.0000,8.0,3.0,8.0,,,,
74vnDs1R97,6.5,Reject,5.80,Accept,Accept,NO,0.0000,0.0000,6.0,6.0,5.0,6.0,6.0,,
NJ6nyv3XWH,5.5,Reject,3.00,Reject,Reject,YES,0.0000,0.0000,3.0,3.0,3.0,3.0,,,
20mMK8UlFh,6.0,Accept,5.00,Reject,Reject,NO,0.0000,0.0000,5.0,5.0,5.0,5.0,,,
UuK99g47op,5.0,Reject,3.50,Reject,Reject,YES,0.0000,0.0000,5.0,3.0,3.0,3.0,,,
QcMdPYBwTu,7.0,Accept,5.75,Accept,Accept,YES,0.0000,0.0000,6.0,6.0,3.0,8.0,,,
1L52bHEL5d,6.0,Accept,6.00,Accept,Accept,YES,0.0000,0.0000,6.0,6.0,6.0,6.0,,,
vvD0VFw0LG,5.5,Reject,4.75,Reject,Reject,YES,0.0000,0.0000,3.0,3.0,5.0,8.0,,,
4XCfu7fTgw,7.0,Accept,5.00,Reject,Reject,NO,0.0000,0.0000,5.0,5.0,5.0,,,,
D2hhkU5O48,6.0,Accept,6.75,Accept,Accept,YES,0.0000,0.0000,8.0,5.0,6.0,8.0,,,
WtZRZC4zva,7.5,Accept,4.33,Reject,Reject,NO,0.0000,0.0000,5.0,3.0,5.0,,,,
0GzqVqCKns,5.5,Accept,6.50,Accept,Accept,YES,0.0000,0.0000,6.0,6.0,8.0,6.0,,,
Ti0kjqFx7D,3.0,Reject,4.33,Reject,Reject,YES,0.0000,0.0000,5.0,5.0,3.0,,,,
iMI4HRpZFc,6.5,Accept,5.25,Reject,Reject,NO,0.0000,0.0000,5.0,5.0,5.0,6.0,,,
h7GAgbLSmC,6.5,Accept,7.00,Accept,Accept,YES,0.0000,0.0000,8.0,8.0,6.0,6.0,,,
TvGPP8i18S,6.0,Reject,6.25,Accept,Accept,NO,0.0000,0.0000,5.0,8.0,6.0,6.0,,,
ylHLVq0psd,6.0,Reject,5.50,Reject,Reject,YES,0.0000,0.0000,3.0,6.0,8.0,5.0,5.0,6.0,
Wd1R0oxe5j,5.5,Reject,3.50,Reject,Reject,YES,0.0000,0.0000,1.0,3.0,5.0,5.0,,,
5sRnsubyAK,4.5,Reject,3.75,Reject,Reject,YES,0.0000,0.0000,5.0,6.0,3.0,1.0,,,
1YSJW69CFQ,1.0,Reject,1.67,Reject,Reject,YES,0.0000,0.0000,1.0,1.0,3.0,,,,
xKDZAW0He3,7.0,Accept,5.25,Accept,Accept,YES,0.0000,0.0000,6.0,6.0,6.0,3.0,,,
qi5dkmEE91,4.5,Reject,3.00,Reject,Reject,YES,0.0000,0.0000,5.0,3.0,1.0,,,,
7BQkXXM8Fy,6.5,Accept,7.50,Accept,Accept,YES,0.0000,0.0000,6.0,10.0,6.0,8.0,,,
w8Zo7jACq7,5.0,Reject,5.20,Reject,Reject,YES,0.0000,0.0000,5.0,6.0,6.0,3.0,6.0,,
vl3F3s8OMg,7.0,Accept,4.25,Reject,Reject,NO,0.0000,0.0000,5.0,6.0,3.0,3.0,,,
eVpjeCNsR6,5.5,Reject,5.60,Reject,Reject,YES,0.0000,0.0000,6.0,6.0,3.0,8.0,5.0,,
QgwAYFrh9t,6.5,Accept,5.75,Accept,Accept,YES,0.0000,0.0000,5.0,5.0,8.0,5.0,,,
OqZDfIknDe,5.5,Reject,3.50,Reject,Reject,YES,0.0000,0.0000,1.0,3.0,5.0,5.0,,,
Sw10tbj0gM,5.0,Reject,3.50,Reject,Reject,YES,0.0000,0.0000,5.0,3.0,3.0,3.0,,,
z4bfNsrum4,7.5,Accept,3.80,Reject,Reject,NO,0.0000,0.0000,1.0,3.0,6.0,3.0,6.0,,
6tDPefQyvB,5.5,Reject,5.00,Reject,Reject,YES,0.0000,0.0000,6.0,3.0,6.0,5.0,,,
BfQNrKJMXq,5.0,Reject,4.75,Reject,Reject,YES,0.0000,0.0000,5.0,3.0,5.0,6.0,,,
yeeIGM3N6w,5.5,Accept,5.50,Reject,Reject,NO,0.0000,0.0000,6.0,5.0,5.0,6.0,,,
vgQmK5HHfz,5.5,Reject,4.83,Reject,Reject,YES,0.0000,0.0000,3.0,3.0,5.0,5.0,8.0,5.0,
IAlmvV1pZd,5.0,Reject,3.50,Reject,Reject,YES,0.0000,0.0000,3.0,5.0,3.0,3.0,,,
JOBokGDcX0,5.5,Accept,2.50,Reject,Reject,NO,0.0000,0.0000,5.0,3.0,1.0,1.0,,,
8e2LirwiJT,5.0,Reject,6.40,Accept,Accept,NO,0.0000,0.0000,6.0,6.0,6.0,8.0,6.0,,
2gMwe9Duc4,7.5,Accept,4.67,Reject,Reject,NO,0.0000,0.0000,6.0,5.0,3.0,,,,
aAI92OHA4t,5.0,Reject,2.33,Reject,Reject,YES,0.0000,0.0000,1.0,3.0,3.0,,,,
DCDT918ZkI,5.0,Reject,5.75,Accept,Accept,NO,0.0000,0.0000,6.0,6.0,3.0,8.0,,,
13G5KXm98a,5.0,Reject,5.00,Reject,Reject,YES,0.0000,0.0000,6.0,3.0,6.0,5.0,,,
7vKWg2Vdrs,4.5,Reject,3.25,Reject,Reject,YES,0.0000,0.0000,6.0,1.0,3.0,3.0,,,
i6EtCiIK4a,6.0,Reject,6.60,Reject,Reject,YES,0.0000,0.0000,8.0,6.0,8.0,5.0,6.0,,
0y0yOpI4wx,7.0,Accept,3.75,Reject,Reject,NO,0.0000,0.0000,6.0,1.0,5.0,3.0,,,
tS3gexmfeT,5.0,Reject,3.50,Reject,Reject,YES,0.0000,0.0000,3.0,3.0,5.0,3.0,,,
vAoyZWyDEc,2.5,Reject,2.50,Reject,Reject,YES,0.0000,0.0000,3.0,3.0,1.0,3.0,,,
tKif2rXQ6V,3.0,Accept,3.50,Reject,Reject,NO,0.0000,0.0000,3.0,5.0,3.0,3.0,,,
qH5uyYCG2j,4.5,Reject,4.20,Reject,Reject,YES,0.0000,0.0000,6.0,6.0,1.0,3.0,5.0,,
Y8L5RB4GWb,5.5,Reject,6.25,Accept,Accept,NO,0.0000,0.0000,8.0,6.0,5.0,6.0,,,
PCTqol2hvy,6.5,Accept,6.25,Reject,Reject,NO,0.0000,0.0000,6.0,8.0,3.0,8.0,,,
ziDFH8TPPK,5.5,Reject,6.25,Accept,Accept,NO,0.0000,0.0000,3.0,6.0,8.0,8.0,,,
VdDtRu7RTf,5.5,Reject,4.75,Reject,Reject,YES,0.0000,0.0000,5.0,3.0,5.0,6.0,,,
qTlcbLSm4p,6.0,Accept,7.00,Accept,Accept,YES,0.0000,0.0000,8.0,8.0,6.0,6.0,,,
8eenzfwKqU,5.5,Reject,5.50,Reject,Reject,YES,0.0000,0.0000,6.0,5.0,6.0,5.0,,,
Q95MaWfF4e,7.5,Accept,7.00,Accept,Accept,YES,0.0000,0.0000,8.0,6.0,6.0,8.0,,,
4nU3BLG1ni,5.0,Accept,5.00,Reject,Reject,NO,0.0000,0.0000,6.0,3.0,3.0,8.0,5.0,,
Mgq6kxl115,5.5,Reject,6.60,Accept,Accept,NO,0.0000,0.0000,5.0,8.0,6.0,8.0,6.0,,
QaTBHSqmH9,5.0,Reject,6.50,Accept,Accept,NO,0.0000,0.0000,6.0,6.0,8.0,6.0,,,
qk8JMpwWPh,6.0,Accept,3.75,Reject,Reject,NO,0.0000,0.0000,6.0,3.0,3.0,3.0,,,
5bUy4F59mk,5.5,Reject,6.00,Accept,Accept,NO,0.0000,0.0000,6.0,6.0,6.0,6.0,,,
cznqgb4DNv,5.5,Reject,7.00,Accept,Accept,NO,0.0000,0.0000,8.0,3.0,8.0,8.0,8.0,,
4VfPLTqdrq,5.5,Accept,4.60,Reject,Reject,NO,0.0000,0.0000,5.0,3.0,5.0,5.0,5.0,,
DjIsNDEOYX,5.5,Reject,6.50,Accept,Accept,NO,0.0000,0.0000,5.0,8.0,5.0,8.0,,,
KRdiRGSNc9,7.0,Accept,4.60,Reject,Reject,NO,0.0000,0.0000,5.0,5.0,5.0,5.0,3.0,,
AjXkRZIvjB,7.0,Accept,6.00,Accept,Accept,YES,0.0000,0.0000,8.0,8.0,5.0,3.0,,,
N9hTix8kWA,1.0,Reject,5.33,Reject,Reject,YES,0.0000,0.0000,5.0,8.0,3.0,,,,
drovOv7IKB,6.0,Accept,5.00,Reject,Reject,NO,0.0000,0.0000,6.0,6.0,3.0,5.0,,,
WKW5TG8ItY,6.0,Accept,5.75,Accept,Accept,YES,0.0000,0.0000,6.0,5.0,6.0,6.0,,,
IQZicPtADC,5.5,Reject,5.83,Reject,Reject,YES,0.0000,0.0000,5.0,5.0,5.0,6.0,6.0,8.0,
10kBEqYKKN,5.0,Reject,3.00,Reject,Reject,YES,0.0000,0.0000,3.0,3.0,3.0,,,,
g8sGBSQjYk,7.0,Accept,7.33,Accept,Accept,YES,0.0000,0.0000,8.0,8.0,6.0,,,,
Jwtpbhheoy,6.5,Accept,5.00,Reject,Reject,NO,0.0000,0.0000,5.0,5.0,5.0,,,,
Pui7Sa6Jwi,6.0,Accept,5.67,Reject,Reject,NO,0.0000,0.0000,6.0,6.0,5.0,,,,
8CJDYx8GwF,1.0,Reject,6.25,Reject,Reject,YES,0.0000,0.0000,5.0,6.0,6.0,8.0,,,
nttFj0wKfD,5.5,Accept,3.50,Reject,Reject,NO,0.0000,0.0000,3.0,3.0,5.0,3.0,,,
6CZ50WgfCG,6.5,Accept,6.25,Accept,Accept,YES,0.0000,0.0000,8.0,3.0,8.0,6.0,,,
8lwWBSa1pJ,6.0,Reject,5.60,Reject,Reject,YES,0.0000,0.0000,6.0,3.0,5.0,8.0,6.0,,
pw2ssoOTpo,7.0,Accept,6.50,Accept,Accept,YES,0.0000,0.0000,8.0,6.0,6.0,6.0,,,
sLregLuXpn,5.0,Reject,5.00,Accept,Accept,NO,0.0000,0.0000,3.0,6.0,6.0,,,,
C5w86qtcgY,5.0,Reject,5.25,Reject,Reject,YES,0.0000,0.0000,8.0,3.0,5.0,5.0,,,
uNd289HjLi,6.0,Accept,6.33,Accept,Accept,YES,0.0000,0.0000,5.0,6.0,8.0,,,,
wLbL3lJNTL,7.0,Accept,5.25,Reject,Reject,NO,0.0000,0.0000,3.0,5.0,8.0,5.0,,,
sshYEYQ82L,6.0,Accept,4.75,Reject,Reject,NO,0.0000,0.0000,3.0,5.0,5.0,6.0,,,
5j6wtOO6Fk,6.5,Accept,4.67,Reject,Reject,NO,0.0000,0.0000,3.0,3.0,8.0,,,,
fzZfju8y0g,7.5,Accept,3.40,Reject,Reject,NO,0.0000,0.0000,3.0,3.0,3.0,5.0,3.0,,
WR9M6AA4LT,5.0,Reject,6.00,Reject,Reject,YES,0.0000,0.0000,8.0,5.0,5.0,,,,
gIiz7tBtYZ,5.0,Reject,6.00,Accept,Accept,NO,0.0000,0.0000,6.0,6.0,6.0,6.0,,,
jFJPd9kIiF,5.5,Reject,6.00,Accept,Accept,NO,0.0000,0.0000,5.0,6.0,8.0,5.0,,,
3LifGYAD0W,7.0,Accept,6.00,Reject,Reject,NO,0.0000,0.0000,8.0,5.0,6.0,5.0,,,
Q7uE3M5aMD,5.0,Reject,7.00,Reject,Reject,YES,0.0000,0.0000,6.0,8.0,8.0,6.0,,,
v9Sfo2hMJl,5.0,Reject,5.67,Reject,Reject,YES,0.0000,0.0000,6.0,6.0,5.0,,,,
iTFdNLHE7k,6.0,Accept,6.75,Accept,Accept,YES,0.0000,0.0000,8.0,5.0,6.0,8.0,,,
lvw3UgeVxS,6.5,Accept,7.50,Accept,Accept,YES,0.0000,0.0000,8.0,8.0,8.0,6.0,,,
9pKtcJcMP3,6.5,Accept,7.00,Accept,Accept,YES,0.0000,0.0000,6.0,8.0,8.0,6.0,,,
lnVPfgRnIV,4.5,Reject,4.75,Reject,Reject,YES,0.0000,0.0000,6.0,3.0,5.0,5.0,,,
U7iiF79kI3,6.0,Reject,6.67,Accept,Accept,NO,0.0000,0.0000,6.0,8.0,6.0,,,,
f114duq0Ov,4.5,Reject,4.67,Reject,Reject,YES,0.0000,0.0000,6.0,5.0,3.0,,,,
EUe0yA2pAw,5.5,Reject,4.67,Reject,Reject,YES,0.0000,0.0000,5.0,6.0,3.0,5.0,3.0,6.0,
Nu8b9C1xcr,6.0,Accept,4.50,Reject,Reject,NO,0.0000,0.0000,5.0,3.0,5.0,5.0,,,
hrMNbdxcqL,5.5,Accept,3.00,Reject,Reject,NO,0.0000,0.0000,3.0,3.0,3.0,3.0,,,
Od39h4XQ3Y,5.5,Reject,6.00,Accept,Accept,NO,0.0000,0.0000,6.0,6.0,6.0,6.0,,,
6zcZQkjB3Q,5.5,Reject,5.00,Reject,Reject,YES,0.0000,0.0000,6.0,5.0,6.0,3.0,,,
OJsMGsO6yn,6.0,Accept,6.50,Accept,Accept,YES,0.0000,0.0000,6.0,8.0,6.0,6.0,,,
sNoJSfGh6y,4.5,Reject,4.00,Reject,Reject,YES,0.0000,0.0000,3.0,3.0,3.0,5.0,6.0,,
905dpz8K73,7.0,Accept,5.33,Reject,Reject,NO,0.0000,0.0000,5.0,6.0,5.0,,,,
Mv3GAYJGcW,5.0,Accept,6.00,Accept,Accept,YES,0.0000,0.0000,6.0,6.0,6.0,,,,
Uxm7DxPwrZ,6.5,Accept,4.80,Reject,Reject,NO,0.0000,0.0000,5.0,5.0,6.0,3.0,5.0,,
krUajZ1gHg,5.5,Reject,4.25,Reject,Reject,YES,0.0000,0.0000,5.0,6.0,1.0,5.0,,,
qZz7PKt4bE,4.5,Reject,3.00,Reject,Reject,YES,0.0000,0.0000,5.0,3.0,1.0,,,,
Zdl2i7RKmz,5.0,Reject,4.20,Reject,Reject,YES,0.0000,0.0000,3.0,3.0,6.0,6.0,3.0,,
idnMNjlEj5,5.0,Reject,4.00,Reject,Reject,YES,0.0000,0.0000,6.0,3.0,3.0,,,,
hCfhfwSfCg,5.0,Reject,2.00,Reject,Reject,YES,0.0000,0.0000,1.0,1.0,3.0,3.0,,,
4jBL79L5QS,5.5,Reject,3.60,Reject,Reject,YES,0.0000,0.0000,3.0,3.0,6.0,3.0,3.0,,
fmHS8aBfuH,5.5,Reject,3.00,Reject,Reject,YES,0.0000,0.0000,3.0,3.0,3.0,3.0,,,
ZdqdWiRRwR,6.5,Accept,4.00,Reject,Reject,NO,0.0000,0.0000,5.0,3.0,5.0,3.0,,,
tTPHgb0EtV,5.5,Accept,8.00,Accept,Accept,YES,0.0000,0.0000,8.0,8.0,8.0,8.0,,,
v5JrYUdMxc,7.0,Accept,3.50,Reject,Reject,NO,0.0000,0.0000,5.0,3.0,3.0,3.0,,,
HHWlwxDeRn,6.5,Accept,6.00,Accept,Accept,YES,0.0000,0.0000,6.0,6.0,6.0,6.0,,,
3iJ7eSj2rE,6.5,Accept,4.00,Reject,Reject,NO,0.0000,0.0000,3.0,3.0,5.0,5.0,,,
0gDQgwjoX0,6.0,Accept,4.67,Reject,Reject,NO,0.0000,0.0000,6.0,5.0,3.0,,,,
rkc79rOJu8,5.0,Reject,4.67,Reject,Reject,YES,0.0000,0.0000,5.0,3.0,6.0,,,,
dsd04MYKax,6.0,Accept,4.80,Reject,Reject,NO,0.0000,0.0000,6.0,5.0,3.0,5.0,5.0,,
TjXjkxhSdE,5.5,Reject,5.67,Reject,Reject,YES,0.0000,0.0000,6.0,5.0,6.0,,,,
EaiU4F5pwn,7.0,Accept,4.67,Reject,Reject,NO,0.0000,0.0000,3.0,3.0,6.0,5.0,6.0,5.0,
rxVBKhyfSo,7.0,Accept,7.00,Accept,Accept,YES,0.0000,0.0000,6.0,8.0,8.0,6.0,,,
QWMgTMRUnB,6.0,Accept,3.60,Reject,Reject,NO,0.0000,0.0000,3.0,3.0,6.0,3.0,3.0,,
EJTeOf8iG0,5.0,Reject,3.00,Reject,Reject,YES,0.0000,0.0000,3.0,3.0,3.0,3.0,,,
C4QNyUqBIu,5.0,Reject,3.50,Reject,Reject,YES,0.0000,0.0000,3.0,3.0,5.0,3.0,,,
RrIjnSMhMZ,5.0,Reject,2.50,Reject,Reject,YES,0.0000,0.0000,1.0,5.0,1.0,3.0,,,
3BhZCfJ73Y,5.0,Reject,6.25,Accept,Accept,NO,0.0000,0.0000,6.0,5.0,6.0,8.0,,,
siHHqDDzvS,6.0,Accept,6.25,Accept,Accept,YES,0.0000,0.0000,6.0,6.0,8.0,5.0,,,
1EEst6oDU7,6.0,Reject,5.50,Reject,Reject,YES,0.0000,0.0000,5.0,5.0,6.0,6.0,,,
5wmAfwDBoi,7.5,Accept,4.25,Reject,Reject,NO,0.0000,0.0000,5.0,3.0,6.0,3.0,,,
b5MCteb3w7,5.0,Reject,4.75,Reject,Reject,YES,0.0000,0.0000,8.0,5.0,3.0,3.0,,,
aygBjpMdan,6.0,Accept,4.25,Reject,Reject,NO,0.0000,0.0000,3.0,6.0,5.0,3.0,,,
i7drKWhFCo,7.0,Accept,7.00,Accept,Accept,YES,0.0000,0.0000,8.0,6.0,8.0,6.0,,,
FVuqJt3c4L,7.0,Accept,7.50,Accept,Accept,YES,0.0000,0.0000,8.0,8.0,8.0,5.0,8.0,8.0,
T7YV5UZKBc,7.5,Accept,7.33,Accept,Accept,YES,0.0000,0.0000,8.0,8.0,6.0,,,,
99YEbiBbdy,6.0,Accept,6.75,Reject,Reject,NO,0.0000,0.0000,5.0,8.0,6.0,8.0,,,
cazOlqncU6,6.0,Accept,4.50,Reject,Reject,NO,0.0000,0.0000,3.0,5.0,5.0,5.0,,,
TTUtPIpaol,7.5,Accept,5.25,Reject,Reject,NO,0.0000,0.0000,6.0,6.0,3.0,6.0,,,
MSxCBXD5C8,5.5,Reject,3.00,Reject,Reject,YES,0.0000,0.0000,3.0,3.0,3.0,3.0,,,
QwrnH32tJV,5.0,Accept,5.67,Reject,Reject,NO,0.0000,0.0000,8.0,3.0,6.0,,,,
Lbx9zdURxe,5.0,Weak Accept,6.00,Accept,Accept,NO,0.0000,0.0000,6.0,6.0,6.0,6.0,,,
xJc3PazBwS,6.0,Reject,3.75,Reject,Reject,YES,0.0000,0.0000,3.0,3.0,6.0,3.0,,,
rztZ2QfSfJ,4.5,Reject,4.33,Reject,Reject,YES,0.0000,0.0000,5.0,3.0,5.0,,,,
FPfCUJTsCn,6.5,Accept,7.20,Accept,Accept,YES,0.0000,0.0000,6.0,8.0,8.0,6.0,8.0,,
eFWG9Cy3WK,7.0,Accept,6.33,Accept,Accept,YES,0.0000,0.0000,3.0,8.0,8.0,,,,
LqTz13JS2P,7.5,Accept,7.25,Accept,Accept,YES,0.0000,0.0000,8.0,5.0,8.0,8.0,,,
fMOUybjbnO,7.0,Accept,6.00,Reject,Reject,NO,0.0000,0.0000,5.0,6.0,8.0,5.0,,,
g6v09VxgFw,5.5,Reject,5.25,Accept,Accept,NO,0.0000,0.0000,3.0,6.0,6.0,6.0,,,
SA19ijj44B,6.5,Accept,7.33,Accept,Accept,YES,0.0000,0.0000,8.0,8.0,6.0,,,,
nTlzEM1x3B,6.0,Accept,4.50,Reject,Reject,NO,0.0000,0.0000,5.0,5.0,5.0,3.0,,,
JCiF03qnmi,6.0,Accept,6.80,Accept,Accept,YES,0.0000,0.0000,6.0,8.0,6.0,6.0,8.0,,
0RHMnPj8no,5.5,Reject,6.00,Reject,Reject,YES,0.0000,0.0000,6.0,8.0,5.0,5.0,,,
JVFRwCx3Dy,7.0,Accept,4.00,Reject,Reject,NO,0.0000,0.0000,3.0,3.0,5.0,5.0,,,
xw4jtToUrf,5.0,Reject,4.20,Reject,Reject,YES,0.0000,0.0000,5.0,5.0,5.0,3.0,3.0,,
Unb5CVPtae,6.5,Accept,7.00,Accept,Accept,YES,0.0000,0.0000,3.0,8.0,8.0,8.0,8.0,,
b7HOhqXiZs,5.0,Reject,2.60,Reject,Reject,YES,0.0000,0.0000,1.0,3.0,3.0,3.0,3.0,,
wg8NPfeMF9,7.5,Accept,6.50,Accept,Accept,YES,0.0000,0.0000,6.0,6.0,6.0,8.0,,,
UkGrcekmSZ,4.5,Reject,2.00,Reject,Reject,YES,0.0000,0.0000,3.0,3.0,1.0,1.0,,,
tcx84iyqaC,4.5,Reject,5.33,Reject,Reject,YES,0.0000,0.0000,5.0,6.0,5.0,,,,
i3QV4XgsLA,7.0,Accept,5.20,Reject,Reject,NO,0.0000,0.0000,6.0,6.0,3.0,6.0,5.0,,
pB1FeRSQxh,5.5,Reject,6.00,Accept,Accept,NO,0.0000,0.0000,5.0,5.0,8.0,6.0,,,
HYWdlCPtao,6.0,Reject,6.25,Reject,Reject,YES,0.0000,0.0000,6.0,5.0,6.0,8.0,,,
EukID7GvBy,5.0,Reject,3.00,Reject,Reject,YES,0.0000,0.0000,3.0,5.0,3.0,3.0,1.0,,
u63OVngeSp,6.5,Accept,7.00,Accept,Accept,YES,0.0000,0.0000,5.0,8.0,8.0,6.0,8.0,,
vSOTacnSNf,5.5,Reject,4.33,Reject,Reject,YES,0.0000,0.0000,5.0,3.0,5.0,,,,
zSUXo1nkqR,5.0,Reject,3.40,Reject,Reject,YES,0.0000,0.0000,5.0,3.0,3.0,3.0,3.0,,
lCqNxBGPp5,6.0,Accept,5.00,Reject,Reject,NO,0.0000,0.0000,8.0,3.0,6.0,3.0,,,
oRNus243R6,5.5,Reject,5.67,Reject,Reject,YES,0.0000,0.0000,6.0,6.0,5.0,,,,
nKSkM5h2VN,5.0,Reject,5.33,Reject,Reject,YES,0.0000,0.0000,6.0,5.0,5.0,,,,
v1rFkElnIn,7.0,Accept,6.00,Accept,Accept,YES,0.0000,0.0000,6.0,6.0,6.0,,,,
2x1U8a3s7G,7.0,Accept,5.00,Reject,Reject,NO,0.0000,0.0000,6.0,6.0,3.0,,,,
i9Vs5NGDpk,7.5,Accept,7.50,Accept,Accept,YES,0.0000,0.0000,8.0,8.0,8.0,6.0,,,
gJ48psisby,5.0,Reject,3.50,Reject,Reject,YES,0.0000,0.0000,5.0,3.0,3.0,3.0,,,
O2aioX2Z2v,6.5,Accept,4.20,Reject,Reject,NO,0.0000,0.0000,3.0,5.0,6.0,1.0,6.0,,
EDoD3DgivF,7.0,Accept,6.00,Accept,Accept,YES,0.0000,0.0000,6.0,6.0,6.0,6.0,,,
boz4LIvv3f,5.0,Reject,5.50,Reject,Reject,YES,0.0000,0.0000,6.0,5.0,6.0,5.0,,,
DorP300Q3b,5.0,Reject,6.00,Reject,Reject,YES,0.0000,0.0000,5.0,5.0,6.0,8.0,,,
KZEqbwJfTl,6.5,Accept,6.20,Accept,Accept,YES,0.0000,0.0000,6.0,6.0,6.0,8.0,5.0,,
QNW42cjkym,5.0,Reject,3.50,Reject,Reject,YES,0.0000,0.0000,5.0,3.0,3.0,3.0,,,
1qGkuxI9UX,6.5,Accept,6.25,Accept,Accept,YES,0.0000,0.0000,6.0,5.0,8.0,6.0,,,
7JlL8ECPJ7,7.0,Accept,6.25,Reject,Reject,NO,0.0000,0.0000,6.0,5.0,8.0,6.0,,,
QcvwVUqnCg,6.5,Accept,5.50,Reject,Reject,NO,0.0000,0.0000,5.0,3.0,6.0,8.0,,,
7GKbQ1WT1C,6.0,Accept,5.25,Accept,Accept,YES,0.0000,0.0000,6.0,3.0,6.0,6.0,,,
9Xt5TgM7Us,7.0,Accept,4.75,Reject,Reject,NO,0.0000,0.0000,6.0,5.0,5.0,3.0,,,
Sz2Ar6EqD5,6.0,Accept,4.00,Reject,Reject,NO,0.0000,0.0000,5.0,6.0,3.0,5.0,1.0,,
RXVYOCGO7g,4.5,Reject,5.00,Reject,Reject,YES,0.0000,0.0000,3.0,6.0,6.0,,,,
uhaLuZcCjH,5.0,Reject,7.00,Accept,Accept,NO,0.0000,0.0000,8.0,6.0,8.0,6.0,,,
CCo8ElCT7v,4.0,Reject,4.25,Reject,Reject,YES,0.0000,0.0000,3.0,6.0,5.0,3.0,,,
uy31tqVuNo,3.0,Reject,6.00,Accept,Accept,NO,0.0000,0.0000,6.0,6.0,,,,,
zeeLxGw5pp,5.5,Reject,3.20,Reject,Reject,YES,0.0000,0.0000,8.0,1.0,1.0,5.0,1.0,,
TVFVx8TUbN,5.5,Reject,4.25,Reject,Reject,YES,0.0000,0.0000,6.0,5.0,3.0,3.0,,,
8ROIRnKloJ,6.0,Accept,5.67,Reject,Reject,NO,0.0000,0.0000,8.0,5.0,8.0,5.0,5.0,3.0,
m4mwbPjOwb,6.0,Accept,3.00,Reject,Reject,NO,0.0000,0.0000,5.0,3.0,1.0,,,,
YslOW2SO6S,4.5,Reject,6.00,Accept,Accept,NO,0.0000,0.0000,6.0,6.0,6.0,,,,
armbJRJdrH,6.5,Accept,6.25,Accept,Accept,YES,0.0000,0.0000,3.0,6.0,8.0,8.0,,,
iShM3YolRY,6.0,Accept,5.25,Reject,Reject,NO,0.0000,0.0000,5.0,5.0,5.0,6.0,,,
yjX303Smre,6.0,Accept,5.50,Reject,Reject,NO,0.0000,0.0000,6.0,6.0,5.0,5.0,,,
VZ8kwfspAi,3.0,Reject,3.67,Reject,Reject,YES,0.0000,0.0000,3.0,3.0,5.0,3.0,5.0,3.0,
q6hEuC48Dk,1.0,Reject,3.80,Reject,Reject,YES,0.0000,0.0000,3.0,5.0,3.0,3.0,5.0,,
leFBpvYaPx,7.0,Accept,5.50,Reject,Reject,NO,0.0000,0.0000,6.0,6.0,5.0,5.0,,,
GQ1Tc3vHbt,7.0,Accept,6.50,Accept,Accept,YES,0.0000,0.0000,8.0,6.0,6.0,6.0,,,
JDzTI9rKls,6.0,Accept,6.75,Accept,Accept,YES,0.0000,0.0000,8.0,8.0,6.0,5.0,,,
Xz13DtbOVW,6.0,Accept,6.25,Accept,Accept,YES,0.0000,0.0000,5.0,6.0,8.0,6.0,,,
NlEt8LYAxC,7.0,Accept,6.00,Reject,Reject,NO,0.0000,0.0000,6.0,6.0,6.0,,,,
Za3M6OZuCU,6.5,Reject,6.75,Accept,Accept,NO,0.0000,0.0000,8.0,5.0,6.0,8.0,,,
gmg7t8b4s0,6.0,Reject,6.25,Accept,Accept,NO,0.0000,0.0000,8.0,3.0,8.0,6.0,,,
gW4bdLwypB,4.5,Reject,6.50,Reject,Reject,YES,0.0000,0.0000,6.0,5.0,10.0,5.0,,,
TD3SGJfBC7,6.0,Accept,6.25,Accept,Accept,YES,0.0000,0.0000,6.0,6.0,5.0,8.0,,,
XZ71GHf8aB,6.0,Accept,6.25,Reject,Reject,NO,0.0000,0.0000,8.0,6.0,6.0,5.0,,,
nsvgVuaWXK,6.0,Accept,4.25,Reject,Reject,NO,0.0000,0.0000,3.0,6.0,3.0,5.0,,,
QjO0fUlVYK,6.0,Accept,6.00,Accept,Accept,YES,0.0000,0.0000,6.0,6.0,6.0,6.0,,,
HM2E7fnw2U,6.0,Reject,4.50,Reject,Reject,YES,0.0000,0.0000,6.0,6.0,5.0,1.0,,,
EArTDUmILF,5.0,Reject,7.00,Accept,Accept,NO,0.0000,0.0000,6.0,6.0,8.0,8.0,,,
qssVptHTPN,6.0,Accept,6.00,Accept,Accept,YES,0.0000,0.0000,5.0,6.0,5.0,8.0,,,
BXMoS69LLR,7.5,Accept,4.50,Reject,Reject,NO,0.0000,0.0000,5.0,5.0,5.0,3.0,,,
A8Vuf2e8y6,6.0,Accept,4.75,Reject,Reject,NO,0.0000,0.0000,5.0,6.0,3.0,5.0,,,
WPz5e5V85k,6.0,Accept,6.00,Reject,Reject,NO,0.0000,0.0000,6.0,6.0,6.0,6.0,,,
opSPgPIwAD,5.5,Reject,3.00,Reject,Reject,YES,0.0000,0.0000,3.0,3.0,3.0,,,,
HkPz96fgOv,2.0,Reject,6.00,Reject,Reject,YES,0.0000,0.0000,5.0,3.0,8.0,8.0,,,
l6K688mhDT,6.5,Accept,6.00,Reject,Reject,NO,0.0000,0.0000,5.0,8.0,6.0,5.0,,,
qZB7KDN4L1,7.0,Accept,5.00,Reject,Reject,NO,0.0000,0.0000,6.0,5.0,6.0,3.0,,,
rsY6J3ZaTF,6.5,Accept,6.00,Accept,Accept,YES,0.0000,0.0000,6.0,6.0,6.0,,,,
8SPSIfR2e0,5.5,Reject,5.75,Reject,Reject,YES,0.0000,0.0000,6.0,6.0,5.0,6.0,,,
BI1N3lTWtn,5.5,Reject,5.75,Accept,Accept,NO,0.0000,0.0000,6.0,5.0,6.0,6.0,,,
TTrzgEZt9s,7.0,Accept,8.00,Accept,Accept,YES,0.0000,0.0000,8.0,8.0,8.0,8.0,,,
GYk0thSY1M,5.5,Reject,4.00,Reject,Reject,YES,0.0000,0.0000,5.0,5.0,3.0,3.0,,,
UyhRtB4hjN,6.0,Accept,6.25,Accept,Accept,YES,0.0000,0.0000,8.0,6.0,5.0,6.0,,,
1dkL3MVBfV,5.0,Reject,5.00,Reject,Reject,YES,0.0000,0.0000,6.0,3.0,5.0,6.0,,,
HkibCOnsEv,5.0,Reject,5.50,Reject,Reject,YES,0.0000,0.0000,5.0,6.0,6.0,5.0,,,
xdnoULh5Sv,6.5,Accept,4.00,Reject,Reject,NO,0.0000,0.0000,5.0,5.0,5.0,1.0,,,
vc1i3a4O99,6.0,Accept,5.00,Reject,Reject,NO,0.0000,0.0000,6.0,6.0,3.0,5.0,,,
N5qFgohx9u,4.5,Reject,3.50,Reject,Reject,YES,0.0000,0.0000,3.0,5.0,3.0,3.0,,,
4MWUdp6deL,6.5,Accept,5.50,Reject,Reject,NO,0.0000,0.0000,5.0,6.0,5.0,6.0,,,
kgZFaAtzYi,5.5,Reject,3.50,Reject,Reject,YES,0.0000,0.0000,5.0,3.0,3.0,3.0,,,
JF8ovQyueq,5.5,Reject,4.50,Reject,Reject,YES,0.0000,0.0000,5.0,5.0,3.0,5.0,,,
FAY6ORIvn5,7.0,Accept,5.25,Reject,Reject,NO,0.0000,0.0000,6.0,6.0,6.0,3.0,,,
hJDTuVQcQp,6.5,Accept,4.20,Reject,Reject,NO,0.0000,0.0000,6.0,6.0,3.0,5.0,1.0,,
0Qyxw0cCuu,5.5,Reject,5.00,Reject,Reject,YES,0.0000,0.0000,5.0,5.0,5.0,5.0,,,
MbK0Vs5lFI,5.0,Reject,3.50,Reject,Reject,YES,0.0000,0.0000,3.0,3.0,5.0,3.0,,,
QdiMWcwU5w,5.5,Reject,5.00,Reject,Reject,YES,0.0000,0.0000,3.0,6.0,6.0,,,,
PCm1oT8pZI,6.0,Accept,5.75,Accept,Accept,YES,0.0000,0.0000,6.0,3.0,8.0,6.0,,,
fMvcffpsDo,5.0,Reject,4.40,Reject,Reject,YES,0.0000,0.0000,3.0,5.0,5.0,6.0,3.0,,
iaP7yHRq1l,5.0,Accept,5.50,Accept,Accept,YES,0.0000,0.0000,5.0,6.0,8.0,3.0,,,
p4eG8rCa0b,5.0,Reject,6.67,Accept,Accept,NO,0.0000,0.0000,8.0,6.0,6.0,,,,
5Y9NT6lW21,5.5,Reject,7.00,Accept,Accept,NO,0.0000,0.0000,6.0,6.0,8.0,8.0,,,
ezscMer8L0,5.5,Reject,6.00,Accept,Accept,NO,0.0000,0.0000,6.0,6.0,6.0,6.0,,,
Wr3UuEx72f,6.0,Accept,7.50,Accept,Accept,YES,0.0000,0.0000,8.0,8.0,6.0,8.0,,,
Ahlrf2HGJR,6.5,Reject,6.00,Accept,Accept,NO,0.0000,0.0000,6.0,6.0,6.0,6.0,,,
EHYbqCDRtM,5.0,Reject,2.00,Reject,Reject,YES,0.0000,0.0000,1.0,3.0,1.0,3.0,,,
bVBLqKoiJ1,7.0,Accept,4.00,Reject,Reject,NO,0.0000,0.0000,3.0,3.0,5.0,5.0,,,
3PDklqqqfN,7.0,Accept,7.17,Accept,Accept,YES,0.0000,0.0000,5.0,8.0,8.0,8.0,8.0,6.0,
SEvJfuCtPY,6.0,Accept,3.00,Reject,Reject,NO,0.0000,0.0000,1.0,3.0,3.0,5.0,,,
z2WCyBO923,6.0,Accept,5.00,Reject,Reject,NO,0.0000,0.0000,5.0,5.0,5.0,5.0,,,
D4NJFfrqoq,7.0,Accept,6.75,Accept,Accept,YES,0.0000,0.0000,8.0,5.0,8.0,6.0,,,
RaSLSUCKz0,5.5,Reject,5.67,Reject,Reject,YES,0.0000,0.0000,5.0,6.0,6.0,,,,
tkiZQlL04w,6.0,Accept,5.71,Accept,Accept,YES,0.0000,0.0000,8.0,5.0,6.0,6.0,5.0,5.0,
dAqH7CfHjL,5.5,Reject,4.33,Reject,Reject,YES,0.0000,0.0000,3.0,5.0,5.0,,,,
ErQPdaD5wJ,5.0,Reject,5.33,Accept,Accept,NO,0.0000,0.0000,5.0,5.0,6.0,,,,
NoiaAT0eec,5.0,Reject,6.50,Accept,Accept,NO,0.0000,0.0000,6.0,8.0,6.0,6.0,,,
p6hIAEHwSp,2.5,Reject,4.25,Reject,Reject,YES,0.0000,0.0000,6.0,3.0,5.0,3.0,,,
uvXK8Xk9Jk,7.0,Accept,6.50,Accept,Accept,YES,0.0000,0.0000,6.0,8.0,6.0,6.0,,,
i5da6iedW8,3.5,Reject,4.75,Reject,Reject,YES,0.0000,0.0000,3.0,6.0,5.0,5.0,,,
J9pNS44qcT,4.0,Reject,3.50,Reject,Reject,YES,0.0000,0.0000,5.0,3.0,3.0,3.0,,,
I5MquO1g7R,6.0,Accept,4.75,Reject,Reject,NO,0.0000,0.0000,5.0,5.0,3.0,6.0,,,
1DEEVAl5QX,5.0,Reject,4.67,Reject,Reject,YES,0.0000,0.0000,3.0,6.0,5.0,,,,
dxJKLozjQl,5.5,Reject,3.00,Reject,Reject,YES,0.0000,0.0000,5.0,1.0,3.0,,,,
zxO4WuVGns,6.5,Reject,6.00,Accept,Accept,NO,0.0000,0.0000,6.0,6.0,6.0,,,,
8U4NGFE0po,6.0,Accept,4.40,Reject,Reject,NO,0.0000,0.0000,5.0,6.0,3.0,3.0,5.0,,
RJDjSXNuAZ,6.0,Accept,5.50,Accept,Accept,YES,0.0000,0.0000,6.0,5.0,6.0,5.0,,,
pjfrGVekwK,5.0,Reject,4.50,Reject,Reject,YES,0.0000,0.0000,5.0,5.0,5.0,3.0,,,
9F0xInGNBF,6.5,Accept,5.25,Reject,Reject,NO,0.0000,0.0000,5.0,5.0,6.0,5.0,,,
lnVPfgRnIV,5.0,Reject,4.75,Reject,Reject,YES,0.0000,0.0000,6.0,3.0,5.0,5.0,,,
u3TL0qxLWf,7.0,Accept,6.00,Accept,Accept,YES,0.0000,0.0000,6.0,6.0,6.0,,,,
I4Lq2RJ0eJ,6.0,Reject,6.00,Accept,Accept,NO,0.0000,0.0000,6.0,6.0,6.0,,,,
NmpOUCwAjR,4.5,Reject,4.00,Reject,Reject,YES,0.0000,0.0000,6.0,3.0,5.0,3.0,3.0,,
3LLkES6nNs,6.0,Accept,4.25,Reject,Reject,NO,0.0000,0.0000,3.0,5.0,3.0,6.0,,,
vzvCaYFTLq,6.0,Reject,4.75,Reject,Reject,YES,0.0000,0.0000,3.0,5.0,5.0,6.0,,,
zu7cBTPsDb,6.5,Accept,6.00,Accept,Accept,YES,0.0000,0.0000,6.0,6.0,6.0,6.0,,,
g90RNzs8wX,5.5,Reject,6.50,Accept,Accept,NO,0.0000,0.0000,6.0,6.0,6.0,8.0,,,
cwbJxUGVOI,6.5,Accept,6.25,Reject,Reject,NO,0.0000,0.0000,6.0,5.0,8.0,6.0,,,
4oj7tYujwP,7.0,Accept,4.33,Reject,Reject,NO,0.0000,0.0000,5.0,5.0,3.0,,,,
3vxfFFP3q5,7.0,Accept,5.60,Reject,Reject,NO,0.0000,0.0000,5.0,6.0,6.0,5.0,6.0,,
WNPrfGpcu6,6.0,Accept,6.00,Reject,Reject,NO,0.0000,0.0000,5.0,5.0,8.0,6.0,,,
aQj9Ifxrl6,5.5,Accept,6.00,Accept,Accept,YES,0.0000,0.0000,6.0,6.0,6.0,6.0,,,
xcMmebCT7s,5.0,Reject,5.80,Accept,Accept,NO,0.0000,0.0000,6.0,8.0,6.0,6.0,3.0,,
Oi47wc10sm,6.0,Accept,7.33,Accept,Accept,YES,0.0000,0.0000,8.0,6.0,8.0,,,,
6cGKi7FqJS,7.0,Accept,4.75,Reject,Reject,NO,0.0000,0.0000,3.0,5.0,6.0,5.0,,,
FZv3kPHTtB,5.0,Reject,5.50,Accept,Accept,NO,0.0000,0.0000,5.0,5.0,6.0,6.0,,,
LC6ZtQV6u2,7.5,Accept,6.50,Accept,Accept,YES,0.0000,0.0000,6.0,8.0,6.0,6.0,,,
sb7qHFYwBc,5.5,Reject,6.50,Accept,Accept,NO,0.0000,0.0000,6.0,8.0,6.0,6.0,,,
iOltCu4TPS,6.5,Accept,5.00,Reject,Reject,NO,0.0000,0.0000,5.0,3.0,5.0,8.0,5.0,3.0,
dZNI8DyUKY,5.0,Reject,3.50,Reject,Reject,YES,0.0000,0.0000,3.0,3.0,5.0,3.0,,,
FJ8Q11j3p0,5.0,Reject,3.50,Reject,Reject,YES,0.0000,0.0000,3.0,3.0,5.0,3.0,,,
o2uHg0Skil,5.0,Reject,6.25,Reject,Reject,YES,0.0000,0.0000,8.0,8.0,3.0,6.0,,,
rvOpON15JJ,5.5,Reject,4.50,Reject,Reject,YES,0.0000,0.0000,5.0,3.0,5.0,5.0,,,
Dl6nkKKvlX,5.0,Reject,6.25,Accept,Accept,NO,0.0000,0.0000,8.0,5.0,6.0,6.0,,,
R1WF5b5faF,6.0,Accept,4.00,Reject,Reject,NO,0.0000,0.0000,3.0,3.0,5.0,5.0,,,
mhgm0IXtHw,5.5,Borderline,6.67,Accept,Accept,NO,0.0000,0.0000,6.0,8.0,6.0,,,,
YERRy6v5uA,6.0,Accept,5.25,Reject,Reject,NO,0.0000,0.0000,5.0,6.0,5.0,5.0,,,
IUmj2dw5se,5.0,Reject,7.50,Accept,Accept,NO,0.0000,0.0000,8.0,8.0,6.0,8.0,,,
PDgZ3rvqHn,6.0,Accept,6.33,Accept,Accept,YES,0.0000,0.0000,6.0,8.0,5.0,,,,
Y3wpuxd7u9,6.5,Accept,6.25,Accept,Accept,YES,0.0000,0.0000,6.0,6.0,5.0,8.0,,,
tZdqL5FH7w,6.5,Accept,6.33,Accept,Accept,YES,0.0000,0.0000,8.0,6.0,5.0,,,,
qaJxPhkYtD,4.5,Reject,6.00,Accept,Accept,NO,0.0000,0.0000,6.0,6.0,6.0,6.0,,,
l1hk4q7ZY7,6.0,Accept,5.00,Reject,Reject,NO,0.0000,0.0000,5.0,3.0,6.0,6.0,,,
wF8eG12wtw,6.0,Accept,3.75,Reject,Reject,NO,0.0000,0.0000,1.0,3.0,8.0,3.0,,,
aVfDrl7xDV,7.0,Accept,6.25,Accept,Accept,YES,0.0000,0.0000,6.0,5.0,8.0,6.0,,,
Ll8PmgD0IB,5.0,Reject,6.00,Reject,Reject,YES,0.0000,0.0000,5.0,8.0,6.0,5.0,,,
WfxPVtYRlL,7.0,Accept,6.25,Accept,Accept,YES,0.0000,0.0000,6.0,8.0,5.0,6.0,,,
FJjHQS2DyE,6.0,Accept,5.67,Reject,Reject,NO,0.0000,0.0000,5.0,6.0,6.0,,,,
mYhH0CDFFa,5.0,Reject,5.75,Accept,Accept,NO,0.0000,0.0000,6.0,6.0,5.0,6.0,,,
bbCL5aRjUx,6.0,Accept,6.67,Accept,Accept,YES,0.0000,0.0000,6.0,6.0,8.0,,,,
SKulT2VX9p,5.5,Reject,6.67,Accept,Accept,NO,0.0000,0.0000,8.0,6.0,6.0,,,,
DakTqQu161,6.0,Reject,4.00,Reject,Reject,YES,0.0000,0.0000,3.0,5.0,5.0,3.0,,,
uYAG9Gla5u,7.0,Accept,4.50,Reject,Reject,NO,0.0000,0.0000,3.0,6.0,6.0,3.0,,,
6N8TW504aa,5.0,Reject,7.50,Accept,Accept,NO,0.0000,0.0000,8.0,8.0,8.0,6.0,,,
uqWM9hBDAE,6.0,Reject,7.33,Accept,Accept,NO,0.0000,0.0000,6.0,8.0,8.0,,,,
LugcDgDjv1,6.5,Accept,4.00,Reject,Reject,NO,0.0000,0.0000,3.0,5.0,3.0,5.0,,,
uDIiL89ViX,6.0,Accept,5.60,Reject,Reject,NO,0.0000,0.0000,8.0,5.0,5.0,5.0,5.0,,
pz0EK4g6AN,5.0,Reject,4.75,Reject,Reject,YES,0.0000,0.0000,5.0,6.0,5.0,3.0,,,
tccML2tDd4,1.0,Reject,2.33,Reject,Reject,YES,0.0000,0.0000,3.0,1.0,3.0,,,,
7mlvOHL6qJ,6.0,Accept,6.25,Accept,Accept,YES,0.0000,0.0000,6.0,5.0,8.0,6.0,,,
WsIDPBcnCN,6.0,Reject,3.50,Reject,Reject,YES,0.0000,0.0000,3.0,3.0,3.0,5.0,,,
DF5TVzpTW0,7.0,Accept,6.00,Reject,Reject,NO,0.0000,0.0000,6.0,6.0,6.0,6.0,,,
YVcVbYYy2x,5.5,Reject,5.25,Reject,Reject,YES,0.0000,0.0000,5.0,6.0,5.0,5.0,,,
kWELXBKl54,6.0,Accept,4.80,Reject,Reject,NO,0.0000,0.0000,8.0,5.0,5.0,3.0,3.0,,
KrtGfTGaGe,5.5,Reject,4.50,Accept,Accept,NO,0.0000,0.0000,1.0,5.0,6.0,6.0,,,
20KYsQ8Q4Z,6.5,Accept,5.50,Reject,Reject,NO,0.0000,0.0000,6.0,5.0,5.0,6.0,,,
tvjcGkBf0g,5.5,Reject,4.00,Reject,Reject,YES,0.0000,0.0000,5.0,5.0,3.0,3.0,,,
RuYl15smRv,6.0,Accept,3.40,Reject,Reject,NO,0.0000,0.0000,3.0,5.0,1.0,3.0,5.0,,
TVnkjz4MqV,5.5,Reject,5.50,Reject,Reject,YES,0.0000,0.0000,5.0,6.0,5.0,6.0,,,
jQnXDGxdDG,5.5,Reject,3.80,Reject,Reject,YES,0.0000,0.0000,5.0,3.0,5.0,1.0,5.0,,
Zp51wHvoot,6.0,Accept,4.25,Reject,Reject,NO,0.0000,0.0000,6.0,3.0,3.0,5.0,,,
ByOPJantEd,7.0,Accept,5.50,Reject,Reject,NO,0.0000,0.0000,5.0,6.0,5.0,6.0,,,
56jIlazr6a,6.5,Reject,5.25,Reject,Reject,YES,0.0000,0.0000,5.0,3.0,5.0,8.0,,,
mYgoNEsUDi,6.0,Accept,6.33,Accept,Accept,YES,0.0000,0.0000,8.0,5.0,6.0,,,,
oANkBaVci5,4.5,Reject,6.75,Accept,Accept,NO,0.0000,0.0000,8.0,5.0,6.0,8.0,,,
EHhLLmDvtE,5.5,Reject,5.50,Reject,Reject,YES,0.0000,0.0000,5.0,6.0,5.0,6.0,,,
SaOxhcDCM3,5.0,Reject,6.25,Reject,Reject,YES,0.0000,0.0000,5.0,5.0,5.0,10.0,,,
9SwObx9Jdn,6.0,Accept,4.75,Reject,Reject,NO,0.0000,0.0000,5.0,6.0,5.0,3.0,,,
PgR6fziYmJ,5.5,Reject,5.75,Reject,Reject,YES,0.0000,0.0000,5.0,6.0,6.0,6.0,,,
xw29VvOMmU,7.5,Accept,6.75,Accept,Accept,YES,0.0000,0.0000,8.0,8.0,6.0,5.0,,,
DCDT918ZkI,5.5,Reject,5.75,Accept,Accept,NO,0.0000,0.0000,6.0,6.0,3.0,8.0,,,
97D725GJtQ,7.5,Accept,5.80,Accept,Accept,YES,0.0000,0.0000,6.0,5.0,6.0,6.0,6.0,,
8s1GMWsLlj,5.5,Accept,3.50,Reject,Reject,NO,0.0000,0.0000,3.0,5.0,3.0,3.0,,,
ud8FtE1N4N,6.0,Accept,6.67,Accept,Accept,YES,0.0000,0.0000,8.0,6.0,6.0,,,,
bEbQBiMpUI,5.0,Reject,5.40,Reject,Reject,YES,0.0000,0.0000,3.0,8.0,3.0,8.0,5.0,,
CJWMXqAnAy,6.0,Accept,7.00,Accept,Accept,YES,0.0000,0.0000,6.0,8.0,8.0,6.0,,,
tCmIGJivc7,6.0,Accept,4.25,Reject,Reject,NO,0.0000,0.0000,3.0,3.0,6.0,5.0,,,
YbURbViE7l,6.0,Accept,6.50,Accept,Accept,YES,0.0000,0.0000,6.0,8.0,6.0,6.0,,,
TWmETQLZIC,6.0,Accept,5.00,Reject,Reject,NO,0.0000,0.0000,8.0,3.0,3.0,6.0,,,
9YZKbSoDr6,6.0,Accept,5.75,Reject,Reject,NO,0.0000,0.0000,6.0,5.0,6.0,6.0,,,
cif0JVXJ3b,5.5,Reject,5.25,Reject,Reject,YES,0.0000,0.0000,8.0,5.0,3.0,5.0,,,
oQUtBLM8Bo,6.0,Accept,4.67,Reject,Reject,NO,0.0000,0.0000,6.0,5.0,3.0,,,,
wpXGPCBOTX,7.0,Accept,6.75,Accept,Accept,YES,0.0000,0.0000,6.0,8.0,8.0,5.0,,,
vHO9mU87dc,7.5,Accept,6.00,Reject,Reject,NO,0.0000,0.0000,8.0,6.0,5.0,5.0,,,
VMV8gefvq8,5.5,Accept,6.00,Accept,Accept,YES,0.0000,0.0000,6.0,6.0,6.0,,,,
iqdqRmqUsD,5.0,Reject,4.00,Reject,Reject,YES,0.0000,0.0000,3.0,5.0,5.0,3.0,,,
6LtdZCyuZR,6.0,Accept,6.00,Accept,Accept,YES,0.0000,0.0000,6.0,6.0,6.0,6.0,,,
iOMnn1hSBO,7.0,Accept,6.80,Accept,Accept,YES,0.0000,0.0000,6.0,8.0,8.0,6.0,6.0,,
Mi45HjlVRj,6.0,Accept,5.75,Reject,Reject,NO,0.0000,0.0000,8.0,5.0,5.0,5.0,,,
zMoNrajk2X,6.5,Accept,8.00,Accept,Accept,YES,0.0000,0.0000,8.0,8.0,8.0,,,,
PBEQIxXDDD,5.5,Reject,4.00,Reject,Reject,YES,0.0000,0.0000,5.0,3.0,3.0,5.0,,,
OQqNieeivq,5.0,Reject,6.60,Accept,Accept,NO,0.0000,0.0000,6.0,8.0,8.0,5.0,6.0,,
fkKW1PK8Ga,4.0,Reject,5.25,Reject,Reject,YES,0.0000,0.0000,6.0,6.0,3.0,6.0,,,
EsjoMaNeVo,7.0,Accept,6.00,Reject,Reject,NO,0.0000,0.0000,5.0,6.0,5.0,8.0,,,
Dnc3paMqDE,5.0,Reject,6.33,Accept,Accept,NO,0.0000,0.0000,5.0,6.0,8.0,,,,
DoB8DmrsSS,6.5,Accept,4.25,Reject,Reject,NO,0.0000,0.0000,3.0,5.0,3.0,6.0,,,
ymqLAmqYHW,3.0,Reject,4.50,Reject,Reject,YES,0.0000,0.0000,6.0,5.0,6.0,1.0,,,
jZPqf2G9Sw,5.5,Reject,5.50,Accept,Accept,NO,0.0000,0.0000,6.0,6.0,5.0,5.0,,,
xNwmWaq2KN,6.0,Accept,5.33,Reject,Reject,NO,0.0000,0.0000,5.0,5.0,6.0,,,,
4OaO3GjP7k,5.0,Reject,7.50,Accept,Accept,NO,0.0000,0.0000,8.0,8.0,6.0,8.0,,,
DuyuAHBk1t,5.5,Accept,5.50,Reject,Reject,NO,0.0000,0.0000,3.0,6.0,8.0,5.0,,,
x3LxHdZX0f,6.5,Accept,5.00,Reject,Reject,NO,0.0000,0.0000,5.0,6.0,3.0,6.0,,,
DjEyXTbEpa,5.0,Reject,5.17,Reject,Reject,YES,0.0000,0.0000,3.0,6.0,6.0,5.0,5.0,6.0,
YfZMfrpEnl,4.5,Reject,5.33,Reject,Reject,YES,0.0000,0.0000,6.0,5.0,5.0,,,,
vESNKdEMGp,5.5,Reject,6.40,Accept,Accept,NO,0.0000,0.0000,8.0,6.0,6.0,6.0,6.0,,
3Z2flzXzBY,5.0,Reject,6.40,Accept,Accept,NO,0.0000,0.0000,6.0,8.0,6.0,6.0,6.0,,
PhnGhO4VfF,5.5,Reject,5.67,Reject,Reject,YES,0.0000,0.0000,6.0,5.0,6.0,,,,
SOXxa4pPGY,5.5,Reject,4.00,Reject,Reject,YES,0.0000,0.0000,3.0,3.0,5.0,5.0,,,
hJ8OQAiTrl,4.5,Reject,5.50,Reject,Reject,YES,0.0000,0.0000,6.0,5.0,5.0,6.0,,,
wHgu98u8Sc,5.5,Reject,4.40,Reject,Reject,YES,0.0000,0.0000,5.0,5.0,6.0,3.0,3.0,,
EBT0oymkZb,5.0,Reject,5.50,Reject,Reject,YES,0.0000,0.0000,5.0,6.0,6.0,5.0,,,
Dn7Ay7rZcH,6.5,Accept,5.50,Reject,Reject,NO,0.0000,0.0000,5.0,3.0,8.0,6.0,,,
FeqxK6PW79,5.0,Reject,4.75,Reject,Reject,YES,0.0000,0.0000,5.0,3.0,5.0,6.0,,,
ON0JjUtw9B,6.0,Reject,4.75,Reject,Reject,YES,0.0000,0.0000,5.0,5.0,6.0,3.0,,,
1t1YSuBv3T,7.0,Accept,4.67,Reject,Reject,NO,0.0000,0.0000,3.0,6.0,5.0,,,,
scdGzuwC9u,5.5,Weak Accept,6.00,Reject,Reject,NO,0.0000,0.0000,6.0,8.0,5.0,5.0,,,
NeKjkOWvwd,5.0,Reject,5.33,Reject,Reject,YES,0.0000,0.0000,5.0,6.0,5.0,,,,
7652tHbbVE,5.0,Reject,5.20,Reject,Reject,YES,0.0000,0.0000,5.0,3.0,6.0,6.0,6.0,,
fBhgu6PsA7,6.0,Accept,5.83,Reject,Reject,NO,0.0000,0.0000,6.0,6.0,6.0,6.0,6.0,5.0,
viNQSOadLg,4.5,Reject,5.67,Reject,Reject,YES,0.0000,0.0000,5.0,6.0,6.0,,,,
ZSbsX1sFo3,5.0,Reject,3.50,Reject,Reject,YES,0.0000,0.0000,3.0,5.0,3.0,3.0,,,
dImD2sgy86,7.5,Accept,6.50,Accept,Accept,YES,0.0000,0.0000,8.0,6.0,6.0,6.0,,,
du7iixIeke,7.0,Accept,4.20,Reject,Reject,NO,0.0000,0.0000,3.0,6.0,1.0,8.0,3.0,,
friHAl5ofG,7.0,Accept,7.50,Accept,Accept,YES,0.0000,0.0000,8.0,6.0,8.0,8.0,,,
tm8s3696Ox,6.0,Reject,5.25,Accept,Accept,NO,0.0000,0.0000,3.0,6.0,6.0,6.0,,,
H03dW4TysQ,6.0,Accept,3.50,Reject,Reject,NO,0.0000,0.0000,3.0,3.0,3.0,5.0,,,
P5icyaAReM,5.5,Reject,4.75,Reject,Reject,YES,0.0000,0.0000,5.0,6.0,5.0,3.0,,,
vZ6r9GMT1n,5.5,Reject,5.75,Accept,Accept,NO,0.0000,0.0000,8.0,6.0,6.0,3.0,,,
Jrb9yXZJKG,5.0,Reject,5.33,Reject,Reject,YES,0.0000,0.0000,5.0,5.0,6.0,,,,
zpBamnxyPm,6.5,Accept,5.75,Reject,Reject,NO,0.0000,0.0000,6.0,6.0,6.0,5.0,,,
Q1u25ahSuy,6.5,Accept,6.50,Accept,Accept,YES,0.0000,0.0000,6.0,6.0,8.0,6.0,,,
p30YulvDbj,4.5,Reject,2.00,Reject,Reject,YES,0.0000,0.0000,3.0,3.0,1.0,1.0,,,
I4iZmsV4HM,3.5,Accept,6.00,Accept,Accept,YES,0.0000,0.0000,6.0,5.0,5.0,8.0,,,
UPyLDIVBNP,4.0,Reject,5.00,Reject,Reject,YES,0.0000,0.0000,3.0,6.0,6.0,,,,
fkKW1PK8Ga,4.5,Reject,5.25,Reject,Reject,YES,0.0000,0.0000,6.0,6.0,3.0,6.0,,,
g16vmAtJ8x,7.0,Accept,6.00,Reject,Reject,NO,0.0000,0.0000,8.0,8.0,6.0,3.0,5.0,,
r5yolhcrHe,6.0,Accept,5.00,Reject,Reject,NO,0.0000,0.0000,3.0,5.0,6.0,5.0,6.0,,
9cQB1Hwrtw,5.0,Reject,6.75,Accept,Accept,NO,0.0000,0.0000,5.0,6.0,8.0,8.0,,,
BdmVgLMvaf,7.0,Accept,6.50,Accept,Accept,YES,0.0000,0.0000,5.0,8.0,8.0,5.0,,,
6xrDPHhwD3,5.0,Reject,6.00,Accept,Accept,NO,0.0000,0.0000,5.0,8.0,3.0,8.0,,,
GDf7vWs701,4.0,Reject,3.50,Reject,Reject,YES,0.0000,0.0000,5.0,1.0,5.0,3.0,,,
BL4WBIfyrz,7.0,Accept,7.50,Accept,Accept,YES,0.0000,0.0000,6.0,8.0,8.0,8.0,,,
ZuYvrjh2od,5.5,Reject,5.00,Reject,Reject,YES,0.0000,0.0000,3.0,5.0,6.0,6.0,,,
dmCGjPFVhF,6.0,Accept,6.00,Accept,Accept,YES,0.0000,0.0000,6.0,6.0,6.0,6.0,,,
Essg9kb4yx,5.0,Reject,6.67,Accept,Accept,NO,0.0000,0.0000,8.0,6.0,6.0,,,,
mWxcEm7jIv,5.0,Reject,4.75,Reject,Reject,YES,0.0000,0.0000,3.0,6.0,5.0,5.0,,,
fErm1seIom,3.5,Reject,3.80,Reject,Reject,YES,0.0000,0.0000,5.0,3.0,3.0,3.0,5.0,,
dZsjj4vQjl,6.5,Accept,4.50,Reject,Reject,NO,0.0000,0.0000,3.0,5.0,5.0,5.0,,,
LixGd92Wri,5.0,Reject,5.67,Reject,Reject,YES,0.0000,0.0000,6.0,3.0,8.0,,,,
ff2V3UR9sC,7.5,Accept,6.75,Accept,Accept,YES,0.0000,0.0000,8.0,8.0,5.0,6.0,,,
TyFrPOKYXw,5.5,Reject,7.50,Accept,Accept,NO,0.0000,0.0000,8.0,8.0,6.0,8.0,,,
SU3lZ8jrRD,6.0,Accept,4.75,Reject,Reject,NO,0.0000,0.0000,5.0,6.0,3.0,5.0,,,
QuGnjxfLBH,6.0,Accept,3.50,Reject,Reject,NO,0.0000,0.0000,3.0,3.0,5.0,3.0,,,
o2Igqm95SJ,5.5,Reject,8.00,Accept,Accept,NO,0.0000,0.0000,8.0,8.0,8.0,8.0,,,
tjNf0L8QjR,6.0,Reject,6.25,Accept,Accept,NO,0.0000,0.0000,6.0,8.0,6.0,5.0,,,
gVWEq7LITG,6.0,Accept,3.50,Reject,Reject,NO,0.0000,0.0000,5.0,3.0,3.0,3.0,,,
xCRr9DrolJ,7.5,Accept,6.25,Accept,Accept,YES,0.0000,0.0000,8.0,3.0,8.0,6.0,,,
2aebB2mf0q,5.5,Reject,3.00,Reject,Reject,YES,0.0000,0.0000,3.0,5.0,1.0,,,,
LbJqRGNYCf,5.5,Reject,5.75,Accept,Accept,NO,0.0000,0.0000,6.0,6.0,6.0,5.0,,,
bMvqccRmKD,5.5,Reject,7.00,Accept,Accept,NO,0.0000,0.0000,6.0,6.0,8.0,8.0,,,
puTxuiK2qO,4.5,Reject,6.25,Accept,Accept,NO,0.0000,0.0000,6.0,5.0,6.0,8.0,,,
sSyytcewxe,7.5,Accept,7.00,Accept,Accept,YES,0.0000,0.0000,8.0,8.0,6.0,6.0,,,
Q8cVivO5k5,6.0,Reject,5.50,Reject,Reject,YES,0.0000,0.0000,3.0,6.0,5.0,8.0,,,
DsEhqQtfAG,6.5,Accept,6.50,Accept,Accept,YES,0.0000,0.0000,6.0,6.0,6.0,8.0,,,
Qro97zWC29,5.0,Reject,6.50,Accept,Accept,NO,0.0000,0.0000,6.0,6.0,6.0,8.0,,,
cuFnNExmdq,6.5,Accept,5.00,Reject,Reject,NO,0.0000,0.0000,6.0,3.0,3.0,8.0,,,
IkmD3fKBPQ,7.0,Accept,6.75,Accept,Accept,YES,0.0000,0.0000,5.0,6.0,8.0,8.0,,,
2uPZ4aX1VV,6.0,Accept,6.75,Accept,Accept,YES,0.0000,0.0000,6.0,5.0,8.0,8.0,,,
BIveOmD1Nh,7.0,Accept,6.33,Accept,Accept,YES,0.0000,0.0000,6.0,5.0,8.0,,,,
jNR6s6OSBT,6.0,Reject,6.75,Accept,Accept,NO,0.0000,0.0000,8.0,5.0,8.0,6.0,,,
86NGO8qeWs,4.5,Reject,6.50,Accept,Accept,NO,0.0000,0.0000,6.0,8.0,6.0,6.0,,,
aZVRFIDhYL,7.0,Accept,3.75,Reject,Reject,NO,0.0000,0.0000,3.0,3.0,6.0,3.0,,,
3baOKeI2EU,5.0,Reject,6.25,Accept,Accept,NO,0.0000,0.0000,8.0,5.0,6.0,6.0,,,
rHbxQebhDd,5.5,Reject,4.25,Reject,Reject,YES,0.0000,0.0000,5.0,5.0,6.0,1.0,,,
385gQZuuuR,6.0,Accept,4.75,Reject,Reject,NO,0.0000,0.0000,6.0,5.0,3.0,5.0,,,
m1bbeUqg3V,5.0,Reject,3.00,Reject,Reject,YES,0.0000,0.0000,3.0,5.0,3.0,1.0,,,
ysQiaWhnCN,4.0,Reject,3.50,Reject,Reject,YES,0.0000,0.0000,3.0,3.0,3.0,5.0,,,
4aywmeb97I,5.5,Accept,7.33,Accept,Accept,YES,0.0000,0.0000,8.0,8.0,6.0,,,,
hFQZmKFtlT,6.5,Accept,3.50,Reject,Reject,NO,0.0000,0.0000,3.0,5.0,3.0,3.0,,,
zwuemuTiN8,6.5,Accept,5.25,Reject,Reject,NO,0.0000,0.0000,6.0,5.0,5.0,5.0,,,
s7lzZpAW7T,5.5,Reject,7.00,Accept,Accept,NO,0.0000,0.0000,6.0,6.0,8.0,8.0,,,
leBbjaUxut,7.5,Accept,5.00,Reject,Reject,NO,0.0000,0.0000,3.0,3.0,6.0,8.0,,,
USI3ZbuFaV,5.0,Reject,6.00,Accept,Accept,NO,0.0000,0.0000,6.0,6.0,6.0,6.0,,,
6I0jPeH5Pw,3.5,Reject,2.50,Reject,Reject,YES,0.0000,0.0000,3.0,3.0,3.0,1.0,,,
HiTg16qhxp,6.0,Accept,5.50,Accept,Accept,YES,0.0000,0.0000,5.0,8.0,3.0,6.0,,,
xQCXInDq0m,5.0,Reject,6.67,Accept,Accept,NO,0.0000,0.0000,8.0,6.0,6.0,,,,
lYXhiCYkPn,6.0,Accept,4.40,Reject,Reject,NO,0.0000,0.0000,3.0,5.0,5.0,3.0,6.0,,
cXxfVkRCHJ,5.0,Reject,3.00,Reject,Reject,YES,0.0000,0.0000,3.0,3.0,3.0,,,,
8FJ6MOiP91,4.5,Reject,3.00,Reject,Reject,YES,0.0000,0.0000,3.0,3.0,3.0,,,,
xHMMt7r3GW,5.0,Reject,5.33,Reject,Reject,YES,0.0000,0.0000,5.0,8.0,3.0,,,,
r2Ji0Bzd4g,5.0,Reject,6.20,Reject,Reject,YES,0.0000,0.0000,6.0,6.0,8.0,5.0,6.0,,
Tigr1kMDZy,7.0,Accept,7.33,Accept,Accept,YES,0.0000,0.0000,8.0,8.0,6.0,,,,
0yXqV8VJKi,6.5,Accept,5.25,Reject,Reject,NO,0.0000,0.0000,6.0,6.0,3.0,6.0,,,
Gv0TOAigIY,5.0,Reject,6.00,Accept,Accept,NO,0.0000,0.0000,6.0,6.0,6.0,6.0,,,
ZyCuQxyPJK,6.0,Reject,4.25,Reject,Reject,YES,0.0000,0.0000,3.0,6.0,3.0,5.0,,,
j4PXHRmA88,6.0,Accept,3.50,Reject,Reject,NO,0.0000,0.0000,5.0,3.0,3.0,3.0,,,
SXtl7NRyE5,7.0,Accept,6.50,Accept,Accept,YES,0.0000,0.0000,6.0,6.0,8.0,6.0,,,
rtCROgWC2o,4.5,Reject,3.75,Reject,Reject,YES,0.0000,0.0000,6.0,3.0,3.0,3.0,,,
PNMv4r7s1i,7.0,Accept,6.50,Accept,Accept,YES,0.0000,0.0000,6.0,6.0,8.0,6.0,,,
8NlUL0Cv1L,5.5,Accept,6.25,Accept,Accept,YES,0.0000,0.0000,5.0,8.0,6.0,6.0,,,
sYJQEgkkaI,5.5,Reject,5.25,Reject,Reject,YES,0.0000,0.0000,5.0,5.0,6.0,5.0,,,
bLhqPxRy3G,6.5,Accept,5.75,Reject,Reject,NO,0.0000,0.0000,6.0,6.0,5.0,6.0,,,
rpouyo09V0,5.5,Reject,6.00,Accept,Accept,NO,0.0000,0.0000,5.0,5.0,8.0,6.0,,,
GtpubstM1D,6.0,Accept,5.71,Accept,Accept,YES,0.0000,0.0000,8.0,1.0,3.0,8.0,8.0,6.0,
5fRlsiNDZR,5.5,Reject,3.50,Reject,Reject,YES,0.0000,0.0000,5.0,3.0,3.0,3.0,,,
DblHBgD0GR,7.0,Accept,5.75,Reject,Reject,NO,0.0000,0.0000,6.0,8.0,6.0,3.0,,,
WGWoRZb0pT,5.0,Reject,4.00,Reject,Reject,YES,0.0000,0.0000,3.0,5.0,3.0,5.0,,,
zkn2tvtt8J,5.5,Accept,4.75,Reject,Reject,NO,0.0000,0.0000,5.0,3.0,3.0,8.0,,,
HTpyexVwlI,6.5,Accept,3.50,Reject,Reject,NO,0.0000,0.0000,5.0,3.0,3.0,3.0,,,
AbJWZp4THG,6.0,Accept,5.00,Reject,Reject,NO,0.0000,0.0000,8.0,3.0,3.0,6.0,,,
qmsX2R19p9,5.5,Reject,6.00,Accept,Accept,NO,0.0000,0.0000,6.0,5.0,5.0,8.0,,,
ADDCErFzev,5.5,Reject,6.00,Accept,Accept,NO,0.0000,0.0000,6.0,6.0,6.0,6.0,,,
QXQiq8JVOB,5.5,Reject,5.25,Reject,Reject,YES,0.0000,0.0000,5.0,5.0,6.0,5.0,,,
4nU3BLG1ni,5.0,Reject,5.00,Reject,Reject,YES,0.0000,0.0000,6.0,3.0,3.0,8.0,5.0,,
eC2ICbECNM,5.5,Reject,6.00,Accept,Accept,NO,0.0000,0.0000,6.0,6.0,6.0,6.0,,,
NYf2XIXUi3,4.5,Reject,4.50,Reject,Reject,YES,0.0000,0.0000,5.0,3.0,5.0,5.0,,,
PzkYyZH9Fx,6.0,Accept,4.50,Reject,Reject,NO,0.0000,0.0000,5.0,5.0,3.0,5.0,,,
IwhvaDrL39,4.5,Reject,5.75,Reject,Reject,YES,0.0000,0.0000,6.0,6.0,5.0,6.0,,,
TwZBQKgwdW,6.5,Accept,5.25,Reject,Reject,NO,0.0000,0.0000,5.0,6.0,5.0,5.0,,,
1CRu6bGx25,4.5,Reject,3.67,Reject,Reject,YES,0.0000,0.0000,3.0,5.0,3.0,,,,
kSISSDUYFh,6.5,Accept,6.33,Accept,Accept,YES,0.0000,0.0000,6.0,5.0,8.0,,,,
cP2W2PJtBj,6.0,Reject,3.67,Reject,Reject,YES,0.0000,0.0000,5.0,3.0,3.0,,,,
WwmtcGr4lP,5.0,Reject,6.80,Accept,Accept,NO,0.0000,0.0000,6.0,6.0,8.0,6.0,8.0,,
3fEKavFsnv,6.5,Accept,6.50,Accept,Accept,YES,0.0000,0.0000,6.0,8.0,6.0,6.0,,,
0T8vCKa7yu,5.5,Reject,3.00,Reject,Reject,YES,0.0000,0.0000,3.0,3.0,3.0,3.0,,,
27YiINkhw3,6.0,Accept,6.00,Reject,Reject,NO,0.0000,0.0000,8.0,6.0,5.0,5.0,,,
nLlBLzPpeG,5.0,Reject,4.75,Reject,Reject,YES,0.0000,0.0000,5.0,6.0,5.0,3.0,,,
Jy0MJYZEuN,6.0,Accept,3.50,Reject,Reject,NO,0.0000,0.0000,3.0,5.0,3.0,3.0,,,
dxJKLozjQl,6.0,Accept,3.00,Reject,Reject,NO,0.0000,0.0000,5.0,1.0,3.0,,,,
ljwoQ3cvQh,7.0,Accept,7.00,Accept,Accept,YES,0.0000,0.0000,8.0,6.0,6.0,8.0,,,
81cta3WQVI,5.0,Reject,6.50,Accept,Accept,NO,0.0000,0.0000,3.0,6.0,6.0,8.0,8.0,8.0,
YhIpTdrUDY,5.0,Reject,4.00,Reject,Reject,YES,0.0000,0.0000,5.0,3.0,5.0,3.0,,,
il5yUQsrjC,5.5,Accept,7.00,Accept,Accept,YES,0.0000,0.0000,6.0,8.0,6.0,8.0,,,
TwBY17Hgiy,6.5,Accept,6.00,Accept,Accept,YES,0.0000,0.0000,6.0,6.0,6.0,6.0,,,
ryKrRCbcCX,4.5,Reject,3.50,Reject,Reject,YES,0.0000,0.0000,3.0,3.0,3.0,5.0,,,
6bKEWevgSd,6.0,Reject,5.75,Accept,Accept,NO,0.0000,0.0000,8.0,5.0,5.0,5.0,,,
jb37oaGZXy,7.0,Accept,5.67,Reject,Reject,NO,0.0000,0.0000,6.0,8.0,3.0,,,,
bgk4O69SoL,5.0,Reject,5.00,Reject,Reject,YES,0.0000,0.0000,3.0,5.0,6.0,6.0,,,
tZdqL5FH7w,6.5,Accept,6.33,Accept,Accept,YES,0.0000,0.0000,8.0,6.0,5.0,,,,
XSVq2z1CU6,7.0,Accept,5.00,Reject,Reject,NO,0.0000,0.0000,3.0,6.0,6.0,5.0,,,
Z28efFRE9r,-1,N/A,5.75,Reject,Reject,N/A,0.0000,0.0000,5.0,6.0,6.0,6.0,,,
wh6pilyz2L,5.5,Accept,5.75,Reject,Reject,NO,0.0000,0.0000,6.0,5.0,6.0,6.0,,,
77plFC53J5,3.0,Reject,3.75,Reject,Reject,YES,0.0000,0.0000,6.0,3.0,3.0,3.0,,,
ufvwhR3XmN,-1,N/A,3.75,Reject,Reject,N/A,0.0000,0.0000,3.0,3.0,3.0,6.0,,,
DexGnh0EcB,5.0,Reject,4.20,Reject,Reject,YES,0.0000,0.0000,3.0,6.0,6.0,3.0,3.0,,
kUsXwE98Cs,6.0,Accept,3.75,Reject,Reject,NO,0.0000,0.0000,6.0,1.0,3.0,5.0,,,
25j2ZEgwTj,4.5,Reject,6.00,Accept,Accept,NO,0.0000,0.0000,6.0,6.0,6.0,,,,
Yufi9fWhj9,6.5,Accept,5.20,Reject,Reject,NO,0.0000,0.0000,6.0,6.0,5.0,3.0,6.0,,
vOFx8HDcvF,7.5,Accept,6.50,Accept,Accept,YES,0.0000,0.0000,8.0,6.0,6.0,6.0,,,
QaQrWKPWdG,7.5,Accept,5.75,Reject,Reject,NO,0.0000,0.0000,6.0,6.0,5.0,6.0,,,
cijOBlCxMa,7.0,Accept,5.67,Reject,Reject,NO,0.0000,0.0000,5.0,6.0,6.0,,,,
CulHdELJ1S,5.0,Reject,4.50,Reject,Reject,YES,0.0000,0.0000,5.0,5.0,3.0,5.0,,,
B9XP2R9LtG,5.5,Reject,5.25,Reject,Reject,YES,0.0000,0.0000,5.0,5.0,6.0,5.0,,,
yHj6EunfVQ,5.0,Reject,5.50,Accept,Accept,NO,0.0000,0.0000,8.0,5.0,6.0,3.0,,,
5CHcmVzbAz,5.0,Reject,5.00,Reject,Reject,YES,0.0000,0.0000,5.0,5.0,5.0,5.0,,,
ns0KIpfQVy,5.0,Reject,5.50,Reject,Reject,YES,0.0000,0.0000,6.0,8.0,3.0,5.0,,,
ipWSxcmgsx,6.0,Accept,3.50,Reject,Reject,NO,0.0000,0.0000,5.0,3.0,3.0,3.0,,,
ByCV9xWfNK,5.5,Accept,6.33,Accept,Accept,YES,0.0000,0.0000,6.0,6.0,8.0,6.0,6.0,6.0,
DzbUL4AJPP,5.0,Reject,5.60,Accept,Accept,NO,0.0000,0.0000,6.0,5.0,6.0,5.0,6.0,,
ugyqNEOjoU,6.5,Accept,5.33,Accept,Accept,YES,0.0000,0.0000,5.0,3.0,8.0,,,,
dKfcntLRjZ,5.0,Reject,4.50,Reject,Reject,YES,0.0000,0.0000,3.0,3.0,6.0,6.0,,,
u14Y236LwX,6.0,Reject,5.00,Reject,Reject,YES,0.0000,0.0000,5.0,6.0,3.0,6.0,,,
8ZLzw5pIrc,5.5,Reject,6.00,Accept,Accept,NO,0.0000,0.0000,6.0,6.0,6.0,5.0,5.0,8.0,
o1RqSVIf3c,5.5,Reject,4.25,Reject,Reject,YES,0.0000,0.0000,3.0,6.0,5.0,3.0,,,
8sfc8MwG5v,6.0,Accept,5.50,Accept,Accept,YES,0.0000,0.0000,6.0,5.0,5.0,6.0,,,
cmcD05NPKa,6.5,Accept,6.00,Accept,Accept,YES,0.0000,0.0000,5.0,8.0,6.0,5.0,,,
xPxHQHDH2u,5.0,Reject,6.50,Accept,Accept,NO,0.0000,0.0000,8.0,6.0,6.0,6.0,,,
lsHmT3Fr65,4.5,Reject,3.67,Reject,Reject,YES,0.0000,0.0000,5.0,3.0,3.0,,,,
qb2QRoE4W3,6.0,Accept,3.00,Reject,Reject,NO,0.0000,0.0000,3.0,3.0,3.0,3.0,,,
x1SfON9HvT,6.0,Accept,3.75,Reject,Reject,NO,0.0000,0.0000,3.0,3.0,6.0,3.0,,,
fk5ePN7YCS,5.0,Reject,3.75,Reject,Reject,YES,0.0000,0.0000,3.0,3.0,6.0,3.0,,,
NxsTjmRAzA,5.5,Reject,5.50,Reject,Reject,YES,0.0000,0.0000,5.0,6.0,5.0,6.0,,,
JIGuWpQcqO,7.0,Accept,3.67,Reject,Reject,NO,0.0000,0.0000,3.0,3.0,5.0,,,,
fnYvczj0OU,6.5,Accept,4.33,Reject,Reject,NO,0.0000,0.0000,5.0,3.0,5.0,,,,
iylpeTI0Ql,7.0,Accept,6.00,Accept,Accept,YES,0.0000,0.0000,6.0,6.0,6.0,,,,
mqVgBbNCm9,7.0,Accept,5.67,Accept,Accept,YES,0.0000,0.0000,3.0,5.0,8.0,6.0,6.0,6.0,
kTjEPEy96Q,4.5,Reject,3.00,Reject,Reject,YES,0.0000,0.0000,5.0,1.0,3.0,3.0,,,
wLnls9LS3x,5.5,Reject,7.00,Accept,Accept,NO,0.0000,0.0000,8.0,6.0,8.0,6.0,,,
85Eej2kUHQ,4.5,Reject,2.33,Reject,Reject,YES,0.0000,0.0000,3.0,1.0,3.0,,,,
y9Xp9NozPR,7.0,Accept,5.50,Accept,Accept,YES,0.0000,0.0000,3.0,5.0,8.0,6.0,,,
euZD4YTXKu,5.5,Reject,3.75,Reject,Reject,YES,0.0000,0.0000,8.0,3.0,3.0,1.0,,,
92GUJzTRXs,5.5,Reject,4.75,Reject,Reject,YES,0.0000,0.0000,5.0,3.0,6.0,5.0,,,
DzxaRFVsgC,5.5,Reject,5.50,Reject,Reject,YES,0.0000,0.0000,5.0,3.0,6.0,8.0,,,
waf6HreC53,5.0,Reject,3.50,Reject,Reject,YES,0.0000,0.0000,3.0,3.0,5.0,3.0,,,
3b9SKkRAKw,5.5,Accept,8.00,Accept,Accept,YES,0.0000,0.0000,8.0,8.0,8.0,8.0,,,
u1cQYxRI1H,5.0,Reject,10.00,Accept,Accept,NO,0.0000,0.0000,10.0,10.0,10.0,10.0,,,
A0W7VCSQev,5.0,Reject,4.75,Reject,Reject,YES,0.0000,0.0000,3.0,5.0,6.0,5.0,,,
Hr3TBaZl4S,6.0,Accept,4.75,Reject,Reject,NO,0.0000,0.0000,5.0,3.0,8.0,3.0,,,
OMFssKwpyo,6.0,Reject,3.80,Reject,Reject,YES,0.0000,0.0000,3.0,3.0,5.0,3.0,5.0,,
hKeHfOUCXL,5.0,Reject,4.25,Reject,Reject,YES,0.0000,0.0000,6.0,5.0,3.0,3.0,,,
4z3IguA4Zg,6.5,Accept,6.00,Accept,Accept,YES,0.0000,0.0000,6.0,6.0,6.0,6.0,,,
ZyLkNVHBZF,6.0,Accept,5.50,Reject,Reject,NO,0.0000,0.0000,8.0,5.0,6.0,3.0,,,
AHnj6YbNbj,6.0,Accept,5.00,Reject,Reject,NO,0.0000,0.0000,5.0,6.0,6.0,3.0,,,
7J0NsFXnFd,6.0,Accept,5.25,Reject,Reject,NO,0.0000,0.0000,6.0,3.0,6.0,6.0,,,
LPDJfudDTM,4.0,Reject,4.00,Reject,Reject,YES,0.0000,0.0000,3.0,5.0,5.0,3.0,,,
NY3HzOOL3u,6.5,Accept,4.00,Reject,Reject,NO,0.0000,0.0000,3.0,5.0,3.0,5.0,,,
85Eej2kUHQ,5.0,Reject,2.33,Reject,Reject,YES,0.0000,0.0000,3.0,1.0,3.0,,,,
o1TKGCrSL7,6.0,Accept,4.75,Reject,Reject,NO,0.0000,0.0000,3.0,6.0,5.0,5.0,,,
OGfyzExd69,7.5,Accept,6.50,Accept,Accept,YES,0.0000,0.0000,6.0,6.0,8.0,6.0,,,
wXSshrxlP4,6.0,Accept,7.33,Accept,Accept,YES,0.0000,0.0000,8.0,8.0,6.0,,,,
P4WnvhVmPV,5.0,Reject,5.00,Reject,Reject,YES,0.0000,0.0000,3.0,6.0,6.0,5.0,,,
KZaEdLM4Gn,5.0,Reject,4.67,Reject,Reject,YES,0.0000,0.0000,5.0,6.0,3.0,,,,
uuPkll6i7m,6.0,Accept,6.75,Accept,Accept,YES,0.0000,0.0000,6.0,8.0,8.0,5.0,,,
kRJNV8RCE3,6.5,Accept,4.75,Reject,Reject,NO,0.0000,0.0000,3.0,5.0,6.0,5.0,,,
yhmVrA8W0v,6.5,Accept,4.60,Reject,Reject,NO,0.0000,0.0000,6.0,6.0,3.0,3.0,5.0,,
QIsnwejVYE,5.5,Reject,5.00,Reject,Reject,YES,0.0000,0.0000,5.0,6.0,3.0,6.0,,,
icUCCz8pAu,6.0,Accept,5.00,Reject,Reject,NO,0.0000,0.0000,5.0,5.0,5.0,5.0,,,
6DHIkLv5i3,5.0,Reject,6.00,Accept,Accept,NO,0.0000,0.0000,5.0,3.0,8.0,8.0,,,
elTJBP7Fbv,5.0,Reject,7.00,Accept,Accept,NO,0.0000,0.0000,6.0,8.0,8.0,6.0,,,
prSJlvWrgE,5.5,Reject,5.75,Reject,Reject,YES,0.0000,0.0000,3.0,8.0,6.0,6.0,,,
OaoDVZntGe,5.0,Reject,4.75,Accept,Accept,NO,0.0000,0.0000,5.0,5.0,3.0,6.0,,,
WjDjem8mWE,6.0,Accept,5.75,Accept,Accept,YES,0.0000,0.0000,6.0,8.0,6.0,3.0,,,
gsShHPxkUW,6.0,Accept,5.75,Accept,Accept,YES,0.0000,0.0000,6.0,6.0,6.0,5.0,,,
SrGP0ILoYa,6.0,Reject,6.25,Reject,Reject,YES,0.0000,0.0000,6.0,6.0,5.0,8.0,,,
4YgfwJBJeQ,5.0,Reject,5.67,Reject,Reject,YES,0.0000,0.0000,5.0,6.0,6.0,,,,
Hh0Cg4epYY,2.0,Reject,2.33,Reject,Reject,YES,0.0000,0.0000,1.0,3.0,3.0,,,,
kJ0qp9Xdsh,7.0,Accept,6.50,Accept,Accept,YES,0.0000,0.0000,6.0,8.0,6.0,6.0,,,
6INCxtPVXd,5.5,Accept,4.00,Reject,Reject,NO,0.0000,0.0000,3.0,5.0,5.0,3.0,,,
Tepaft7632,5.0,Reject,4.80,Reject,Reject,YES,0.0000,0.0000,5.0,3.0,6.0,5.0,5.0,,
vEgLnT9avP,7.0,Accept,5.50,Reject,Reject,NO,0.0000,0.0000,5.0,8.0,6.0,3.0,,,
2tVHNRZuCs,6.0,Accept,6.00,Accept,Accept,YES,0.0000,0.0000,6.0,6.0,6.0,6.0,,,
SZpygmv3G1,6.0,Accept,5.33,Reject,Reject,NO,0.0000,0.0000,3.0,5.0,8.0,,,,
4qRCiEZGKd,5.0,Reject,3.40,Reject,Reject,YES,0.0000,0.0000,3.0,3.0,5.0,3.0,3.0,,
5dpuLgwQ0d,4.0,Reject,4.75,Reject,Reject,YES,0.0000,0.0000,5.0,6.0,3.0,5.0,,,
mssRRt6OPE,5.0,Reject,5.75,Reject,Reject,YES,0.0000,0.0000,6.0,5.0,6.0,6.0,,,
pTyEnkuSQ0,5.0,Reject,5.25,Reject,Reject,YES,0.0000,0.0000,10.0,3.0,5.0,3.0,,,
wLR9d5ZFpY,6.0,Accept,4.00,Reject,Reject,NO,0.0000,0.0000,3.0,3.0,6.0,,,,
5BCFlnfE1g,7.0,Accept,6.75,Accept,Accept,YES,0.0000,0.0000,5.0,8.0,6.0,8.0,,,
p14iRzavpt,6.0,Accept,5.33,Reject,Reject,NO,0.0000,0.0000,5.0,6.0,5.0,,,,
Jq8NPYVxLW,5.5,Accept,5.50,Reject,Reject,NO,0.0000,0.0000,5.0,5.0,6.0,6.0,,,
2kvDzdC5rh,6.5,Accept,4.40,Reject,Reject,NO,0.0000,0.0000,5.0,3.0,6.0,3.0,5.0,,
Pe2lo3QOvo,5.5,Reject,6.25,Accept,Accept,NO,0.0000,0.0000,8.0,5.0,6.0,6.0,,,
NbbsRnPBoS,2.5,Reject,2.33,Reject,Reject,YES,0.0000,0.0000,3.0,1.0,3.0,,,,
M42KR4W9P5,1.0,Reject,6.67,Accept,Accept,NO,0.0000,0.0000,6.0,6.0,8.0,,,,
AuTDvRwAjS,6.0,Accept,3.00,Reject,Reject,NO,0.0000,0.0000,3.0,3.0,3.0,,,,
TOVBglQvhB,5.5,Reject,4.75,Reject,Reject,YES,0.0000,0.0000,3.0,5.0,6.0,5.0,,,
816T4ab9Z5,4.0,Reject,5.80,Reject,Reject,YES,0.0000,0.0000,6.0,8.0,6.0,6.0,3.0,,
uSz2K30RRd,6.0,Accept,7.33,Accept,Accept,YES,0.0000,0.0000,6.0,8.0,8.0,,,,
CbmAtAmQla,7.0,Accept,4.25,Reject,Reject,NO,0.0000,0.0000,5.0,1.0,6.0,5.0,,,
Z56fPyx7GL,7.0,Accept,3.50,Reject,Reject,NO,0.0000,0.0000,3.0,3.0,5.0,3.0,,,
PYQmaU4RwI,5.5,Reject,4.00,Reject,Reject,YES,0.0000,0.0000,1.0,5.0,6.0,,,,
Ke2BEL4csm,5.5,Reject,6.50,Accept,Accept,NO,0.0000,0.0000,6.0,6.0,6.0,8.0,,,
Twyc3qZ3py,5.5,Reject,5.25,Reject,Reject,YES,0.0000,0.0000,5.0,6.0,5.0,5.0,,,
91DFSjAva8,4.5,Reject,4.75,Reject,Reject,YES,0.0000,0.0000,6.0,3.0,5.0,5.0,,,
ob7UrZOJve,6.5,Accept,5.00,Reject,Reject,NO,0.0000,0.0000,3.0,6.0,6.0,5.0,,,
h9TTpQdGKJ,3.5,Reject,4.25,Reject,Reject,YES,0.0000,0.0000,3.0,6.0,5.0,3.0,,,
lgf2LW7fOJ,5.0,Reject,4.50,Reject,Reject,YES,0.0000,0.0000,5.0,5.0,5.0,3.0,,,
B5RrIFMqbe,5.5,Accept,6.50,Accept,Accept,YES,0.0000,0.0000,6.0,8.0,6.0,6.0,,,
oApCZZZ3O4,7.0,Accept,4.20,Reject,Reject,NO,0.0000,0.0000,6.0,5.0,1.0,3.0,6.0,,
bI3fcTsKW4,6.5,Accept,6.25,Accept,Accept,YES,0.0000,0.0000,5.0,8.0,6.0,6.0,,,
7dufGaLYF8,5.0,Reject,4.00,Reject,Reject,YES,0.0000,0.0000,5.0,3.0,5.0,3.0,,,
avlfmW32qO,5.0,Reject,5.00,Reject,Reject,YES,0.0000,0.0000,5.0,3.0,6.0,6.0,,,
BhxsjonZ0z,6.5,Accept,3.33,Reject,Reject,NO,0.0000,0.0000,3.0,6.0,1.0,,,,
njyZgDDeY4,6.0,Accept,4.00,Reject,Reject,NO,0.0000,0.0000,3.0,5.0,3.0,5.0,,,
L6IgkJvcgV,6.5,Accept,7.20,Accept,Accept,YES,0.0000,0.0000,6.0,10.0,8.0,6.0,6.0,,
UCOPY3FZQW,4.5,Reject,3.00,Reject,Reject,YES,0.0000,0.0000,3.0,3.0,3.0,,,,
qazJfAmgOt,5.5,Reject,6.00,Reject,Reject,YES,0.0000,0.0000,5.0,6.0,5.0,8.0,,,
frsg32u0rO,6.5,Accept,6.50,Accept,Accept,YES,0.0000,0.0000,6.0,6.0,8.0,6.0,,,
sLkj91HIZU,7.0,Accept,6.80,Accept,Accept,YES,0.0000,0.0000,8.0,6.0,6.0,8.0,6.0,,
FDQF6A1s6M,5.5,Reject,4.00,Accept,Accept,NO,0.0000,0.0000,3.0,5.0,3.0,6.0,3.0,,
K6iBe17Y16,7.5,Accept,5.40,Reject,Reject,NO,0.0000,0.0000,5.0,6.0,8.0,3.0,5.0,,
ELlBpc0tfb,5.5,Reject,5.67,Reject,Reject,YES,0.0000,0.0000,5.0,6.0,6.0,,,,
T9w5ttdqLV,5.0,Reject,5.33,Reject,Reject,YES,0.0000,0.0000,6.0,5.0,5.0,,,,
Xg6JWb1Oxt,6.0,Accept,6.00,Reject,Reject,NO,0.0000,0.0000,6.0,6.0,5.0,6.0,5.0,8.0,
kE1TVeolWv,6.5,Accept,4.25,Reject,Reject,NO,0.0000,0.0000,6.0,5.0,3.0,3.0,,,
inpLTODeA6,5.0,Reject,4.25,Reject,Reject,YES,0.0000,0.0000,3.0,3.0,6.0,5.0,,,
yGv5GzlBwr,5.5,Reject,5.25,Reject,Reject,YES,0.0000,0.0000,5.0,8.0,5.0,3.0,,,
DDAtRS5Ngf,6.5,Accept,5.00,Reject,Reject,NO,0.0000,0.0000,3.0,6.0,6.0,5.0,,,
gxhRR8vUQb,5.0,Weak Accept,7.00,Accept,Accept,NO,0.0000,0.0000,8.0,8.0,6.0,6.0,,,
4ZhUKd05QM,6.0,Accept,3.80,Reject,Reject,NO,0.0000,0.0000,3.0,5.0,3.0,3.0,5.0,,
JOHhktXd4a,7.5,Accept,5.40,Reject,Reject,NO,0.0000,0.0000,5.0,6.0,6.0,5.0,5.0,,
gTsLBDMZrL,6.0,Accept,5.50,Reject,Reject,NO,0.0000,0.0000,5.0,6.0,6.0,5.0,,,
d23EVDRJ6g,6.0,Reject,6.00,Accept,Accept,NO,0.0000,0.0000,8.0,8.0,3.0,5.0,,,
YuYxoaL7YX,7.0,Accept,3.00,Reject,Reject,NO,0.0000,0.0000,3.0,3.0,3.0,,,,
myYzr50xBh,6.0,Accept,5.80,Accept,Accept,YES,0.0000,0.0000,5.0,6.0,6.0,6.0,6.0,,
kiwyQsZIGP,7.5,Accept,5.00,Reject,Reject,NO,0.0000,0.0000,6.0,3.0,8.0,3.0,,,
1JgWwOW3EN,4.5,Reject,4.80,Reject,Reject,YES,0.0000,0.0000,10.0,1.0,5.0,3.0,5.0,,
qq0zZMC4SM,5.0,Reject,5.00,Reject,Reject,YES,0.0000,0.0000,8.0,3.0,3.0,6.0,,,
dOwmtbn6ZO,6.0,Accept,4.40,Reject,Reject,NO,0.0000,0.0000,8.0,3.0,3.0,5.0,3.0,,
RzY9qQHUXy,5.5,Accept,6.75,Accept,Accept,YES,0.0000,0.0000,8.0,5.0,6.0,8.0,,,
TvkvWjxj3T,6.0,Accept,4.75,Reject,Reject,NO,0.0000,0.0000,5.0,5.0,3.0,6.0,,,
Fb93MfxX7T,5.5,Reject,4.75,Reject,Reject,YES,0.0000,0.0000,5.0,6.0,5.0,3.0,,,
SThJXvucjQ,7.5,Accept,6.67,Accept,Accept,YES,0.0000,0.0000,8.0,6.0,6.0,,,,
2GcR9bO620,5.0,Reject,7.00,Accept,Accept,NO,0.0000,0.0000,8.0,8.0,6.0,6.0,,,
qA4foxO5Gf,7.0,Accept,6.25,Accept,Accept,YES,0.0000,0.0000,5.0,6.0,8.0,6.0,,,
CupHThqQl3,6.0,Accept,4.75,Reject,Reject,NO,0.0000,0.0000,6.0,5.0,3.0,5.0,,,
rYTlmSlxia,5.5,Reject,4.75,Reject,Reject,YES,0.0000,0.0000,5.0,3.0,6.0,5.0,,,
LuytzzohTa,5.5,Accept,5.60,Reject,Reject,NO,0.0000,0.0000,5.0,5.0,5.0,5.0,8.0,,
7m5jhNXklB,6.0,Accept,5.33,Reject,Reject,NO,0.0000,0.0000,5.0,6.0,5.0,,,,
QMkYEau02q,5.0,Reject,4.25,Reject,Reject,YES,0.0000,0.0000,5.0,3.0,3.0,6.0,,,
JZOPwrRYtI,6.0,Accept,5.00,Reject,Reject,NO,0.0000,0.0000,6.0,3.0,6.0,5.0,5.0,,
7fxzVTSgZC,7.0,Accept,6.25,Reject,Reject,NO,0.0000,0.0000,6.0,8.0,5.0,6.0,,,
TjP1d8PP8l,5.5,Reject,6.50,Accept,Accept,NO,0.0000,0.0000,6.0,6.0,8.0,6.0,,,
hP4iZU8I3Y,7.5,Accept,5.67,Reject,Reject,NO,0.0000,0.0000,6.0,5.0,6.0,,,,
gCYFtUKXSc,5.0,Reject,4.00,Reject,Reject,YES,0.0000,0.0000,3.0,5.0,5.0,3.0,,,
aJnKjvTtPq,5.0,Reject,5.00,Reject,Reject,YES,0.0000,0.0000,5.0,5.0,5.0,5.0,5.0,,
PxL35zAxvT,6.0,Accept,4.67,Reject,Reject,NO,0.0000,0.0000,3.0,6.0,5.0,,,,
wq4AeBWQJ4,6.0,Reject,3.50,Reject,Reject,YES,0.0000,0.0000,3.0,3.0,3.0,5.0,,,
09TI1yUo9K,5.0,Reject,4.50,Reject,Reject,YES,0.0000,0.0000,5.0,5.0,5.0,3.0,,,
kRaWc3Hk0q,5.5,Accept,4.50,Reject,Reject,NO,0.0000,0.0000,5.0,3.0,5.0,5.0,,,
cbttLtO94Q,5.5,Reject,6.25,Accept,Accept,NO,0.0000,0.0000,6.0,5.0,6.0,8.0,,,
lHBQrqVYji,5.0,Reject,5.00,Reject,Reject,YES,0.0000,0.0000,3.0,6.0,5.0,6.0,,,
bKswCSYkKq,5.5,Reject,3.00,Reject,Reject,YES,0.0000,0.0000,3.0,3.0,3.0,3.0,,,
e2YOVTenU9,5.0,Reject,5.67,Accept,Accept,NO,0.0000,0.0000,6.0,8.0,3.0,,,,
QzQSR56JZr,6.0,Accept,5.67,Reject,Reject,NO,0.0000,0.0000,8.0,3.0,6.0,,,,
7gGl6HB5Zd,5.5,Accept,6.50,Accept,Accept,YES,0.0000,0.0000,8.0,6.0,6.0,6.0,,,
30oIfmrcFO,5.5,Reject,6.25,Accept,Accept,NO,0.0000,0.0000,8.0,6.0,6.0,5.0,,,
vQ0zFYJaMo,5.5,Reject,5.33,Reject,Reject,YES,0.0000,0.0000,6.0,5.0,5.0,,,,
2J18i8T0oI,6.5,Accept,6.50,Accept,Accept,YES,0.0000,0.0000,6.0,6.0,8.0,6.0,,,
a2tU4ykVA9,7.0,Accept,5.50,Reject,Reject,NO,0.0000,0.0000,3.0,6.0,8.0,5.0,,,
XaqaitclOA,4.5,Reject,5.00,Reject,Reject,YES,0.0000,0.0000,3.0,5.0,6.0,6.0,,,
awHTL3Hpto,7.5,Accept,6.33,Accept,Accept,YES,0.0000,0.0000,8.0,5.0,6.0,,,,
MHQMZ8FOL5,4.0,Accept,5.50,Reject,Reject,NO,0.0000,0.0000,6.0,5.0,6.0,5.0,,,
GQhlM0Mavg,6.0,Accept,5.00,Reject,Reject,NO,0.0000,0.0000,5.0,3.0,6.0,6.0,,,
PabAln0jjB,6.0,Accept,4.67,Reject,Reject,NO,0.0000,0.0000,3.0,5.0,6.0,,,,
6bAfAcuuZD,5.0,Reject,5.50,Reject,Reject,YES,0.0000,0.0000,3.0,3.0,8.0,8.0,,,
TwJrTz9cRS,6.0,Reject,8.00,Accept,Accept,NO,0.0000,0.0000,8.0,8.0,8.0,,,,
iM7MfzbF1B,6.5,Accept,5.00,Reject,Reject,NO,0.0000,0.0000,6.0,6.0,3.0,5.0,,,
PbheqxnO1e,6.5,Accept,7.00,Accept,Accept,YES,0.0000,0.0000,5.0,8.0,8.0,,,,
WOzffPgVjF,5.5,Reject,7.50,Accept,Accept,NO,0.0000,0.0000,8.0,8.0,6.0,8.0,,,
UNHU7uO2qM,6.0,Accept,6.00,Reject,Reject,NO,0.0000,0.0000,6.0,6.0,6.0,6.0,,,
6vtGG0WMne,6.0,Accept,4.50,Reject,Reject,NO,0.0000,0.0000,6.0,6.0,3.0,3.0,,,
Ey8KcabBpB,6.0,Accept,6.75,Accept,Accept,YES,0.0000,0.0000,6.0,8.0,8.0,5.0,,,
g7xZkiHcGO,7.0,Accept,5.00,Reject,Reject,NO,0.0000,0.0000,5.0,3.0,6.0,5.0,6.0,,
Cf0K6jgzZt,5.5,Accept,5.33,Reject,Reject,NO,0.0000,0.0000,5.0,6.0,5.0,,,,
YZEzVR5awV,6.0,Accept,5.75,Reject,Reject,NO,0.0000,0.0000,6.0,5.0,6.0,6.0,,,
sMkvcg1i1u,1.0,Reject,4.00,Reject,Reject,YES,0.0000,0.0000,5.0,3.0,5.0,3.0,,,
9tMzqRaEL3,5.0,Reject,4.50,Reject,Reject,YES,0.0000,0.0000,3.0,5.0,5.0,5.0,,,
jfTrsqRrpb,7.0,Accept,4.75,Reject,Reject,NO,0.0000,0.0000,3.0,5.0,6.0,5.0,,,
50RNY6uM2Q,5.5,Reject,4.20,Reject,Reject,YES,0.0000,0.0000,5.0,3.0,3.0,5.0,5.0,,
GN921JHCRw,6.0,Accept,7.00,Accept,Accept,YES,0.0000,0.0000,6.0,6.0,8.0,8.0,,,
HkB4bW5eJj,6.0,Reject,4.25,Reject,Reject,YES,0.0000,0.0000,5.0,5.0,1.0,6.0,,,
VWBYDo5NaM,6.5,Accept,4.33,Reject,Reject,NO,0.0000,0.0000,5.0,3.0,5.0,,,,
v9fQfQ85oG,3.0,Reject,4.75,Reject,Reject,YES,0.0000,0.0000,5.0,3.0,5.0,6.0,,,
5HCnKDeTws,5.5,Accept,6.75,Accept,Accept,YES,0.0000,0.0000,6.0,8.0,5.0,8.0,,,
qUZY7ymDPr,6.0,Accept,4.80,Reject,Reject,NO,0.0000,0.0000,6.0,6.0,3.0,6.0,3.0,,
cx46JSD2qn,7.0,Accept,3.80,Reject,Reject,NO,0.0000,0.0000,5.0,5.0,5.0,1.0,3.0,,
cbttLtO94Q,6.0,Accept,6.25,Accept,Accept,YES,0.0000,0.0000,6.0,5.0,6.0,8.0,,,
2BfZMh9td4,6.0,Accept,4.25,Reject,Reject,NO,0.0000,0.0000,5.0,1.0,6.0,5.0,,,
rmLTwKGiSP,5.0,Reject,5.25,Reject,Reject,YES,0.0000,0.0000,6.0,6.0,6.0,3.0,,,
adSGeugiuj,5.5,Reject,5.75,Accept,Accept,NO,0.0000,0.0000,8.0,6.0,3.0,6.0,,,
nrvoWOWcyg,6.5,Accept,6.50,Accept,Accept,YES,0.0000,0.0000,6.0,8.0,6.0,6.0,,,
8ishA3LxN8,7.5,Accept,6.50,Accept,Accept,YES,0.0000,0.0000,6.0,8.0,6.0,6.0,,,
tZozeR3VV7,6.0,Accept,6.33,Accept,Accept,YES,0.0000,0.0000,6.0,5.0,8.0,,,,
tDIL7UXmSS,4.5,Reject,6.50,Accept,Accept,NO,0.0000,0.0000,6.0,6.0,6.0,8.0,,,
CEkIyshNbC,4.5,Reject,4.50,Accept,Accept,NO,0.0000,0.0000,5.0,3.0,5.0,5.0,,,
Z756zcjNcC,5.5,Reject,4.50,Reject,Reject,YES,0.0000,0.0000,3.0,3.0,6.0,6.0,,,
Ro3EBZiKhT,5.5,Reject,4.25,Reject,Reject,YES,0.0000,0.0000,5.0,3.0,3.0,6.0,,,
J8LYjgi7nH,4.5,Reject,3.50,Reject,Reject,YES,0.0000,0.0000,3.0,3.0,5.0,3.0,,,
wqi85OBVLE,4.0,Reject,3.50,Reject,Reject,YES,0.0000,0.0000,3.0,3.0,3.0,5.0,,,
b77ML9nALL,5.0,Reject,4.75,Reject,Reject,YES,0.0000,0.0000,6.0,5.0,3.0,5.0,,,
eiF7TU1E8E,6.5,Accept,6.00,Accept,Accept,YES,0.0000,0.0000,6.0,6.0,,,,,
DIuSX4HqDZ,5.0,Reject,5.00,Reject,Reject,YES,0.0000,0.0000,5.0,5.0,6.0,6.0,3.0,,
WVLBWiKxjM,2.0,Reject,3.00,Reject,Reject,YES,0.0000,0.0000,5.0,3.0,1.0,3.0,3.0,,
Y5mm3Yb36I,4.0,Reject,4.50,Reject,Reject,YES,0.0000,0.0000,5.0,3.0,5.0,5.0,,,
f3jySJpEFT,6.0,Accept,6.33,Accept,Accept,YES,0.0000,0.0000,8.0,6.0,5.0,,,,
XA9A8mkFqa,5.0,Reject,3.50,Reject,Reject,YES,0.0000,0.0000,5.0,1.0,3.0,5.0,,,
uqLQjtSdFN,5.5,Accept,3.57,Reject,Reject,NO,0.0000,0.0000,5.0,3.0,3.0,3.0,5.0,3.0,
L0evcuybH5,6.0,Accept,6.75,Accept,Accept,YES,0.0000,0.0000,6.0,8.0,8.0,5.0,,,
ywgwArtbDq,4.0,Reject,3.00,Reject,Reject,YES,0.0000,0.0000,3.0,3.0,1.0,5.0,,,
4N7v4w2r3b,6.5,Accept,5.25,Reject,Reject,NO,0.0000,0.0000,5.0,5.0,6.0,5.0,,,
RofU5v2BvZ,6.0,Accept,5.50,Reject,Reject,NO,0.0000,0.0000,5.0,6.0,6.0,5.0,,,
9Qptgv0Eyw,5.0,Reject,3.40,Reject,Reject,YES,0.0000,0.0000,5.0,1.0,3.0,5.0,3.0,,
p1TBYyqy8v,5.0,Reject,6.60,Accept,Accept,NO,0.0000,0.0000,8.0,6.0,8.0,6.0,5.0,,
RwhRZojoYw,5.5,Reject,3.75,Reject,Reject,YES,0.0000,0.0000,3.0,6.0,3.0,3.0,,,
ZkpDdCQUC4,6.0,Reject,4.60,Reject,Reject,YES,0.0000,0.0000,3.0,6.0,6.0,3.0,5.0,,
09iOdaeOzp,7.0,Accept,6.00,Accept,Accept,YES,0.0000,0.0000,5.0,8.0,5.0,6.0,,,
trKee5pIFv,6.0,Reject,6.00,Accept,Accept,NO,0.0000,0.0000,6.0,6.0,6.0,6.0,,,
FDfq0RRkuz,5.0,Reject,5.50,Reject,Reject,YES,0.0000,0.0000,5.0,6.0,6.0,5.0,,,
iKI7wT6fCP,5.5,Reject,4.40,Reject,Reject,YES,0.0000,0.0000,3.0,6.0,5.0,5.0,3.0,,
NqkSUwMc0K,6.0,Reject,3.60,Reject,Reject,YES,0.0000,0.0000,1.0,8.0,3.0,3.0,3.0,,
XN6ZPINdSg,7.0,Accept,6.40,Accept,Accept,YES,0.0000,0.0000,6.0,6.0,6.0,6.0,8.0,,
TPtzZQyiFm,5.0,Reject,6.00,Reject,Reject,YES,0.0000,0.0000,8.0,6.0,5.0,5.0,,,
5ZEbpBYGwH,7.0,Accept,7.25,Accept,Accept,YES,0.0000,0.0000,5.0,8.0,8.0,8.0,,,
uC003NHlEi,5.0,Reject,5.50,Reject,Reject,YES,0.0000,0.0000,8.0,3.0,6.0,5.0,,,
1Njl73JKjB,5.0,Reject,7.00,Accept,Accept,NO,0.0000,0.0000,8.0,6.0,6.0,8.0,,,
eBgIzHaegm,7.0,Accept,4.25,Reject,Reject,NO,0.0000,0.0000,5.0,6.0,3.0,3.0,,,
cTG25RXtJA,6.0,Accept,4.50,Reject,Reject,NO,0.0000,0.0000,5.0,5.0,5.0,3.0,,,
vNrTYz1rXH,5.5,Reject,4.33,Reject,Reject,YES,0.0000,0.0000,3.0,5.0,5.0,,,,
3ogIALgghF,5.0,Reject,7.00,Accept,Accept,NO,0.0000,0.0000,8.0,6.0,6.0,8.0,,,
QhjosARfay,6.5,Accept,6.00,Reject,Reject,NO,0.0000,0.0000,8.0,6.0,5.0,5.0,,,
6EadiKkfgR,5.0,Reject,5.25,Reject,Reject,YES,0.0000,0.0000,5.0,6.0,5.0,5.0,,,
ToWKyjwDqO,7.0,Accept,5.00,Reject,Reject,NO,0.0000,0.0000,3.0,3.0,8.0,6.0,,,
DUfwD5yiN4,5.0,Reject,5.25,Reject,Reject,YES,0.0000,0.0000,5.0,8.0,3.0,5.0,,,
zSwH0Wo2wo,6.0,Accept,5.25,Reject,Reject,NO,0.0000,0.0000,5.0,3.0,8.0,5.0,,,
As2ZyaNoHa,5.5,Reject,3.33,Reject,Reject,YES,0.0000,0.0000,3.0,1.0,6.0,,,,
vsYt8UHGzI,7.0,Accept,4.33,Reject,Reject,NO,0.0000,0.0000,5.0,3.0,5.0,5.0,5.0,3.0,
WK6K1FMEQ1,5.5,Accept,6.75,Accept,Accept,YES,0.0000,0.0000,5.0,8.0,8.0,6.0,,,
89l6VLPrin,6.0,Accept,5.33,Reject,Reject,NO,0.0000,0.0000,5.0,5.0,6.0,,,,
okD9dbifxa,6.0,Accept,5.83,Reject,Reject,NO,0.0000,0.0000,5.0,6.0,5.0,8.0,6.0,5.0,
4g0PUEAHg0,6.0,Accept,3.50,Reject,Reject,NO,0.0000,0.0000,5.0,1.0,5.0,3.0,,,
uikf2Ue0XQ,6.0,Accept,5.50,Reject,Reject,NO,0.0000,0.0000,6.0,5.0,5.0,6.0,,,
SBzIbJojs8,7.0,Accept,6.00,Accept,Accept,YES,0.0000,0.0000,6.0,6.0,6.0,6.0,,,
RVrINT6MT7,6.0,Accept,5.75,Accept,Accept,YES,0.0000,0.0000,5.0,6.0,6.0,6.0,,,
VIEbRFp6s3,6.0,Accept,5.80,Reject,Reject,NO,0.0000,0.0000,6.0,6.0,6.0,5.0,6.0,,
XRtyVELwr6,5.0,Reject,6.25,Accept,Accept,NO,0.0000,0.0000,6.0,5.0,6.0,8.0,,,
BSsyY29bcl,6.5,Reject,5.80,Reject,Reject,YES,0.0000,0.0000,8.0,5.0,6.0,5.0,5.0,,
3GurO0kRue,6.0,Reject,6.50,Accept,Accept,NO,0.0000,0.0000,6.0,8.0,6.0,6.0,,,
kbm6tsICar,6.5,Accept,6.50,Accept,Accept,YES,0.0000,0.0000,8.0,6.0,6.0,6.0,,,
KeRwLLwZaw,6.5,Accept,6.00,Accept,Accept,YES,0.0000,0.0000,6.0,6.0,6.0,6.0,,,
z9FXRHoQdc,5.5,Reject,4.75,Reject,Reject,YES,0.0000,0.0000,5.0,6.0,5.0,3.0,,,
tBZK9BI2GZ,6.0,Accept,4.50,Reject,Reject,NO,0.0000,0.0000,5.0,5.0,5.0,3.0,,,
wSErgkwDZO,5.0,Reject,4.00,Reject,Reject,YES,0.0000,0.0000,6.0,3.0,3.0,3.0,5.0,,
KY8ZNcljVU,6.0,Accept,7.33,Accept,Accept,YES,0.0000,0.0000,8.0,8.0,6.0,,,,
L1FeTLOwzr,6.5,Accept,5.25,Reject,Reject,NO,0.0000,0.0000,5.0,5.0,6.0,5.0,,,
NDMLjEJoLb,4.5,Reject,4.75,Reject,Reject,YES,0.0000,0.0000,5.0,3.0,8.0,3.0,,,
506Sxc0Adp,5.0,Reject,4.00,Reject,Reject,YES,0.0000,0.0000,3.0,6.0,1.0,6.0,,,
1qbZekXGrp,6.0,Accept,6.50,Accept,Accept,YES,0.0000,0.0000,6.0,6.0,8.0,6.0,,,
Tn8EQIFIMQ,5.5,Reject,7.00,Accept,Accept,NO,0.0000,0.0000,8.0,6.0,6.0,8.0,,,
YhT1ZemZow,5.0,Reject,4.50,Reject,Reject,YES,0.0000,0.0000,3.0,3.0,6.0,6.0,,,
BjaHYhr7VS,5.5,Reject,4.75,Reject,Reject,YES,0.0000,0.0000,6.0,5.0,3.0,5.0,,,
PC5WxcMRs8,5.5,Reject,4.00,Reject,Reject,YES,0.0000,0.0000,3.0,5.0,3.0,5.0,,,
I2ZYngkRW6,7.0,Accept,4.25,Reject,Reject,NO,0.0000,0.0000,3.0,3.0,5.0,6.0,,,
4y6Q98hJzr,5.5,Accept,4.00,Reject,Reject,NO,0.0000,0.0000,5.0,3.0,3.0,5.0,,,
h6ktwCPYxE,5.0,Reject,6.00,Accept,Accept,NO,0.0000,0.0000,5.0,6.0,8.0,5.0,,,
6cQ6cBqzV3,5.0,Reject,5.75,Accept,Accept,NO,0.0000,0.0000,8.0,6.0,6.0,3.0,,,
MeGDmZjUXy,5.5,Reject,6.33,Accept,Accept,NO,0.0000,0.0000,8.0,5.0,6.0,,,,
jdFoxDnBwY,6.0,Accept,4.80,Reject,Reject,NO,0.0000,0.0000,5.0,6.0,5.0,5.0,3.0,,
LVmafig6Tk,5.0,Reject,5.00,Reject,Reject,YES,0.0000,0.0000,3.0,6.0,6.0,5.0,,,
WNvvwK0tut,7.5,Accept,6.50,Accept,Accept,YES,0.0000,0.0000,6.0,8.0,6.0,6.0,,,
HA0oLUvuGI,6.0,Accept,6.25,Accept,Accept,YES,0.0000,0.0000,5.0,8.0,6.0,6.0,,,
5RUM1aIdok,5.5,Reject,6.75,Accept,Accept,NO,0.0000,0.0000,8.0,5.0,8.0,6.0,,,
uWHPW0sXFK,5.0,Reject,3.50,Reject,Reject,YES,0.0000,0.0000,3.0,3.0,3.0,5.0,,,
7TXdglI1g0,7.0,Accept,5.20,Reject,Reject,NO,0.0000,0.0000,5.0,3.0,6.0,6.0,6.0,,
mliQ2huFrZ,6.0,Accept,7.25,Accept,Accept,YES,0.0000,0.0000,5.0,8.0,8.0,8.0,,,
FE2e8664Sl,6.5,Accept,7.00,Accept,Accept,YES,0.0000,0.0000,8.0,8.0,5.0,,,,
4y3GDTFv70,5.0,Reject,3.25,Reject,Reject,YES,0.0000,0.0000,3.0,1.0,3.0,6.0,,,
BLWaTeucYX,5.5,Reject,6.00,Accept,Accept,NO,0.0000,0.0000,6.0,6.0,6.0,6.0,,,
uIKZSStON3,5.0,Reject,7.25,Accept,Accept,NO,0.0000,0.0000,8.0,5.0,8.0,8.0,,,
sMkvcg1i1u,1.0,Reject,4.00,Reject,Reject,YES,0.0000,0.0000,5.0,3.0,5.0,3.0,,,
CrOHzVtWmH,7.0,Accept,3.80,Reject,Reject,NO,0.0000,0.0000,3.0,5.0,5.0,3.0,3.0,,
hqxzi4d3Ws,4.5,Reject,3.00,Reject,Reject,YES,0.0000,0.0000,3.0,3.0,3.0,3.0,,,
4sJJixGIZX,7.0,Accept,5.00,Reject,Reject,NO,0.0000,0.0000,6.0,6.0,5.0,3.0,,,
1djnGJnaiy,6.5,Accept,5.00,Reject,Reject,NO,0.0000,0.0000,6.0,3.0,6.0,,,,
R2OzZWOkjz,5.0,Reject,3.80,Reject,Reject,YES,0.0000,0.0000,5.0,3.0,3.0,5.0,3.0,,
2snKOc7TVp,6.5,Accept,5.75,Accept,Accept,YES,0.0000,0.0000,6.0,3.0,8.0,6.0,,,
MUTTUDKb3M,5.0,Reject,5.50,Reject,Reject,YES,0.0000,0.0000,5.0,6.0,5.0,6.0,,,
Cf4FJGmHRQ,7.0,Accept,6.00,Accept,Accept,YES,0.0000,0.0000,6.0,6.0,6.0,,,,
KNQJtoPZmz,5.5,Reject,3.00,Reject,Reject,YES,0.0000,0.0000,3.0,3.0,3.0,3.0,,,
jx6njBKH8E,5.5,Reject,5.75,Reject,Reject,YES,0.0000,0.0000,6.0,6.0,5.0,6.0,,,
yBZd6mCWXd,5.5,Reject,5.33,Reject,Reject,YES,0.0000,0.0000,5.0,5.0,6.0,,,,
E2PFv7ad3p,7.0,Accept,6.67,Accept,Accept,YES,0.0000,0.0000,8.0,6.0,6.0,,,,
iBExhaU3Lc,7.0,Accept,7.00,Accept,Accept,YES,0.0000,0.0000,6.0,8.0,8.0,6.0,,,
Kg0IDQF3wp,4.5,Reject,4.67,Reject,Reject,YES,0.0000,0.0000,5.0,6.0,3.0,,,,
YONCcPQJoC,5.5,Weak Reject,4.75,Reject,Reject,NO,0.0000,0.0000,3.0,8.0,3.0,5.0,,,
VtYfbvwpWp,7.0,Accept,5.60,Accept,Accept,YES,0.0000,0.0000,8.0,3.0,5.0,6.0,6.0,,
vbmSSIhKAM,6.0,Accept,6.60,Accept,Accept,YES,0.0000,0.0000,8.0,8.0,3.0,8.0,6.0,,
vLJg4wgBPu,5.0,Reject,4.25,Reject,Reject,YES,0.0000,0.0000,3.0,5.0,3.0,6.0,,,
hss35aoQ1Y,5.5,Accept,5.75,Accept,Accept,YES,0.0000,0.0000,6.0,6.0,6.0,5.0,,,
sRb9sddBy2,6.5,Accept,4.50,Reject,Reject,NO,0.0000,0.0000,5.0,5.0,3.0,5.0,,,
22pyNMuIoa,7.0,Accept,5.75,Accept,Accept,YES,0.0000,0.0000,6.0,8.0,3.0,6.0,,,
lFzUHGebeb,5.0,Reject,2.00,Reject,Reject,YES,0.0000,0.0000,1.0,1.0,3.0,3.0,,,
ykt6I21YQZ,6.0,Accept,4.75,Reject,Reject,NO,0.0000,0.0000,5.0,6.0,5.0,3.0,,,
M6fYrICcQs,5.0,Reject,6.00,Accept,Accept,NO,0.0000,0.0000,6.0,6.0,6.0,6.0,,,
hMEHnLJyrU,5.0,Reject,3.75,Reject,Reject,YES,0.0000,0.0000,3.0,5.0,6.0,1.0,,,
eJhgguibXu,2.0,Reject,2.50,Reject,Reject,YES,0.0000,0.0000,3.0,3.0,3.0,1.0,,,
nfKfAzkiez,7.0,Accept,5.75,Accept,Accept,YES,0.0000,0.0000,6.0,6.0,5.0,6.0,,,
2TiU1JTdSQ,6.0,Reject,5.00,Reject,Reject,YES,0.0000,0.0000,6.0,3.0,5.0,6.0,,,
ix7rLVHXyY,6.5,Accept,7.25,Accept,Accept,YES,0.0000,0.0000,8.0,8.0,5.0,8.0,,,
4WM0OogPTx,6.0,Accept,6.75,Accept,Accept,YES,0.0000,0.0000,8.0,6.0,5.0,8.0,,,
IRjT0AmsDI,4.5,Reject,4.50,Reject,Reject,YES,0.0000,0.0000,5.0,3.0,5.0,5.0,,,
owokKCrGYr,6.0,Accept,5.75,Accept,Accept,YES,0.0000,0.0000,5.0,6.0,6.0,6.0,,,
qoYogklIPz,6.0,Reject,6.75,Accept,Accept,NO,0.0000,0.0000,5.0,8.0,6.0,8.0,,,
8OrXrdPbef,5.0,Reject,4.25,Reject,Reject,YES,0.0000,0.0000,5.0,1.0,6.0,5.0,,,
Y5LjYI4N6P,5.0,Reject,6.75,Accept,Accept,NO,0.0000,0.0000,8.0,6.0,8.0,5.0,,,
T1pUS4GZZq,6.5,Accept,5.75,Reject,Reject,NO,0.0000,0.0000,5.0,6.0,6.0,6.0,,,
jVsXDLIt45,5.5,Accept,5.67,Reject,Reject,NO,0.0000,0.0000,5.0,6.0,6.0,,,,
TrKRpaOk8y,7.0,Accept,6.40,Accept,Accept,YES,0.0000,0.0000,6.0,6.0,6.0,8.0,6.0,,
T7ZVzuObcj,6.5,Accept,5.50,Reject,Reject,NO,0.0000,0.0000,6.0,5.0,6.0,5.0,,,
VLuJL8cnGk,6.5,Accept,5.00,Reject,Reject,NO,0.0000,0.0000,5.0,8.0,3.0,6.0,3.0,,
q8H9t10Vsy,5.5,Reject,4.00,Reject,Reject,YES,0.0000,0.0000,3.0,5.0,5.0,3.0,,,
Dtxc7mlKRg,6.0,Reject,4.60,Reject,Reject,YES,0.0000,0.0000,3.0,5.0,6.0,6.0,3.0,,
udfjje2xXb,5.0,Reject,3.40,Reject,Reject,YES,0.0000,0.0000,5.0,3.0,3.0,3.0,3.0,,
4b1cJHn7q5,6.5,Accept,3.50,Reject,Reject,NO,0.0000,0.0000,5.0,3.0,3.0,3.0,,,
cpGPPLLYYx,7.5,Accept,6.50,Accept,Accept,YES,0.0000,0.0000,6.0,6.0,6.0,8.0,,,
w73feIekdO,5.0,Reject,3.25,Reject,Reject,YES,0.0000,0.0000,3.0,6.0,1.0,3.0,,,
72nCh5JtLQ,5.0,Reject,5.75,Reject,Reject,YES,0.0000,0.0000,8.0,6.0,6.0,3.0,,,
H9plefjzuR,5.5,Reject,4.00,Reject,Reject,YES,0.0000,0.0000,3.0,6.0,5.0,3.0,3.0,,
gDcL7cgZBt,5.0,Reject,7.00,Accept,Accept,NO,0.0000,0.0000,8.0,8.0,6.0,6.0,,,
BZYIEw4mcY,5.0,Reject,6.00,Accept,Accept,NO,0.0000,0.0000,6.0,6.0,6.0,6.0,,,
VJDFhkwQg6,7.0,Accept,5.00,Reject,Reject,NO,0.0000,0.0000,6.0,5.0,6.0,3.0,,,
3m6VqesEMw,5.0,Reject,6.00,Reject,Reject,YES,0.0000,0.0000,6.0,5.0,5.0,8.0,,,
UC1UD0EIWn,7.0,Accept,5.00,Reject,Reject,NO,0.0000,0.0000,5.0,5.0,5.0,5.0,,,
DhdqML3FdM,4.5,Reject,7.00,Accept,Accept,NO,0.0000,0.0000,6.0,6.0,8.0,8.0,,,
r0QqfaCkF8,6.0,Accept,4.33,Reject,Reject,NO,0.0000,0.0000,5.0,5.0,3.0,,,,
4VHiptx7xe,6.5,Accept,6.25,Accept,Accept,YES,0.0000,0.0000,6.0,8.0,6.0,5.0,,,
UHDSE86qiG,5.5,Reject,4.50,Reject,Reject,YES,0.0000,0.0000,5.0,3.0,5.0,5.0,,,
EE2tIwKhSW,7.0,Accept,5.50,Reject,Reject,NO,0.0000,0.0000,6.0,5.0,6.0,5.0,,,
hKZfzVZ999,5.5,Accept,4.75,Reject,Reject,NO,0.0000,0.0000,8.0,5.0,3.0,3.0,,,
PdA9HAxO4w,6.0,Weak Accept,5.00,Reject,Reject,NO,0.0000,0.0000,3.0,6.0,5.0,6.0,,,
FDve8qGH3M,5.5,Reject,5.00,Reject,Reject,YES,0.0000,0.0000,5.0,6.0,3.0,6.0,,,
b89OyrljJD,7.0,Accept,3.67,Reject,Reject,NO,0.0000,0.0000,3.0,3.0,5.0,,,,
yP0iKsinmk,5.5,Reject,5.50,Reject,Reject,YES,0.0000,0.0000,6.0,5.0,6.0,5.0,,,
vQxqcVGrhR,6.0,Accept,6.00,Accept,Accept,YES,0.0000,0.0000,6.0,6.0,6.0,6.0,,,
pwlm6Po61I,5.5,Reject,5.67,Reject,Reject,YES,0.0000,0.0000,5.0,6.0,6.0,,,,
tp1QiTH2aa,5.5,Reject,4.50,Reject,Reject,YES,0.0000,0.0000,3.0,5.0,5.0,5.0,,,
OMFssKwpyo,5.5,Reject,3.80,Reject,Reject,YES,0.0000,0.0000,3.0,3.0,5.0,3.0,5.0,,
K4JHTZ13G3,6.5,Accept,5.33,Reject,Reject,NO,0.0000,0.0000,5.0,5.0,6.0,,,,
5VK1UulEbE,5.5,Accept,4.20,Reject,Reject,NO,0.0000,0.0000,3.0,5.0,3.0,5.0,5.0,,
B9177IHxCL,6.0,Accept,4.25,Reject,Reject,NO,0.0000,0.0000,3.0,3.0,8.0,3.0,,,
dp1BH2bK4Y,5.0,Reject,3.00,Reject,Reject,YES,0.0000,0.0000,3.0,3.0,3.0,,,,
dWEDLUmddV,6.5,Accept,5.33,Reject,Reject,NO,0.0000,0.0000,5.0,6.0,5.0,,,,
tlH4vDii0E,4.0,Reject,5.60,Reject,Reject,YES,0.0000,0.0000,6.0,6.0,5.0,5.0,6.0,,
fvo6q86NKG,4.5,Reject,4.00,Reject,Reject,YES,0.0000,0.0000,1.0,3.0,5.0,8.0,3.0,,
1xG3MN1RRW,6.0,Accept,5.20,Reject,Reject,NO,0.0000,0.0000,6.0,6.0,6.0,5.0,3.0,,
BYWVwmbqwK,7.0,Accept,5.00,Reject,Reject,NO,0.0000,0.0000,5.0,5.0,5.0,5.0,,,
umggmAFhRD,6.0,Accept,4.25,Reject,Reject,NO,0.0000,0.0000,3.0,5.0,6.0,3.0,,,
F61IzZl5jw,5.5,Reject,4.00,Reject,Reject,YES,0.0000,0.0000,5.0,5.0,1.0,5.0,,,
0mdUV1pLGP,5.5,Reject,3.50,Reject,Reject,YES,0.0000,0.0000,3.0,3.0,5.0,3.0,,,
QHROe7Mfcb,5.5,Reject,4.67,Accept,Accept,NO,0.0000,0.0000,3.0,6.0,5.0,,,,
fsEzHMqbkf,4.5,Reject,5.75,Reject,Reject,YES,0.0000,0.0000,6.0,8.0,6.0,3.0,,,
1wRXUROlzY,4.5,Reject,4.67,Reject,Reject,YES,0.0000,0.0000,3.0,6.0,5.0,,,,
Q3oAX9HoH2,6.5,Accept,4.00,Reject,Reject,NO,0.0000,0.0000,5.0,3.0,3.0,5.0,,,
0UvlnHgaii,5.5,Reject,6.00,Accept,Accept,NO,0.0000,0.0000,6.0,6.0,6.0,,,,
4dtwyV7XyW,7.0,Accept,3.00,Reject,Reject,NO,0.0000,0.0000,5.0,1.0,3.0,3.0,,,
7essnmWOK5,5.5,Reject,3.50,Reject,Reject,YES,0.0000,0.0000,3.0,3.0,5.0,3.0,,,
MtzHEqqUm0,5.5,Reject,3.50,Reject,Reject,YES,0.0000,0.0000,5.0,3.0,3.0,3.0,,,
ckicHjoTgf,7.0,Accept,4.00,Reject,Reject,NO,0.0000,0.0000,5.0,3.0,3.0,5.0,,,
GvsCOOPxoI,1.0,Reject,6.17,Reject,Reject,YES,0.0000,0.0000,5.0,5.0,8.0,8.0,5.0,6.0,
B1nfjxZI6z,6.0,Accept,4.25,Reject,Reject,NO,0.0000,0.0000,3.0,3.0,3.0,8.0,,,
oKGDfMrD4A,6.5,Accept,5.75,Reject,Reject,NO,0.0000,0.0000,6.0,6.0,5.0,6.0,,,
zONMuIVCAT,5.5,Reject,7.00,Accept,Accept,NO,0.0000,0.0000,8.0,8.0,6.0,6.0,,,
lA6du4Q0Zc,6.5,Accept,3.75,Reject,Reject,NO,0.0000,0.0000,6.0,5.0,3.0,1.0,,,
moWiYJuSGF,4.5,Reject,6.00,Accept,Accept,NO,0.0000,0.0000,6.0,6.0,6.0,6.0,,,
lqHv6dxBkj,6.0,Accept,5.67,Accept,Accept,YES,0.0000,0.0000,6.0,5.0,6.0,,,,
rrdNQZRHEm,5.5,Reject,5.43,Reject,Reject,YES,0.0000,0.0000,6.0,8.0,5.0,5.0,5.0,6.0,
1ctV3yry3B,4.0,Reject,3.00,Reject,Reject,YES,0.0000,0.0000,1.0,3.0,5.0,3.0,3.0,,
duyA42HlCK,6.5,Reject,5.25,Accept,Accept,NO,0.0000,0.0000,1.0,6.0,8.0,6.0,,,
Pj2qEVzufH,5.5,Reject,6.00,Accept,Accept,NO,0.0000,0.0000,6.0,6.0,6.0,,,,
v49jqwmGtM,5.5,Reject,5.25,Reject,Reject,YES,0.0000,0.0000,5.0,6.0,5.0,5.0,,,
d9iHI1eimo,7.5,Accept,6.00,Accept,Accept,YES,0.0000,0.0000,6.0,6.0,6.0,6.0,,,
EG9nDN3eGB,7.5,Accept,6.67,Accept,Accept,YES,0.0000,0.0000,6.0,6.0,8.0,,,,
svp1EBA6hA,5.5,Accept,6.50,Accept,Accept,YES,0.0000,0.0000,6.0,6.0,8.0,6.0,,,
GjfIZan5jN,6.0,Reject,7.33,Accept,Accept,NO,0.0000,0.0000,8.0,8.0,8.0,6.0,8.0,6.0,
X6W5eqhzDx,6.0,Accept,4.67,Reject,Reject,NO,0.0000,0.0000,6.0,5.0,3.0,,,,
2hI3o9GHMq,6.0,Accept,4.33,Reject,Reject,NO,0.0000,0.0000,5.0,3.0,5.0,,,,
GEcwtMk1uA,7.0,Accept,7.33,Accept,Accept,YES,0.0000,0.0000,8.0,8.0,6.0,,,,
OeH6Fdhv7q,6.0,Accept,6.50,Accept,Accept,YES,0.0000,0.0000,6.0,6.0,6.0,8.0,,,
2Oiee202rd,5.0,Reject,6.00,Accept,Accept,NO,0.0000,0.0000,6.0,5.0,5.0,8.0,,,
O7wTfBLSFn,4.5,Reject,5.00,Reject,Reject,YES,0.0000,0.0000,5.0,6.0,5.0,6.0,3.0,,
5BjQOUXq7i,4.5,Reject,7.20,Accept,Accept,NO,0.0000,0.0000,8.0,8.0,6.0,6.0,8.0,,
oZ8FmnLpCA,5.5,Reject,4.50,Reject,Reject,YES,0.0000,0.0000,3.0,5.0,5.0,5.0,,,
Aq35gl2c1k,5.0,Reject,5.00,Accept,Accept,NO,0.0000,0.0000,5.0,1.0,6.0,8.0,,,
E4flIscNE6,5.0,Reject,4.50,Reject,Reject,YES,0.0000,0.0000,5.0,5.0,3.0,5.0,,,
iTm4H6N4aG,5.0,Reject,6.25,Accept,Accept,NO,0.0000,0.0000,8.0,6.0,6.0,5.0,,,
2ZK8zyIt7o,6.0,Accept,5.75,Accept,Accept,YES,0.0000,0.0000,8.0,3.0,6.0,6.0,,,
3ZdGSTxKuy,5.0,Reject,2.00,Reject,Reject,YES,0.0000,0.0000,3.0,3.0,1.0,1.0,,,
OJUcOLOLXL,7.0,Accept,4.50,Reject,Reject,NO,0.0000,0.0000,3.0,3.0,6.0,6.0,,,
N8tJmhCw25,7.5,Accept,6.00,Accept,Accept,YES,0.0000,0.0000,6.0,6.0,6.0,,,,
I9aemDuy5b,5.0,Reject,3.50,Reject,Reject,YES,0.0000,0.0000,5.0,3.0,3.0,3.0,,,
PfZekmXRjN,5.5,Reject,4.00,Reject,Reject,YES,0.0000,0.0000,3.0,6.0,3.0,,,,
LxkgScfHKf,5.5,Reject,4.50,Reject,Reject,YES,0.0000,0.0000,5.0,5.0,3.0,5.0,,,
30oIfmrcFO,5.5,Accept,6.25,Accept,Accept,YES,0.0000,0.0000,8.0,6.0,6.0,5.0,,,
8S14xeFQAY,5.0,Reject,4.67,Reject,Reject,YES,0.0000,0.0000,6.0,5.0,3.0,,,,
qZwtPEw2qN,7.5,Accept,6.80,Accept,Accept,YES,0.0000,0.0000,6.0,6.0,8.0,8.0,6.0,,
fUHoUXGUZp,5.5,Reject,5.50,Reject,Reject,YES,0.0000,0.0000,5.0,3.0,6.0,8.0,,,
kOtFuzoA93,5.0,Reject,4.00,Reject,Reject,YES,0.0000,0.0000,3.0,5.0,3.0,5.0,,,
qhkEOCcVX9,7.0,Accept,6.25,Accept,Accept,YES,0.0000,0.0000,3.0,8.0,8.0,6.0,,,
AN6PIiObp0,5.0,Reject,4.83,Reject,Reject,YES,0.0000,0.0000,5.0,5.0,5.0,6.0,3.0,5.0,
tSmkYZ8vU7,5.5,Reject,4.75,Reject,Reject,YES,0.0000,0.0000,3.0,5.0,5.0,6.0,,,
z3mPLBLfGY,7.0,Accept,6.00,Reject,Reject,NO,0.0000,0.0000,5.0,8.0,5.0,6.0,,,
c4OGMNyzPT,6.5,Reject,6.50,Accept,Accept,NO,0.0000,0.0000,6.0,6.0,6.0,8.0,,,
UZS6D7GfP1,6.0,Accept,3.50,Reject,Reject,NO,0.0000,0.0000,3.0,3.0,5.0,3.0,,,
cQCrBJHy0C,5.5,Reject,5.75,Reject,Reject,YES,0.0000,0.0000,5.0,5.0,8.0,5.0,,,
Ep0TtjVoap,7.5,Accept,6.75,Accept,Accept,YES,0.0000,0.0000,8.0,8.0,5.0,6.0,,,
GT4gMdvVFp,6.0,Reject,5.50,Reject,Reject,YES,0.0000,0.0000,5.0,6.0,5.0,6.0,,,
E4A7KtLB21,4.5,Reject,4.00,Reject,Reject,YES,0.0000,0.0000,3.0,5.0,5.0,3.0,,,
py34636XvR,6.5,Accept,5.60,Reject,Reject,NO,0.0000,0.0000,6.0,5.0,6.0,5.0,6.0,,
ZbOSRZ0JXH,6.5,Accept,3.00,Reject,Reject,NO,0.0000,0.0000,3.0,3.0,3.0,3.0,3.0,,
llFXOrEbG5,5.0,Reject,3.50,Reject,Reject,YES,0.0000,0.0000,5.0,3.0,1.0,5.0,,,
idpV2AqusC,5.0,Accept,4.00,Reject,Reject,NO,0.0000,0.0000,1.0,6.0,6.0,3.0,,,
mb2ryuZ3wz,5.0,Reject,5.75,Accept,Accept,NO,0.0000,0.0000,6.0,5.0,6.0,6.0,,,
2E2q9t1MFp,2.0,Reject,4.67,Reject,Reject,YES,0.0000,0.0000,5.0,3.0,6.0,,,,
Sqf4jqKrQy,6.0,Accept,4.25,Reject,Reject,NO,0.0000,0.0000,3.0,6.0,3.0,5.0,,,
6325Jzc9eR,5.5,Reject,5.20,Reject,Reject,YES,0.0000,0.0000,5.0,5.0,6.0,5.0,5.0,,
E2CR6hmV1I,6.0,Accept,3.00,Reject,Reject,NO,0.0000,0.0000,3.0,3.0,3.0,3.0,,,
i0VqD2KaYt,6.0,Accept,6.25,Reject,Reject,NO,0.0000,0.0000,8.0,6.0,5.0,6.0,,,
l6QnSQizmN,5.5,Reject,7.25,Accept,Accept,NO,0.0000,0.0000,8.0,8.0,8.0,5.0,,,
iUD9FklwQf,6.0,Accept,5.25,Reject,Reject,NO,0.0000,0.0000,5.0,6.0,5.0,5.0,,,
sOte83GogU,6.0,Accept,6.25,Accept,Accept,YES,0.0000,0.0000,8.0,6.0,5.0,6.0,,,
MVe2dnWPCu,6.0,Accept,7.50,Accept,Accept,YES,0.0000,0.0000,6.0,8.0,8.0,8.0,,,
SPu6k4OZkj,5.5,Accept,5.25,Reject,Reject,NO,0.0000,0.0000,3.0,8.0,5.0,5.0,,,
xxaEhwC1I4,7.5,Accept,6.67,Accept,Accept,YES,0.0000,0.0000,6.0,6.0,8.0,,,,
HfXDrAzFvG,6.0,Accept,6.00,Accept,Accept,YES,0.0000,0.0000,6.0,6.0,6.0,,,,
KvaDHPhhir,6.5,Accept,6.25,Accept,Accept,YES,0.0000,0.0000,8.0,6.0,5.0,6.0,,,
6XUSDvBFkV,6.5,Accept,6.00,Accept,Accept,YES,0.0000,0.0000,6.0,5.0,8.0,5.0,,,
Svy1XoOLXj,6.0,Accept,5.50,Reject,Reject,NO,0.0000,0.0000,6.0,5.0,6.0,5.0,,,
UQ0RqfhgCk,5.0,Reject,6.80,Accept,Accept,NO,0.0000,0.0000,6.0,8.0,6.0,8.0,6.0,,
uaMSBJDnRv,7.5,Accept,7.00,Accept,Accept,YES,0.0000,0.0000,8.0,6.0,8.0,6.0,,,
FDMlGhExFp,6.0,Accept,5.25,Reject,Reject,NO,0.0000,0.0000,3.0,5.0,5.0,8.0,,,
LnLySuf1vp,7.0,Accept,5.25,Accept,Accept,YES,0.0000,0.0000,3.0,6.0,6.0,6.0,,,
6Ire5JaobL,6.0,Accept,5.33,Reject,Reject,NO,0.0000,0.0000,5.0,6.0,5.0,,,,
Ur4LqAOXIF,4.5,Reject,3.50,Reject,Reject,YES,0.0000,0.0000,5.0,3.0,3.0,3.0,,,
IWHvZE3V9L,7.0,Accept,3.50,Reject,Reject,NO,0.0000,0.0000,3.0,3.0,5.0,3.0,,,
0AHkdAtFW8,6.0,Accept,5.60,Reject,Reject,NO,0.0000,0.0000,6.0,6.0,6.0,5.0,5.0,,
jhPvuc7kxB,5.5,Reject,6.50,Accept,Accept,NO,0.0000,0.0000,6.0,8.0,6.0,6.0,,,
psG83N6GZi,4.5,Reject,4.25,Reject,Reject,YES,0.0000,0.0000,3.0,6.0,5.0,3.0,,,
ViY73s6j6Q,4.5,Reject,4.33,Reject,Reject,YES,0.0000,0.0000,5.0,5.0,3.0,,,,
2qLSkTuqrb,4.5,Reject,4.75,Reject,Reject,YES,0.0000,0.0000,5.0,3.0,6.0,5.0,,,
bGkPZtisSm,5.0,Reject,5.25,Reject,Reject,YES,0.0000,0.0000,5.0,5.0,5.0,6.0,,,
ylhiMfpqkm,7.0,Accept,7.00,Accept,Accept,YES,0.0000,0.0000,6.0,8.0,6.0,8.0,,,
ElYRG3pJcv,4.5,Reject,4.25,Reject,Reject,YES,0.0000,0.0000,3.0,3.0,6.0,5.0,,,
69Fp4dcmJN,6.5,Accept,7.33,Accept,Accept,YES,0.0000,0.0000,8.0,6.0,8.0,,,,
Sc382pFw86,6.0,Accept,5.25,Reject,Reject,NO,0.0000,0.0000,5.0,5.0,6.0,5.0,,,
fRmfDqZ2yq,5.0,Reject,5.25,Reject,Reject,YES,0.0000,0.0000,5.0,5.0,6.0,5.0,,,
4CFVPCYfJ9,5.0,Reject,6.00,Reject,Reject,YES,0.0000,0.0000,5.0,8.0,5.0,6.0,,,
TkXisc47la,6.0,Reject,3.50,Reject,Reject,YES,0.0000,0.0000,3.0,5.0,3.0,3.0,,,
UYqssWc7TC,7.0,Accept,3.67,Reject,Reject,NO,0.0000,0.0000,5.0,3.0,3.0,,,,
kNPcOaqC5r,7.5,Accept,5.75,Accept,Accept,YES,0.0000,0.0000,5.0,8.0,5.0,5.0,,,
tUM39YTRxH,6.5,Reject,7.00,Accept,Accept,NO,0.0000,0.0000,8.0,6.0,8.0,6.0,,,
ZPCBcR7Drg,5.0,Reject,5.00,Reject,Reject,YES,0.0000,0.0000,5.0,6.0,3.0,6.0,5.0,,
zEhTnQZB3D,4.5,Reject,2.33,Reject,Reject,YES,0.0000,0.0000,3.0,3.0,1.0,,,,
RL7PycCtAO,5.0,Reject,5.75,Accept,Accept,NO,0.0000,0.0000,6.0,6.0,6.0,5.0,,,
Iv4NCR9wzg,5.0,Reject,3.50,Reject,Reject,YES,0.0000,0.0000,3.0,3.0,3.0,5.0,,,
wLR9d5ZFpY,6.0,Accept,4.00,Reject,Reject,NO,0.0000,0.0000,3.0,3.0,6.0,,,,
esh9JYzmTq,4.5,Reject,4.67,Reject,Reject,YES,0.0000,0.0000,5.0,3.0,6.0,,,,
fvTaoyH96Z,4.5,Reject,2.33,Reject,Reject,YES,0.0000,0.0000,3.0,3.0,1.0,,,,
htDczodFN5,5.5,Reject,6.50,Accept,Accept,NO,0.0000,0.0000,6.0,6.0,6.0,8.0,,,
vJwjWyt4Ed,6.5,Accept,5.40,Accept,Accept,YES,0.0000,0.0000,6.0,6.0,6.0,6.0,3.0,,
2H6KhX1kJr,5.0,Reject,3.00,Reject,Reject,YES,0.0000,0.0000,3.0,3.0,3.0,3.0,,,
QC2qE1tcmd,5.0,Reject,6.80,Accept,Accept,NO,0.0000,0.0000,8.0,8.0,6.0,6.0,6.0,,
FR2WQcwjG4,7.5,Accept,5.60,Reject,Reject,NO,0.0000,0.0000,6.0,5.0,8.0,6.0,3.0,,
xzKFnsJIXL,6.0,Accept,6.50,Accept,Accept,YES,0.0000,0.0000,6.0,6.0,8.0,6.0,,,
XpU1twhp3u,7.0,Accept,3.50,Reject,Reject,NO,0.0000,0.0000,3.0,5.0,3.0,3.0,,,
e9iRAkEJQ1,5.5,Reject,4.75,Reject,Reject,YES,0.0000,0.0000,3.0,5.0,8.0,3.0,,,
16kG5aNleS,5.5,Reject,6.25,Accept,Accept,NO,0.0000,0.0000,6.0,6.0,8.0,5.0,,,
I5lcjmFmlc,5.5,Reject,8.00,Reject,Reject,YES,0.0000,0.0000,8.0,8.0,8.0,,,,
eNCyY81aW6,5.5,Reject,5.00,Reject,Reject,YES,0.0000,0.0000,3.0,6.0,3.0,8.0,,,
QyNN5n37nK,6.5,Accept,5.75,Reject,Reject,NO,0.0000,0.0000,6.0,6.0,5.0,6.0,,,
4RHdGVimNA,7.0,Accept,3.50,Reject,Reject,NO,0.0000,0.0000,3.0,3.0,3.0,5.0,,,
o0BEth0Po3,5.0,Reject,4.00,Reject,Reject,YES,0.0000,0.0000,3.0,5.0,6.0,3.0,3.0,,
pBugl1EIkm,6.0,Accept,3.50,Reject,Reject,NO,0.0000,0.0000,3.0,3.0,3.0,5.0,,,
4wk2eOKGvh,6.0,Accept,6.50,Accept,Accept,YES,0.0000,0.0000,6.0,6.0,8.0,6.0,,,
ZjuEPZJsa3,5.5,Reject,5.75,Reject,Reject,YES,0.0000,0.0000,8.0,6.0,3.0,6.0,,,
GLmOWcqvE3,4.5,Reject,5.25,Reject,Reject,YES,0.0000,0.0000,5.0,5.0,5.0,6.0,,,
9spNhEw6qf,5.5,Reject,3.50,Reject,Reject,YES,0.0000,0.0000,3.0,5.0,3.0,3.0,,,
Frhj9T7ihK,5.0,Reject,3.00,Reject,Reject,YES,0.0000,0.0000,3.0,1.0,3.0,5.0,,,
3Gga05Jdmj,6.0,Borderline Accept,6.00,Accept,Accept,NO,0.0000,0.0000,6.0,6.0,6.0,6.0,,,
3i4OShnmnG,4.5,Reject,3.75,Reject,Reject,YES,0.0000,0.0000,3.0,3.0,3.0,6.0,,,
krx55l2A6G,7.0,Accept,6.20,Accept,Accept,YES,0.0000,0.0000,6.0,6.0,6.0,8.0,5.0,,
ztpy1gsUpT,6.0,Accept,6.00,Accept,Accept,YES,0.0000,0.0000,6.0,6.0,6.0,6.0,,,
LemSSn8htt,6.0,Accept,6.67,Accept,Accept,YES,0.0000,0.0000,6.0,6.0,8.0,,,,
DUkYDXqxKp,6.5,Accept,4.75,Reject,Reject,NO,0.0000,0.0000,6.0,5.0,3.0,5.0,,,
DJRd4IQHGQ,7.0,Accept,5.25,Reject,Reject,NO,0.0000,0.0000,5.0,5.0,5.0,6.0,,,
C5u71ph75Q,5.5,Weak Accept,5.67,Reject,Reject,NO,0.0000,0.0000,5.0,6.0,6.0,,,,
Bx5kcMkb8l,4.5,Reject,3.00,Reject,Reject,YES,0.0000,0.0000,3.0,3.0,3.0,,,,
QRgT26JlAx,5.5,Reject,5.25,Reject,Reject,YES,0.0000,0.0000,5.0,3.0,5.0,8.0,,,
iN7EIQRUbF,6.0,Accept,5.00,Reject,Reject,NO,0.0000,0.0000,5.0,5.0,5.0,5.0,,,
kuhIqeVg0e,5.5,Reject,5.75,Accept,Accept,NO,0.0000,0.0000,5.0,6.0,6.0,6.0,,,
gw4hYNFUIC,5.5,Reject,3.75,Reject,Reject,YES,0.0000,0.0000,3.0,6.0,3.0,3.0,,,
4hPwLg7zD3,6.0,Reject,6.25,Accept,Accept,NO,0.0000,0.0000,6.0,5.0,6.0,8.0,,,
31UkFGMy8t,5.5,Reject,5.25,Reject,Reject,YES,0.0000,0.0000,8.0,3.0,5.0,5.0,,,
7xCSK9BLPy,6.0,Accept,7.33,Accept,Accept,YES,0.0000,0.0000,8.0,6.0,8.0,,,,
CpgWRFqxhD,5.0,Reject,4.67,Reject,Reject,YES,0.0000,0.0000,3.0,6.0,5.0,,,,
ut9aUpFZFr,6.0,Accept,4.67,Reject,Reject,NO,0.0000,0.0000,5.0,6.0,3.0,,,,
QB8dHqVoDw,5.5,Accept,4.75,Reject,Reject,NO,0.0000,0.0000,5.0,5.0,3.0,6.0,,,
rOpK0ToM3o,5.5,Reject,4.25,Reject,Reject,YES,0.0000,0.0000,3.0,3.0,6.0,5.0,,,
TId1SHe8JG,6.0,Accept,7.50,Accept,Accept,YES,0.0000,0.0000,8.0,8.0,8.0,6.0,,,
VUA9LSmC2r,5.5,Reject,4.00,Reject,Reject,YES,0.0000,0.0000,3.0,5.0,3.0,5.0,,,
VTG68CNUCf,5.0,Reject,4.00,Reject,Reject,YES,0.0000,0.0000,3.0,3.0,5.0,5.0,,,
84Hk01tFKq,6.0,Reject,5.75,Reject,Reject,YES,0.0000,0.0000,5.0,8.0,5.0,5.0,,,
kUveo5k1GF,6.5,Accept,6.25,Accept,Accept,YES,0.0000,0.0000,6.0,8.0,6.0,5.0,,,
OBUQNASaWw,5.5,Reject,5.40,Accept,Accept,NO,0.0000,0.0000,5.0,8.0,6.0,5.0,3.0,,
RcmJ9NpqeA,4.5,Reject,5.00,Reject,Reject,YES,0.0000,0.0000,5.0,5.0,5.0,5.0,,,
dWEDLUmddV,6.0,Accept,5.33,Reject,Reject,NO,0.0000,0.0000,5.0,6.0,5.0,,,,
ipQrjRsl11,5.5,Reject,6.20,Accept,Accept,NO,0.0000,0.0000,6.0,8.0,5.0,6.0,6.0,,
TroV1cbgoG,6.0,Accept,5.33,Reject,Reject,NO,0.0000,0.0000,5.0,6.0,5.0,,,,
ESM2ixIp3X,7.0,Accept,3.50,Reject,Reject,NO,0.0000,0.0000,3.0,3.0,5.0,3.0,,,
ulaUJFd96G,6.5,Accept,6.25,Accept,Accept,YES,0.0000,0.0000,8.0,6.0,3.0,8.0,,,
NPViqdhTIi,5.5,Reject,4.75,Reject,Reject,YES,0.0000,0.0000,3.0,8.0,3.0,5.0,,,
53xxT3LwJB,5.0,Reject,5.25,Reject,Reject,YES,0.0000,0.0000,5.0,5.0,5.0,6.0,,,
qDMyhAxok3,6.5,Accept,4.67,Reject,Reject,NO,0.0000,0.0000,6.0,3.0,5.0,,,,
ISqx8giekS,5.5,Reject,5.17,Accept,Accept,NO,0.0000,0.0000,6.0,6.0,6.0,3.0,5.0,5.0,
vszlHtUvSR,5.5,Reject,3.00,Reject,Reject,YES,0.0000,0.0000,1.0,3.0,5.0,,,,
V5ns6uvRZ9,7.0,Accept,6.00,Accept,Accept,YES,0.0000,0.0000,8.0,5.0,5.0,,,,
WzCEiBILHu,5.5,Reject,7.50,Accept,Accept,NO,0.0000,0.0000,8.0,8.0,8.0,6.0,,,
APWIZgehDT,6.0,Reject,6.00,Reject,Reject,YES,0.0000,0.0000,6.0,6.0,6.0,6.0,,,
ToVvoHpk4L,6.5,Accept,4.33,Reject,Reject,NO,0.0000,0.0000,5.0,3.0,5.0,,,,
MRYyOaNxh3,6.5,Accept,6.50,Accept,Accept,YES,0.0000,0.0000,6.0,6.0,8.0,6.0,,,
DwcV654WBP,7.0,Accept,6.50,Reject,Reject,NO,0.0000,0.0000,5.0,8.0,5.0,8.0,,,
70YeidEcYR,5.5,Accept,5.25,Reject,Reject,NO,0.0000,0.0000,3.0,6.0,6.0,6.0,,,
7mdi1i1mSd,5.5,Reject,5.40,Reject,Reject,YES,0.0000,0.0000,3.0,6.0,8.0,5.0,5.0,,
xA8WW2dlTX,5.0,Reject,4.40,Reject,Reject,YES,0.0000,0.0000,6.0,5.0,3.0,5.0,3.0,,
ejEIlXRShF,5.5,Reject,5.00,Reject,Reject,YES,0.0000,0.0000,8.0,6.0,3.0,3.0,5.0,,
eUEMjwh5wK,5.5,Reject,6.00,Accept,Accept,NO,0.0000,0.0000,6.0,6.0,6.0,6.0,,,
xawA8X5dHq,5.5,Reject,4.00,Reject,Reject,YES,0.0000,0.0000,3.0,3.0,5.0,5.0,,,
38E4yUbrgr,5.0,Reject,6.00,Accept,Accept,NO,0.0000,0.0000,6.0,8.0,3.0,8.0,5.0,,
mmGc0TR8zB,6.5,Accept,5.50,Reject,Reject,NO,0.0000,0.0000,3.0,5.0,6.0,8.0,,,
yj9lLwMjnE,6.5,Accept,6.00,Accept,Accept,YES,0.0000,0.0000,5.0,5.0,8.0,6.0,6.0,,
DTqx3iqjkz,8.0,Accept,6.25,Accept,Accept,YES,0.0000,0.0000,5.0,6.0,6.0,8.0,,,
UyBMzsFThf,7.0,Accept,5.25,Reject,Reject,NO,0.0000,0.0000,5.0,5.0,5.0,6.0,,,
YRXDl6I3j5,6.0,Accept,3.67,Reject,Reject,NO,0.0000,0.0000,5.0,1.0,5.0,,,,
7oT1X8xjIk,6.0,Reject,5.80,Reject,Reject,YES,0.0000,0.0000,6.0,5.0,5.0,8.0,5.0,,
Xn4Je0CxC6,5.5,Reject,3.50,Reject,Reject,YES,0.0000,0.0000,5.0,3.0,3.0,3.0,,,
Wf2ndb8nhf,6.0,Accept,6.33,Accept,Accept,YES,0.0000,0.0000,5.0,6.0,8.0,,,,
vf5aUZT0Fz,6.0,Accept,8.00,Accept,Accept,YES,0.0000,0.0000,8.0,8.0,8.0,,,,
WSze9IIN3d,-1,N/A,4.00,Reject,Reject,N/A,0.0000,0.0000,5.0,5.0,3.0,3.0,,,
5EtSvYUU0v,6.0,Accept,6.00,Reject,Reject,NO,0.0000,0.0000,5.0,8.0,3.0,8.0,,,
t3gOYtv1xV,6.0,Accept,4.25,Reject,Reject,NO,0.0000,0.0000,1.0,5.0,6.0,5.0,,,
QVBeBPsmy0,5.0,Reject,4.50,Reject,Reject,YES,0.0000,0.0000,5.0,5.0,3.0,5.0,,,
Ombm8S40zN,6.5,Accept,6.25,Accept,Accept,YES,0.0000,0.0000,8.0,6.0,6.0,5.0,,,
U0SijGsCHJ,5.5,Reject,6.40,Accept,Accept,NO,0.0000,0.0000,8.0,5.0,8.0,5.0,6.0,,
K3jv45pptT,5.5,Weak Accept,5.25,Reject,Reject,NO,0.0000,0.0000,5.0,5.0,6.0,5.0,,,
JZLon6cvx8,7.0,Accept,5.25,Accept,Accept,YES,0.0000,0.0000,6.0,3.0,6.0,6.0,,,
0ctvBgKFgc,6.0,Reject,8.00,Accept,Accept,NO,0.0000,0.0000,8.0,8.0,8.0,8.0,,,
aQ7qYnY2nF,5.0,Reject,4.00,Reject,Reject,YES,0.0000,0.0000,3.0,5.0,5.0,3.0,,,
W49UjcpGxx,7.0,Accept,5.50,Accept,Accept,YES,0.0000,0.0000,5.0,6.0,6.0,5.0,,,
lDbjooxLkD,6.5,Accept,6.00,Accept,Accept,YES,0.0000,0.0000,5.0,8.0,5.0,6.0,,,
DoDNJdDntB,7.5,Accept,4.20,Reject,Reject,NO,0.0000,0.0000,3.0,3.0,3.0,6.0,6.0,,
fsmEuS5ZNg,6.5,Accept,3.00,Reject,Reject,NO,0.0000,0.0000,1.0,5.0,3.0,,,,
EzB0n8aRqI,5.0,Reject,4.67,Reject,Reject,YES,0.0000,0.0000,6.0,3.0,5.0,,,,
4pRwkYpa2u,7.0,Accept,6.00,Accept,Accept,YES,0.0000,0.0000,6.0,6.0,6.0,6.0,6.0,,
J5sUOvlLbQ,6.0,Accept,5.75,Accept,Accept,YES,0.0000,0.0000,6.0,6.0,6.0,5.0,,,
aMBSY2ebPw,7.0,Accept,7.33,Accept,Accept,YES,0.0000,0.0000,8.0,8.0,6.0,,,,
ZMZc3KqjEb,6.0,Accept,4.60,Reject,Reject,NO,0.0000,0.0000,6.0,6.0,3.0,5.0,3.0,,
wi8wMFuO0H,6.0,Reject,3.00,Reject,Reject,YES,0.0000,0.0000,3.0,1.0,3.0,5.0,,,
9k4Yvb75ED,6.5,Accept,3.75,Reject,Reject,NO,0.0000,0.0000,3.0,3.0,6.0,3.0,,,
Xlayxj2fWp,5.0,Reject,6.67,Accept,Accept,NO,0.0000,0.0000,8.0,6.0,6.0,,,,
Kb1bIuGuax,4.5,Reject,4.75,Reject,Reject,YES,0.0000,0.0000,5.0,6.0,3.0,5.0,,,
R1crLHQ4kf,5.0,Reject,5.00,Reject,Reject,YES,0.0000,0.0000,5.0,5.0,5.0,5.0,,,
UgTrngiN16,5.0,Reject,5.00,Reject,Reject,YES,0.0000,0.0000,1.0,6.0,6.0,8.0,6.0,3.0,
ervzSmtQyY,7.0,Accept,3.00,Reject,Reject,NO,0.0000,0.0000,3.0,3.0,3.0,3.0,,,
w50MQ9Vfty,6.5,Accept,5.50,Accept,Accept,YES,0.0000,0.0000,6.0,5.0,6.0,5.0,,,
dyzdDSzoKi,7.5,Accept,4.50,Reject,Reject,NO,0.0000,0.0000,5.0,5.0,3.0,5.0,,,
LnxviiZ1xi,6.0,Accept,3.00,Reject,Reject,NO,0.0000,0.0000,3.0,3.0,3.0,,,,
pNgyXuGcx4,5.0,Reject,4.75,Reject,Reject,YES,0.0000,0.0000,5.0,6.0,5.0,3.0,,,
MZ324wU7Hj,5.5,Reject,6.00,Reject,Reject,YES,0.0000,0.0000,6.0,5.0,5.0,8.0,,,
VzPGV19Bnp,5.5,Reject,4.75,Reject,Reject,YES,0.0000,0.0000,5.0,5.0,6.0,3.0,,,
di52zR8xgf,7.0,Accept,8.00,Accept,Accept,YES,0.0000,0.0000,8.0,8.0,8.0,8.0,,,
RL6R5ryuL5,7.5,Accept,3.50,Reject,Reject,NO,0.0000,0.0000,3.0,3.0,5.0,3.0,,,
tUiYbVqcuQ,4.0,Reject,3.00,Reject,Reject,YES,0.0000,0.0000,3.0,3.0,3.0,,,,
fmoknhh7CH,7.0,Accept,5.20,Reject,Reject,NO,0.0000,0.0000,5.0,5.0,6.0,5.0,5.0,,
Nb3a8aUGfj,6.0,Accept,5.33,Accept,Accept,YES,0.0000,0.0000,6.0,5.0,6.0,6.0,6.0,3.0,
xAZLCWbsTF,5.5,Reject,4.00,Reject,Reject,YES,0.0000,0.0000,5.0,5.0,3.0,3.0,,,
TUUjIWntkU,4.0,Reject,2.50,Reject,Reject,YES,0.0000,0.0000,3.0,3.0,3.0,1.0,,,
NLPzL6HWNl,5.5,Reject,5.50,Accept,Accept,NO,0.0000,0.0000,6.0,5.0,5.0,6.0,,,
O6DKGUwv0m,5.0,Reject,5.00,Reject,Reject,YES,0.0000,0.0000,5.0,5.0,5.0,,,,
R3Tf7LDdX4,6.0,Accept,6.00,Accept,Accept,YES,0.0000,0.0000,6.0,6.0,6.0,6.0,,,
WVWZ6SnM4t,4.5,Reject,4.75,Reject,Reject,YES,0.0000,0.0000,8.0,5.0,3.0,3.0,,,
RtOTTdWbZd,5.0,Reject,5.25,Reject,Reject,YES,0.0000,0.0000,5.0,8.0,3.0,5.0,,,
qm46g9Ri15,5.0,Reject,5.25,Reject,Reject,YES,0.0000,0.0000,5.0,6.0,5.0,5.0,,,
SwRlpDKrY9,5.5,Reject,5.20,Reject,Reject,YES,0.0000,0.0000,5.0,8.0,5.0,5.0,3.0,,
SPS6HzVzyt,7.5,Accept,8.00,Accept,Accept,YES,0.0000,0.0000,8.0,8.0,8.0,8.0,,,
zLHP6QDWYp,6.0,Reject,3.80,Reject,Reject,YES,0.0000,0.0000,3.0,3.0,5.0,3.0,5.0,,
RKXcTwWqVa,7.0,Weak Accept,5.20,Reject,Reject,NO,0.0000,0.0000,5.0,5.0,6.0,5.0,5.0,,
E64ZqVCr72,6.0,Reject,5.25,Reject,Reject,YES,0.0000,0.0000,6.0,6.0,6.0,3.0,,,
plebgsdiiV,6.0,Accept,7.33,Accept,Accept,YES,0.0000,0.0000,8.0,8.0,6.0,,,,
CWoIj2XJuT,5.0,Reject,4.50,Reject,Reject,YES,0.0000,0.0000,3.0,5.0,5.0,5.0,,,
pWrcpPsVas,5.0,Reject,4.25,Reject,Reject,YES,0.0000,0.0000,5.0,6.0,3.0,3.0,,,
xXtD9P2lvH,5.0,Reject,5.75,Reject,Reject,YES,0.0000,0.0000,6.0,6.0,5.0,6.0,,,
tGOOP7DGxs,6.5,Accept,5.00,Reject,Reject,NO,0.0000,0.0000,5.0,5.0,5.0,5.0,,,
mLxxv5gts0,4.5,Reject,3.80,Reject,Reject,YES,0.0000,0.0000,1.0,5.0,5.0,5.0,3.0,,
73Q9U0vcja,6.5,Accept,6.00,Reject,Reject,NO,0.0000,0.0000,6.0,5.0,8.0,5.0,,,
Sxi6gBtJcI,5.0,Reject,3.00,Reject,Reject,YES,0.0000,0.0000,3.0,3.0,3.0,,,,
stcN89QGfL,6.0,Reject,5.67,Reject,Reject,YES,0.0000,0.0000,5.0,6.0,6.0,3.0,8.0,6.0,
E4Ero36Zr4,6.0,Accept,4.40,Reject,Reject,NO,0.0000,0.0000,6.0,3.0,5.0,5.0,3.0,,
kS27PPs3yR,7.0,Accept,5.00,Reject,Reject,NO,0.0000,0.0000,5.0,5.0,5.0,5.0,,,
q2VK1Z8XFo,5.5,Accept,4.67,Reject,Reject,NO,0.0000,0.0000,3.0,6.0,5.0,,,,
kPC83HK4br,6.0,Accept,6.50,Accept,Accept,YES,0.0000,0.0000,6.0,8.0,6.0,6.0,,,
xJEd8PkdNz,5.5,Accept,7.00,Accept,Accept,YES,0.0000,0.0000,8.0,6.0,6.0,8.0,,,
1KLBvrYz3V,5.5,Accept,7.50,Accept,Accept,YES,0.0000,0.0000,8.0,6.0,8.0,8.0,,,
z1Jq1PLQWs,5.0,Reject,5.67,Reject,Reject,YES,0.0000,0.0000,5.0,6.0,6.0,6.0,6.0,5.0,
BSqVfAFJWz,6.0,Accept,5.00,Reject,Reject,NO,0.0000,0.0000,6.0,5.0,6.0,3.0,,,
uSV07DapJx,6.0,Accept,4.50,Reject,Reject,NO,0.0000,0.0000,5.0,3.0,5.0,5.0,,,
VRRuYBaq9u,5.5,Accept,3.25,Reject,Reject,NO,0.0000,0.0000,3.0,1.0,6.0,3.0,,,
PnZ2lbQaao,4.5,Reject,4.75,Reject,Reject,YES,0.0000,0.0000,6.0,3.0,5.0,5.0,,,
fg772k6x6U,6.5,Accept,5.50,Reject,Reject,NO,0.0000,0.0000,6.0,5.0,6.0,5.0,,,
CMqOfvD3tO,6.0,Accept,6.80,Accept,Accept,YES,0.0000,0.0000,8.0,8.0,6.0,6.0,6.0,,
3lDxKQepvn,5.0,Reject,5.75,Reject,Reject,YES,0.0000,0.0000,6.0,3.0,6.0,8.0,,,
TbOcySs6g8,4.0,Reject,2.50,Reject,Reject,YES,0.0000,0.0000,5.0,1.0,3.0,1.0,,,
GkeTXeujW0,5.5,Reject,4.25,Reject,Reject,YES,0.0000,0.0000,3.0,6.0,3.0,5.0,,,
urQi0TgXFY,6.5,Accept,5.00,Reject,Reject,NO,0.0000,0.0000,6.0,5.0,3.0,6.0,,,
MSlF3GvUXI,4.0,Reject,6.67,Reject,Reject,YES,0.0000,0.0000,6.0,6.0,8.0,,,,
gJG4IPwg6l,5.5,Reject,6.25,Accept,Accept,NO,0.0000,0.0000,6.0,8.0,6.0,5.0,,,
PTgTlj6x0W,5.0,Reject,6.25,Reject,Reject,YES,0.0000,0.0000,8.0,6.0,5.0,6.0,,,
FhbZ1PQCaG,6.0,Accept,5.75,Reject,Reject,NO,0.0000,0.0000,6.0,6.0,6.0,5.0,,,
MKEHCx25xp,6.0,Accept,7.33,Accept,Accept,YES,0.0000,0.0000,8.0,6.0,8.0,,,,
iinqdeuA8x,5.5,Reject,4.80,Reject,Reject,YES,0.0000,0.0000,5.0,5.0,6.0,5.0,3.0,,
FZfWQFrdBT,6.5,Accept,5.50,Reject,Reject,NO,0.0000,0.0000,5.0,6.0,5.0,6.0,,,
LUEe72DwPG,6.0,Reject,4.75,Reject,Reject,YES,0.0000,0.0000,5.0,5.0,3.0,6.0,,,
DCg9r2DKKe,5.0,Reject,2.50,Reject,Reject,YES,0.0000,0.0000,3.0,3.0,3.0,1.0,,,
4Sv5MQ931E,6.0,Reject,5.00,Reject,Reject,YES,0.0000,0.0000,5.0,3.0,6.0,6.0,,,
jqVj8vCQsT,6.5,Accept,5.60,Accept,Accept,YES,0.0000,0.0000,3.0,6.0,8.0,8.0,3.0,,
kaGA40pfFY,5.5,Reject,6.50,Reject,Reject,YES,0.0000,0.0000,6.0,8.0,6.0,6.0,,,
VWBYDo5NaM,5.5,Reject,4.33,Reject,Reject,YES,0.0000,0.0000,5.0,3.0,5.0,,,,
S2oTVrlcp3,5.0,Reject,6.75,Accept,Accept,NO,0.0000,0.0000,8.0,6.0,5.0,8.0,,,
We5z3UEnUY,6.0,Accept,6.50,Accept,Accept,YES,0.0000,0.0000,6.0,6.0,8.0,6.0,,,
dIK7GpOwNY,6.0,Accept,3.00,Reject,Reject,NO,0.0000,0.0000,3.0,3.0,3.0,3.0,,,
48nAxwEyQ0,5.0,Reject,3.50,Reject,Reject,YES,0.0000,0.0000,5.0,5.0,3.0,1.0,,,
pxwJU6rTAv,5.0,Reject,4.75,Reject,Reject,YES,0.0000,0.0000,5.0,3.0,5.0,6.0,,,
fs2Z2z3GRx,6.5,Accept,6.00,Accept,Accept,YES,0.0000,0.0000,6.0,6.0,6.0,6.0,,,
KJFyOwAnLR,5.5,Reject,4.00,Reject,Reject,YES,0.0000,0.0000,3.0,6.0,3.0,,,,
HXoq9EqR9e,6.0,Accept,6.50,Accept,Accept,YES,0.0000,0.0000,6.0,8.0,6.0,6.0,,,
6I7UsvlDPj,6.5,Accept,5.67,Reject,Reject,NO,0.0000,0.0000,5.0,6.0,6.0,,,,
dxoryzjsCW,5.0,Reject,4.50,Reject,Reject,YES,0.0000,0.0000,3.0,3.0,6.0,6.0,,,
kBNIx4Biq4,6.5,Accept,6.50,Accept,Accept,YES,0.0000,0.0000,8.0,5.0,8.0,5.0,,,
QFYVVwiAM8,5.5,Reject,6.00,Accept,Accept,NO,0.0000,0.0000,6.0,6.0,6.0,6.0,,,
YKzGrt3m2g,7.5,Accept,4.25,Reject,Reject,NO,0.0000,0.0000,5.0,6.0,3.0,3.0,,,
TTWxMAwS6n,6.0,Accept,4.33,Reject,Reject,NO,0.0000,0.0000,3.0,5.0,5.0,,,,
IcbC9F9xJ7,6.0,Reject,6.50,Reject,Reject,YES,0.0000,0.0000,8.0,6.0,6.0,6.0,,,
F4bmOrmUwc,5.0,Reject,5.75,Accept,Accept,NO,0.0000,0.0000,6.0,6.0,6.0,5.0,,,
JSlTXa6WE6,6.5,Accept,5.50,Reject,Reject,NO,0.0000,0.0000,5.0,6.0,6.0,5.0,,,
lR3rk7ysXz,6.5,Accept,7.00,Accept,Accept,YES,0.0000,0.0000,8.0,6.0,8.0,6.0,,,
vBw8JGBJWj,6.5,Accept,4.33,Accept,Accept,YES,0.0000,0.0000,5.0,3.0,5.0,,,,
aVyJwS1fqQ,7.0,Accept,4.67,Reject,Reject,NO,0.0000,0.0000,3.0,5.0,6.0,,,,
TyycdsNeeg,6.0,Accept,5.60,Reject,Reject,NO,0.0000,0.0000,8.0,6.0,3.0,6.0,5.0,,
LPG8pPSfQD,5.5,Reject,6.75,Accept,Accept,NO,0.0000,0.0000,6.0,5.0,8.0,8.0,,,
oCdIo9757e,6.5,Accept,7.00,Accept,Accept,YES,0.0000,0.0000,6.0,6.0,8.0,8.0,,,
9xsXEj2ile,7.0,Accept,6.50,Reject,Reject,NO,0.0000,0.0000,6.0,8.0,6.0,6.0,,,
r4Q86nBQka,5.5,Reject,5.00,Reject,Reject,YES,0.0000,0.0000,3.0,6.0,5.0,6.0,,,
6PmJoRfdaK,7.0,Accept,7.00,Accept,Accept,YES,0.0000,0.0000,6.0,8.0,8.0,6.0,,,
an3jH2qD2r,5.5,Reject,6.00,Reject,Reject,YES,0.0000,0.0000,5.0,8.0,6.0,5.0,,,
QhnPrsZ38V,3.0,Reject,3.80,Reject,Reject,YES,0.0000,0.0000,3.0,5.0,1.0,5.0,5.0,,
YvtiTdXjfn,6.0,Accept,5.33,Reject,Reject,NO,0.0000,0.0000,6.0,5.0,5.0,,,,
SoUwcVplq4,6.0,Accept,7.00,Accept,Accept,YES,0.0000,0.0000,6.0,6.0,8.0,8.0,,,
SFuEabyr4v,7.0,Accept,4.75,Reject,Reject,NO,0.0000,0.0000,1.0,6.0,6.0,6.0,,,
v3XabZsB7j,4.5,Reject,2.00,Reject,Reject,YES,0.0000,0.0000,1.0,3.0,1.0,3.0,,,
iIrvKrtwnZ,6.5,Accept,6.00,Reject,Reject,NO,0.0000,0.0000,5.0,8.0,5.0,6.0,,,
KBSHR4h8XV,6.5,Accept,3.33,Reject,Reject,NO,0.0000,0.0000,6.0,3.0,1.0,,,,
pXUAiJshdh,6.5,Accept,5.50,Reject,Reject,NO,0.0000,0.0000,5.0,6.0,5.0,6.0,,,
Nf4Lm6fXN8,6.0,Reject,6.50,Accept,Accept,NO,0.0000,0.0000,6.0,6.0,6.0,8.0,,,
zCJqgXnV7f,5.0,Reject,4.25,Reject,Reject,YES,0.0000,0.0000,6.0,5.0,3.0,3.0,,,
ihHeqPLRDk,5.5,Reject,4.75,Reject,Reject,YES,0.0000,0.0000,5.0,5.0,3.0,6.0,,,
tGsumqfOUk,6.5,Accept,4.75,Reject,Reject,NO,0.0000,0.0000,5.0,5.0,3.0,6.0,,,
xiyzCfXTS6,5.0,Reject,5.50,Accept,Accept,NO,0.0000,0.0000,8.0,8.0,3.0,3.0,,,
8IuKza9dxJ,5.0,Reject,3.75,Reject,Reject,YES,0.0000,0.0000,3.0,6.0,3.0,3.0,,,
tp1QiTH2aa,5.5,Reject,4.50,Reject,Reject,YES,0.0000,0.0000,3.0,5.0,5.0,5.0,,,
uWUovmBRUq,5.0,Reject,4.00,Reject,Reject,YES,0.0000,0.0000,3.0,5.0,5.0,3.0,,,
kN25ggeq1J,5.0,Reject,5.67,Accept,Accept,NO,0.0000,0.0000,5.0,6.0,6.0,,,,
R6sIi9Kbxv,4.5,Reject,4.00,Reject,Reject,YES,0.0000,0.0000,5.0,3.0,3.0,5.0,,,
DpFeMH4l8Q,6.5,Accept,5.67,Accept,Accept,YES,0.0000,0.0000,6.0,5.0,6.0,,,,
eAKmQPe3m1,6.0,Reject,7.00,Accept,Accept,NO,0.0000,0.0000,8.0,6.0,8.0,6.0,,,
ZaOHSBGOhV,5.5,Reject,4.00,Reject,Reject,YES,0.0000,0.0000,5.0,3.0,5.0,3.0,3.0,5.0,
Wd47f7HEXg,7.0,Accept,7.50,Accept,Accept,YES,0.0000,0.0000,8.0,6.0,8.0,8.0,,,
iGV6Sg5bI0,5.5,Reject,5.20,Reject,Reject,YES,0.0000,0.0000,6.0,8.0,1.0,3.0,8.0,,
FR2WQcwjG4,6.0,Accept,5.60,Reject,Reject,NO,0.0000,0.0000,6.0,5.0,8.0,6.0,3.0,,
UpQLu9bzAR,7.0,Accept,6.00,Accept,Accept,YES,0.0000,0.0000,6.0,6.0,6.0,6.0,,,
hPpyUv1XyQ,7.0,Accept,5.25,Accept,Accept,YES,0.0000,0.0000,3.0,8.0,5.0,5.0,,,
eUgS9Ig8JG,5.0,Reject,7.00,Accept,Accept,NO,0.0000,0.0000,8.0,8.0,6.0,6.0,,,
mFzpBaTLGK,6.5,Accept,3.50,Reject,Reject,NO,0.0000,0.0000,3.0,3.0,5.0,3.0,,,
lkRjnNW0gb,3.0,Reject,5.67,Reject,Reject,YES,0.0000,0.0000,5.0,6.0,6.0,,,,
eGqQyTAbXC,6.5,Accept,6.00,Accept,Accept,YES,0.0000,0.0000,6.0,6.0,6.0,6.0,,,
1OyE9IK0kx,5.0,Reject,5.00,Reject,Reject,YES,0.0000,0.0000,6.0,5.0,5.0,3.0,3.0,8.0,
St7k6NJKn1,5.0,Reject,3.50,Reject,Reject,YES,0.0000,0.0000,3.0,5.0,3.0,3.0,,,
ffuHn3Q6Hc,6.5,Accept,5.33,Reject,Reject,NO,0.0000,0.0000,8.0,3.0,5.0,,,,
B2N0nCVC91,7.0,Accept,6.50,Accept,Accept,YES,0.0000,0.0000,8.0,6.0,6.0,6.0,,,
FMsmo01TaI,6.5,Accept,4.33,Reject,Reject,NO,0.0000,0.0000,5.0,5.0,3.0,,,,
QyVLJ7EnAC,5.5,Reject,6.40,Accept,Accept,NO,0.0000,0.0000,6.0,8.0,6.0,6.0,6.0,,
NJqsHgxcKh,6.0,Accept,4.67,Reject,Reject,NO,0.0000,0.0000,3.0,5.0,6.0,,,,
ZMtq9pYw5e,7.5,Accept,3.67,Reject,Reject,NO,0.0000,0.0000,3.0,5.0,3.0,,,,
x1SfON9HvT,6.0,Accept,3.75,Reject,Reject,NO,0.0000,0.0000,3.0,3.0,6.0,3.0,,,
a3PmRgAB5T,7.0,Accept,6.00,Accept,Accept,YES,0.0000,0.0000,6.0,6.0,6.0,6.0,,,
4NhMhElWqP,6.5,Accept,7.00,Accept,Accept,YES,0.0000,0.0000,8.0,6.0,6.0,8.0,,,
3MnMGLctKb,6.5,Accept,6.75,Accept,Accept,YES,0.0000,0.0000,8.0,8.0,5.0,6.0,,,
fDNBPqgr4K,5.0,Reject,4.75,Reject,Reject,YES,0.0000,0.0000,5.0,5.0,3.0,6.0,,,
lJdgUUcLaA,6.5,Accept,4.75,Reject,Reject,NO,0.0000,0.0000,5.0,5.0,3.0,6.0,,,
nFMS6wF2xq,6.0,Reject,6.25,Accept,Accept,NO,0.0000,0.0000,6.0,5.0,8.0,6.0,,,
hEl2HpiH3g,5.5,Reject,4.75,Reject,Reject,YES,0.0000,0.0000,5.0,5.0,6.0,3.0,,,
G5Fo7H6dqE,5.5,Accept,4.00,Reject,Reject,NO,0.0000,0.0000,3.0,5.0,3.0,5.0,,,
6o9Vy1m0Jv,5.5,Reject,3.50,Reject,Reject,YES,0.0000,0.0000,5.0,3.0,3.0,3.0,,,
JsVIGVntnQ,6.0,Reject,5.40,Accept,Accept,NO,0.0000,0.0000,8.0,5.0,8.0,3.0,3.0,,
6SxOzYVuy6,7.0,Accept,4.25,Reject,Reject,NO,0.0000,0.0000,3.0,3.0,5.0,6.0,,,
qGLzeD9GCX,5.0,Reject,4.25,Reject,Reject,YES,0.0000,0.0000,3.0,6.0,3.0,5.0,,,
ymt4crbbXh,6.0,Reject,6.25,Accept,Accept,NO,0.0000,0.0000,5.0,6.0,8.0,6.0,,,
QhsZwzBYaU,6.0,Reject,5.50,Reject,Reject,YES,0.0000,0.0000,3.0,8.0,5.0,6.0,,,
elTJBP7Fbv,7.0,Accept,7.00,Accept,Accept,YES,0.0000,0.0000,6.0,8.0,8.0,6.0,,,
ceNnsnA5gu,4.5,Reject,3.00,Reject,Reject,YES,0.0000,0.0000,3.0,3.0,3.0,,,,
C1Wp4ubvXZ,6.0,Accept,5.60,Reject,Reject,NO,0.0000,0.0000,5.0,6.0,6.0,6.0,5.0,,
Q9vYgjcvrX,6.0,Weak Accept,3.50,Reject,Reject,NO,0.0000,0.0000,3.0,5.0,3.0,3.0,,,
43flsheS4s,6.0,Accept,4.75,Reject,Reject,NO,0.0000,0.0000,5.0,6.0,3.0,5.0,,,
T16M4SzH1v,7.0,Accept,5.50,Reject,Reject,NO,0.0000,0.0000,8.0,5.0,6.0,3.0,,,
WWXjMYZxfH,6.0,Accept,6.20,Accept,Accept,YES,0.0000,0.0000,6.0,8.0,8.0,6.0,3.0,,
7UqQJUKaLM,6.0,Accept,6.00,Accept,Accept,YES,0.0000,0.0000,6.0,6.0,6.0,6.0,,,
fwCoLe3TAX,7.0,Accept,5.25,Accept,Accept,YES,0.0000,0.0000,6.0,6.0,1.0,8.0,,,
10eQ4Cfh8p,5.0,Reject,3.00,Reject,Reject,YES,0.0000,0.0000,3.0,3.0,3.0,3.0,,,
Hr3TBaZl4S,4.5,Reject,4.75,Reject,Reject,YES,0.0000,0.0000,5.0,3.0,8.0,3.0,,,
h5NqrrSjlP,4.5,Reject,4.60,Reject,Reject,YES,0.0000,0.0000,5.0,3.0,5.0,5.0,5.0,,
bc2H72hGxB,7.5,Accept,6.80,Accept,Accept,YES,0.0000,0.0000,8.0,8.0,6.0,6.0,6.0,,
fDcn3S8oAt,6.5,Accept,5.25,Reject,Reject,NO,0.0000,0.0000,3.0,5.0,5.0,8.0,,,
k2gGy2hpfx,7.0,Accept,3.67,Reject,Reject,NO,0.0000,0.0000,3.0,3.0,5.0,,,,
WwCirclMvl,5.5,Reject,5.67,Reject,Reject,YES,0.0000,0.0000,6.0,5.0,6.0,,,,
7PLpiVdnUC,6.0,Accept,6.50,Accept,Accept,YES,0.0000,0.0000,6.0,8.0,6.0,6.0,,,
JgqftqZQZ7,6.0,Accept,6.50,Accept,Accept,YES,0.0000,0.0000,8.0,5.0,5.0,8.0,,,
E4Ero36Zr4,6.0,Accept,4.40,Reject,Reject,NO,0.0000,0.0000,6.0,3.0,5.0,5.0,3.0,,
sehRvaIPQQ,6.5,Accept,5.50,Accept,Accept,YES,0.0000,0.0000,5.0,6.0,6.0,5.0,,,
lfRYzd8ady,7.0,Accept,6.67,Accept,Accept,YES,0.0000,0.0000,5.0,8.0,8.0,5.0,8.0,6.0,
wE1I9IGqeH,6.5,Accept,6.00,Reject,Reject,NO,0.0000,0.0000,5.0,5.0,8.0,,,,
mLxxv5gts0,4.5,Reject,3.80,Reject,Reject,YES,0.0000,0.0000,1.0,5.0,5.0,5.0,3.0,,
2NwHLAffZZ,4.5,Reject,2.33,Reject,Reject,YES,0.0000,0.0000,3.0,3.0,1.0,,,,
bjMi9ux50f,5.0,Reject,4.67,Reject,Reject,YES,0.0000,0.0000,6.0,3.0,5.0,,,,
AZR4R3lw7y,6.0,Accept,5.75,Accept,Accept,YES,0.0000,0.0000,6.0,6.0,5.0,6.0,,,
gzT61ziSCu,5.0,Reject,6.75,Accept,Accept,NO,0.0000,0.0000,8.0,8.0,6.0,5.0,,,
gCSEQIgbWH,6.5,Accept,3.50,Reject,Reject,NO,0.0000,0.0000,3.0,5.0,3.0,3.0,,,
17ZbByq95E,4.5,Reject,3.75,Reject,Reject,YES,0.0000,0.0000,3.0,6.0,3.0,3.0,,,
fSB95BWiBQ,5.5,Accept,3.50,Reject,Reject,NO,0.0000,0.0000,3.0,3.0,5.0,3.0,,,
dSjCFKiEdK,5.5,Reject,5.25,Reject,Reject,YES,0.0000,0.0000,6.0,5.0,5.0,5.0,,,
PeLLMw3wLX,5.5,Reject,6.50,Accept,Accept,NO,0.0000,0.0000,6.0,8.0,6.0,6.0,,,
HXZK1Z8tHa,6.0,Accept,5.33,Reject,Reject,NO,0.0000,0.0000,5.0,5.0,6.0,,,,
KNtcoAM5Gy,7.0,Accept,5.50,Reject,Reject,NO,0.0000,0.0000,5.0,6.0,5.0,6.0,,,
LSq9ef8ANs,5.0,Reject,4.60,Reject,Reject,YES,0.0000,0.0000,5.0,5.0,5.0,3.0,5.0,,
1GIVx7COef,6.0,Accept,4.33,Reject,Reject,NO,0.0000,0.0000,3.0,5.0,5.0,,,,
PYmrUQmMEw,6.5,Accept,6.50,Accept,Accept,YES,0.0000,0.0000,6.0,6.0,6.0,8.0,,,
AyzkDpuqcl,7.5,Accept,6.80,Accept,Accept,YES,0.0000,0.0000,8.0,6.0,6.0,6.0,8.0,,
cObFETcoeW,5.5,Reject,6.75,Accept,Accept,NO,0.0000,0.0000,5.0,6.0,8.0,8.0,,,
fwHVclv0ij,4.5,Reject,5.25,Reject,Reject,YES,0.0000,0.0000,6.0,3.0,6.0,6.0,,,
3mDe5o24BM,6.0,Accept,5.33,Reject,Reject,NO,0.0000,0.0000,5.0,5.0,6.0,,,,
h7Qz1ulnvF,4.5,Reject,5.75,Accept,Accept,NO,0.0000,0.0000,3.0,8.0,6.0,6.0,,,
tEAF9LBdgu,5.0,Reject,6.75,Reject,Reject,YES,0.0000,0.0000,8.0,8.0,5.0,6.0,,,
23OEmHVkpq,5.5,Reject,5.25,Reject,Reject,YES,0.0000,0.0000,6.0,5.0,5.0,5.0,,,
k7Q28aNVko,7.0,Accept,4.40,Reject,Reject,NO,0.0000,0.0000,3.0,6.0,5.0,5.0,3.0,,
b3kDP3IytM,6.0,Accept,6.25,Accept,Accept,YES,0.0000,0.0000,5.0,6.0,6.0,8.0,,,
56mg1JFd3n,6.0,Accept,6.00,Reject,Reject,NO,0.0000,0.0000,10.0,3.0,5.0,6.0,,,
qNp86ByQlN,7.5,Accept,6.50,Accept,Accept,YES,0.0000,0.0000,6.0,6.0,6.0,8.0,,,
CRkoMdDlFh,5.0,Reject,4.00,Reject,Reject,YES,0.0000,0.0000,5.0,3.0,3.0,5.0,,,
4lqA5EuieJ,6.0,Accept,4.75,Reject,Reject,NO,0.0000,0.0000,3.0,5.0,5.0,6.0,,,
MRYyOaNxh3,6.0,Accept,6.50,Accept,Accept,YES,0.0000,0.0000,6.0,6.0,8.0,6.0,,,
TRWxFUzK9K,7.0,Accept,6.50,Accept,Accept,YES,0.0000,0.0000,8.0,6.0,6.0,6.0,,,
Ux0BEP46fd,4.5,Reject,4.33,Reject,Reject,YES,0.0000,0.0000,5.0,5.0,3.0,,,,
f5o6kWRC0A,6.0,Weak Accept,4.00,Reject,Reject,NO,0.0000,0.0000,3.0,3.0,5.0,5.0,,,
MY0qlcFcUg,6.5,Accept,7.33,Accept,Accept,YES,0.0000,0.0000,8.0,8.0,6.0,,,,
tGOOP7DGxs,5.5,Reject,5.00,Reject,Reject,YES,0.0000,0.0000,5.0,5.0,5.0,5.0,,,
4vzGQcVUG8,6.0,Accept,6.50,Accept,Accept,YES,0.0000,0.0000,6.0,6.0,8.0,6.0,,,
pPvK2e8o8M,4.5,Reject,3.25,Reject,Reject,YES,0.0000,0.0000,6.0,3.0,1.0,3.0,,,
nTNElfN4O5,7.0,Accept,5.50,Reject,Reject,NO,0.0000,0.0000,6.0,5.0,6.0,5.0,,,
7Jer2DQt9V,5.0,Reject,4.50,Reject,Reject,YES,0.0000,0.0000,3.0,5.0,5.0,5.0,,,
xSOl0s1u77,7.0,Accept,4.75,Reject,Reject,NO,0.0000,0.0000,6.0,5.0,5.0,3.0,,,
iEUZMISIKj,5.0,Reject,4.75,Reject,Reject,YES,0.0000,0.0000,5.0,5.0,6.0,3.0,,,
vTRWu9zaWo,4.5,Reject,4.40,Reject,Reject,YES,0.0000,0.0000,6.0,3.0,3.0,5.0,5.0,,
RdG7LVGnQi,5.5,Accept,4.50,Reject,Reject,NO,0.0000,0.0000,1.0,6.0,6.0,5.0,,,
S8gbnkCgxZ,6.0,Reject,7.00,Accept,Accept,NO,0.0000,0.0000,8.0,6.0,6.0,8.0,,,
07xuZw59uB,5.5,Reject,3.00,Reject,Reject,YES,0.0000,0.0000,3.0,5.0,3.0,1.0,,,
FiyS0ecSm0,7.0,Accept,6.75,Accept,Accept,YES,0.0000,0.0000,8.0,5.0,8.0,6.0,,,
j80J5cyyqP,5.5,Borderline Accept,4.25,Reject,Reject,NO,0.0000,0.0000,5.0,3.0,3.0,6.0,,,
ZPkNrs6aNO,5.5,Reject,5.50,Reject,Reject,YES,0.0000,0.0000,6.0,6.0,5.0,5.0,,,
pAVJKp3Dvn,6.0,Reject,5.67,Accept,Accept,NO,0.0000,0.0000,6.0,5.0,6.0,,,,
AU2gS9ut61,6.5,Accept,5.40,Accept,Accept,YES,0.0000,0.0000,6.0,6.0,8.0,1.0,6.0,,
BuFNoKBiMs,5.5,Reject,6.33,Accept,Accept,NO,0.0000,0.0000,6.0,5.0,8.0,,,,
cd79pbXi4N,4.5,Reject,7.00,Accept,Accept,NO,0.0000,0.0000,8.0,6.0,8.0,6.0,,,
pqgDqYinDZ,5.0,Reject,3.50,Reject,Reject,YES,0.0000,0.0000,3.0,3.0,5.0,3.0,,,
DfTWrTwLzD,7.0,Accept,5.00,Reject,Reject,NO,0.0000,0.0000,6.0,6.0,3.0,5.0,,,
WrEFIbrVg9,5.0,Reject,3.75,Reject,Reject,YES,0.0000,0.0000,3.0,3.0,3.0,6.0,,,
1dUdNzLJRF,7.0,Accept,5.50,Reject,Reject,NO,0.0000,0.0000,5.0,6.0,5.0,6.0,,,
PoL2joPZQ4,6.0,Reject,4.25,Reject,Reject,YES,0.0000,0.0000,3.0,3.0,6.0,5.0,,,
vyGp9Mty2t,5.5,Accept,5.50,Reject,Reject,NO,0.0000,0.0000,3.0,5.0,6.0,8.0,,,
xXTkbTBmqq,7.5,Accept,8.67,Accept,Accept,YES,0.0000,0.0000,8.0,8.0,10.0,,,,
dmjQLHufev,6.5,Accept,6.00,Accept,Accept,YES,0.0000,0.0000,6.0,6.0,5.0,8.0,5.0,6.0,
HE9eUQlAvo,5.0,Reject,6.40,Accept,Accept,NO,0.0000,0.0000,6.0,6.0,6.0,8.0,6.0,,
rqBc4WnvUP,5.0,Reject,3.50,Reject,Reject,YES,0.0000,0.0000,5.0,3.0,3.0,3.0,,,
jOm5p3q7c7,8.0,Accept,6.50,Accept,Accept,YES,0.0000,0.0000,6.0,8.0,6.0,6.0,,,
NnYaYVODyV,7.0,Accept,6.60,Accept,Accept,YES,0.0000,0.0000,8.0,6.0,6.0,8.0,5.0,,
m3RRWWFaVe,5.5,Reject,4.25,Accept,Accept,NO,0.0000,0.0000,6.0,1.0,5.0,5.0,,,
W9uY7is3Ey,5.0,Reject,4.20,Reject,Reject,YES,0.0000,0.0000,3.0,5.0,3.0,5.0,5.0,,
6E0x0lVvh8,6.5,Accept,4.00,Reject,Reject,NO,0.0000,0.0000,3.0,5.0,3.0,5.0,,,
y3qpL2Ioys,7.0,Accept,4.75,Reject,Reject,NO,0.0000,0.0000,5.0,5.0,3.0,6.0,,,
ZyPRwskBli,5.5,Reject,4.75,Reject,Reject,YES,0.0000,0.0000,6.0,5.0,3.0,5.0,,,
SzV37yefM4,6.5,Accept,4.33,Reject,Reject,NO,0.0000,0.0000,3.0,5.0,5.0,,,,
YcbE2K3i2E,2.0,Reject,4.60,Reject,Reject,YES,0.0000,0.0000,3.0,5.0,5.0,5.0,5.0,,
0er6aOyXUD,6.5,Accept,5.40,Reject,Reject,NO,0.0000,0.0000,6.0,5.0,6.0,5.0,5.0,,
kaAtQwhnM2,6.5,Accept,5.40,Reject,Reject,NO,0.0000,0.0000,5.0,6.0,3.0,5.0,8.0,,
Pin2kdWloe,5.5,Reject,5.75,Reject,Reject,YES,0.0000,0.0000,6.0,6.0,6.0,5.0,,,
kWRKNDU6uN,7.5,Accept,6.80,Accept,Accept,YES,0.0000,0.0000,6.0,6.0,6.0,8.0,8.0,,
GBpKUnM6gW,5.5,Reject,3.50,Reject,Reject,YES,0.0000,0.0000,3.0,3.0,5.0,3.0,,,
rfrtFwnF62,7.0,Accept,6.00,Accept,Accept,YES,0.0000,0.0000,6.0,6.0,6.0,,,,
M4RhGr2lAy,6.0,Accept,4.40,Reject,Reject,NO,0.0000,0.0000,5.0,5.0,3.0,3.0,6.0,,
cDInj7WMQm,5.0,Reject,5.00,Reject,Reject,YES,0.0000,0.0000,6.0,3.0,6.0,,,,
Cf0K6jgzZt,6.5,Accept,5.33,Reject,Reject,NO,0.0000,0.0000,5.0,6.0,5.0,,,,
SVRRQ8goQo,6.0,Accept,7.00,Accept,Accept,YES,0.0000,0.0000,6.0,8.0,8.0,6.0,,,
cpGPPLLYYx,7.0,Accept,6.50,Accept,Accept,YES,0.0000,0.0000,6.0,6.0,6.0,8.0,,,
EoPsCAEYae,5.5,Reject,3.80,Reject,Reject,YES,0.0000,0.0000,5.0,3.0,3.0,5.0,3.0,,
QRgT26JlAx,7.0,Accept,5.25,Reject,Reject,NO,0.0000,0.0000,5.0,3.0,5.0,8.0,,,
VYvxrD7aS0,7.0,Accept,6.75,Accept,Accept,YES,0.0000,0.0000,6.0,5.0,8.0,8.0,,,
mWT3Ftkc3e,7.5,Accept,6.50,Reject,Reject,NO,0.0000,0.0000,8.0,6.0,6.0,6.0,,,
324fOKW1wO,5.0,Reject,3.33,Reject,Reject,YES,0.0000,0.0000,1.0,3.0,3.0,3.0,5.0,5.0,
WncnpvJk83,5.0,Reject,6.50,Accept,Accept,NO,0.0000,0.0000,6.0,6.0,8.0,6.0,,,
Q5VlpYRxGF,6.0,Accept,4.33,Reject,Reject,NO,0.0000,0.0000,5.0,5.0,3.0,,,,
7VPTUWkiDQ,6.5,Accept,7.33,Accept,Accept,YES,0.0000,0.0000,6.0,8.0,8.0,,,,
1gkePTsAWf,6.0,Accept,6.20,Reject,Reject,NO,0.0000,0.0000,6.0,8.0,6.0,6.0,5.0,,
Hh0Cg4epYY,3.5,Reject,2.33,Reject,Reject,YES,0.0000,0.0000,1.0,3.0,3.0,,,,
i7P2mK3x3o,6.0,Reject,4.20,Reject,Reject,YES,0.0000,0.0000,5.0,5.0,3.0,3.0,5.0,,
e92KW6htFO,6.0,Accept,5.00,Reject,Reject,NO,0.0000,0.0000,6.0,5.0,3.0,6.0,,,
LH2JNpfwdH,5.0,Reject,5.67,Reject,Reject,YES,0.0000,0.0000,6.0,6.0,5.0,,,,
pWdkM9NNCA,5.5,Reject,3.00,Reject,Reject,YES,0.0000,0.0000,3.0,3.0,3.0,3.0,,,
yarUvgEXq3,6.0,Accept,7.33,Accept,Accept,YES,0.0000,0.0000,6.0,8.0,8.0,,,,
D4xztKoz0Y,6.5,Accept,6.50,Accept,Accept,YES,0.0000,0.0000,8.0,6.0,6.0,6.0,,,
jpypMKAsO6,1.0,Reject,5.67,Reject,Reject,YES,0.0000,0.0000,5.0,6.0,6.0,,,,
myZNJSpiK1,5.5,Reject,6.75,Reject,Reject,YES,0.0000,0.0000,5.0,8.0,6.0,8.0,,,
LKUVlhjgOw,5.5,Reject,4.00,Reject,Reject,YES,0.0000,0.0000,6.0,3.0,3.0,,,,
JCFJFBm5rE,4.5,Reject,6.40,Reject,Reject,YES,0.0000,0.0000,8.0,8.0,5.0,5.0,6.0,,
sGqd1tF8P8,7.0,Accept,6.80,Accept,Accept,YES,0.0000,0.0000,6.0,6.0,6.0,10.0,6.0,,
j7oTk2nEoN,6.0,Reject,5.50,Reject,Reject,YES,0.0000,0.0000,5.0,6.0,6.0,5.0,,,
sfi2j1Ot6j,7.5,Accept,6.50,Accept,Accept,YES,0.0000,0.0000,6.0,6.0,6.0,8.0,,,
f1uXrAjpOH,4.5,Reject,5.40,Reject,Reject,YES,0.0000,0.0000,8.0,5.0,3.0,5.0,6.0,,
z7K2faBrDG,5.5,Reject,5.25,Accept,Accept,NO,0.0000,0.0000,3.0,5.0,5.0,8.0,,,
jrY83wPzMJ,6.0,Accept,4.00,Reject,Reject,NO,0.0000,0.0000,3.0,3.0,5.0,5.0,,,
3Ok7ccvtf3,2.5,Reject,3.50,Reject,Reject,YES,0.0000,0.0000,3.0,5.0,3.0,3.0,,,
LkzuPorQ5L,5.5,Reject,6.00,Accept,Accept,NO,0.0000,0.0000,8.0,5.0,8.0,3.0,,,
5nEmi3YIz4,5.0,Reject,4.33,Reject,Reject,YES,0.0000,0.0000,3.0,5.0,5.0,,,,
EAT7gmyIH2,5.0,Reject,6.25,Reject,Reject,YES,0.0000,0.0000,6.0,8.0,6.0,5.0,,,
in0Nmo8Ojd,5.0,Reject,5.50,Reject,Reject,YES,0.0000,0.0000,5.0,6.0,5.0,6.0,,,
ox2ATRM90I,7.0,Accept,6.20,Accept,Accept,YES,0.0000,0.0000,6.0,6.0,5.0,8.0,6.0,,
KCVv3tICvp,6.5,Accept,5.00,Reject,Reject,NO,0.0000,0.0000,3.0,6.0,5.0,6.0,,,
Q47jVPzJ3G,5.5,Accept,3.50,Reject,Reject,NO,0.0000,0.0000,3.0,5.0,3.0,3.0,,,
QuVlUn4T2G,6.0,Accept,6.75,Accept,Accept,YES,0.0000,0.0000,8.0,3.0,8.0,8.0,,,
TbJo3eQvHR,7.0,Accept,5.00,Reject,Reject,NO,0.0000,0.0000,5.0,6.0,3.0,5.0,6.0,,
Oashk4fDD9,8.0,Accept,6.00,Reject,Reject,NO,0.0000,0.0000,6.0,6.0,6.0,,,,
t9lS1lX9FQ,7.0,Accept,6.00,Accept,Accept,YES,0.0000,0.0000,6.0,6.0,6.0,,,,
akPwQb4fHU,5.5,Reject,3.67,Reject,Reject,YES,0.0000,0.0000,5.0,3.0,3.0,,,,
hPWWXpCaJ7,5.0,Reject,6.00,Accept,Accept,NO,0.0000,0.0000,6.0,6.0,6.0,6.0,,,
8Gqz2opok1,5.5,Reject,7.00,Accept,Accept,NO,0.0000,0.0000,8.0,8.0,6.0,6.0,,,
lOi6FtIwR8,6.5,Accept,6.67,Accept,Accept,YES,0.0000,0.0000,6.0,6.0,8.0,,,,
nKVYQOgD0q,5.5,Reject,5.50,Reject,Reject,YES,0.0000,0.0000,5.0,5.0,6.0,6.0,,,
ROxsH4rMe4,5.0,Reject,4.20,Reject,Reject,YES,0.0000,0.0000,3.0,3.0,5.0,5.0,5.0,,
sJzfxRbEv6,5.5,Reject,4.00,Reject,Reject,YES,0.0000,0.0000,3.0,5.0,3.0,5.0,,,
4fJghLR3hk,6.0,Accept,4.00,Reject,Reject,NO,0.0000,0.0000,3.0,6.0,3.0,,,,
6PGT9OJX5N,7.0,Accept,3.00,Reject,Reject,NO,0.0000,0.0000,5.0,3.0,3.0,1.0,,,
zv9jedBExg,6.0,Reject,3.75,Reject,Reject,YES,0.0000,0.0000,6.0,3.0,3.0,3.0,,,
5ZEbpBYGwH,5.5,Reject,7.25,Accept,Accept,NO,0.0000,0.0000,5.0,8.0,8.0,8.0,,,
2oKkQTyfz7,6.0,Accept,6.40,Accept,Accept,YES,0.0000,0.0000,6.0,8.0,6.0,6.0,6.0,,
VVO3ApdMUE,6.5,Accept,5.50,Accept,Accept,YES,0.0000,0.0000,6.0,3.0,5.0,8.0,,,
NeVbEYW4tp,5.5,Reject,5.00,Reject,Reject,YES,0.0000,0.0000,6.0,5.0,6.0,3.0,,,
cVyELMpMRS,6.0,Accept,6.50,Accept,Accept,YES,0.0000,0.0000,6.0,6.0,6.0,8.0,,,
Il5DjZmLzp,5.5,Reject,4.50,Reject,Reject,YES,0.0000,0.0000,3.0,6.0,6.0,3.0,,,
Je5SHCKpPa,7.0,Accept,6.50,Accept,Accept,YES,0.0000,0.0000,6.0,6.0,8.0,6.0,,,
wYmcfur889,6.5,Accept,6.00,Reject,Reject,NO,0.0000,0.0000,5.0,6.0,5.0,8.0,,,
UgTrngiN16,5.5,Reject,5.00,Reject,Reject,YES,0.0000,0.0000,1.0,6.0,6.0,8.0,6.0,3.0,
NoRvNK9eDp,6.5,Accept,4.50,Reject,Reject,NO,0.0000,0.0000,3.0,5.0,5.0,5.0,,,
LPG8pPSfQD,6.5,Reject,6.75,Accept,Accept,NO,0.0000,0.0000,6.0,5.0,8.0,8.0,,,
gkUyYcY1W9,7.0,Accept,6.50,Accept,Accept,YES,0.0000,0.0000,8.0,3.0,6.0,6.0,8.0,8.0,
BkR4QG4azn,7.5,Accept,5.60,Reject,Reject,NO,0.0000,0.0000,6.0,5.0,6.0,6.0,5.0,,
7kRFnSFN89,6.0,Accept,5.00,Reject,Reject,NO,0.0000,0.0000,3.0,8.0,3.0,6.0,,,
bI3fcTsKW4,6.5,Accept,6.25,Accept,Accept,YES,0.0000,0.0000,5.0,8.0,6.0,6.0,,,
4MsfQ2H0lP,5.5,Reject,6.00,Accept,Accept,NO,0.0000,0.0000,6.0,6.0,6.0,6.0,,,
RaqZX9LSGA,6.0,Accept,5.75,Accept,Accept,YES,0.0000,0.0000,5.0,6.0,6.0,6.0,,,
0lVQBMhsPG,5.5,Reject,4.20,Reject,Reject,YES,0.0000,0.0000,5.0,5.0,3.0,3.0,5.0,,
GrHewano8m,5.5,Reject,5.75,Reject,Reject,YES,0.0000,0.0000,5.0,5.0,5.0,8.0,,,
xAqcJ9XoTf,7.0,Accept,6.00,Accept,Accept,YES,0.0000,0.0000,8.0,5.0,6.0,5.0,6.0,,
BmYzoPppij,5.5,Reject,3.33,Reject,Reject,YES,0.0000,0.0000,6.0,1.0,3.0,,,,
B6Sdw56GQJ,7.0,Accept,4.75,Reject,Reject,NO,0.0000,0.0000,6.0,5.0,3.0,5.0,,,
ZU8OdDLTts,7.0,Accept,7.00,Accept,Accept,YES,0.0000,0.0000,8.0,5.0,8.0,,,,
LNLr8WXDEh,6.0,Accept,4.50,Reject,Reject,NO,0.0000,0.0000,5.0,3.0,5.0,5.0,,,
FJWT0692hw,6.5,Accept,6.00,Accept,Accept,YES,0.0000,0.0000,6.0,6.0,6.0,6.0,,,
p3NKpom1VL,6.0,Accept,5.33,Accept,Accept,YES,0.0000,0.0000,5.0,3.0,8.0,,,,
xlxGsX1pc7,6.5,Accept,5.25,Reject,Reject,NO,0.0000,0.0000,5.0,6.0,5.0,5.0,,,
RtDok9eS3s,6.5,Accept,7.33,Accept,Accept,YES,0.0000,0.0000,6.0,8.0,8.0,,,,
lVp97zZ5i8,7.0,Accept,6.00,Accept,Accept,YES,0.0000,0.0000,6.0,6.0,6.0,,,,
Pj4Aid3XqL,6.0,Accept,5.25,Accept,Accept,YES,0.0000,0.0000,5.0,5.0,5.0,6.0,,,
I1Gd2d1WXY,7.0,Accept,3.75,Reject,Reject,NO,0.0000,0.0000,6.0,3.0,3.0,3.0,,,
dA4EWchlbn,4.5,Reject,3.50,Reject,Reject,YES,0.0000,0.0000,3.0,3.0,5.0,3.0,,,
D7PQ54l5Q1,7.0,Accept,4.75,Reject,Reject,NO,0.0000,0.0000,3.0,5.0,5.0,6.0,,,
gZnBI7WS1K,5.5,Reject,3.50,Reject,Reject,YES,0.0000,0.0000,3.0,5.0,3.0,3.0,,,
7d2JwGbxhA,6.0,Accept,6.50,Accept,Accept,YES,0.0000,0.0000,6.0,8.0,6.0,6.0,,,
AeGrf1uY0p,6.0,Reject,4.75,Reject,Reject,YES,0.0000,0.0000,3.0,8.0,3.0,5.0,,,
iUwTDbjqyd,5.0,Reject,4.00,Reject,Reject,YES,0.0000,0.0000,5.0,5.0,3.0,3.0,,,
h8yg0hT96f,6.5,Accept,7.33,Accept,Accept,YES,0.0000,0.0000,8.0,6.0,8.0,,,,
PN3i4b6NED,5.5,Reject,3.50,Reject,Reject,YES,0.0000,0.0000,1.0,5.0,5.0,3.0,,,
eNbA8Fqir4,5.0,Accept,6.00,Accept,Accept,YES,0.0000,0.0000,8.0,6.0,5.0,6.0,5.0,,
T9w5ttdqLV,5.5,Reject,5.33,Reject,Reject,YES,0.0000,0.0000,6.0,5.0,5.0,,,,
mnHpxTxnYg,5.0,Reject,5.25,Reject,Reject,YES,0.0000,0.0000,5.0,8.0,5.0,3.0,,,
2JXe3RprGS,5.5,Reject,3.00,Reject,Reject,YES,0.0000,0.0000,3.0,3.0,3.0,,,,
VmGRoNDQgJ,6.5,Accept,7.50,Accept,Accept,YES,0.0000,0.0000,8.0,6.0,8.0,8.0,,,
mUbYof5MKp,6.5,Accept,6.00,Accept,Accept,YES,0.0000,0.0000,6.0,6.0,6.0,6.0,,,
46xYl55hdc,7.0,Accept,7.00,Accept,Accept,YES,0.0000,0.0000,8.0,8.0,6.0,6.0,,,
58KF6ne6d4,4.5,Reject,3.00,Reject,Reject,YES,0.0000,0.0000,5.0,3.0,3.0,1.0,,,
7LGmXXZXtP,6.5,Accept,6.67,Accept,Accept,YES,0.0000,0.0000,8.0,6.0,6.0,,,,
cbFqqtJGtA,7.0,Accept,4.25,Reject,Reject,NO,0.0000,0.0000,6.0,3.0,3.0,5.0,,,
rss4mLJDpT,6.0,Accept,4.50,Reject,Reject,NO,0.0000,0.0000,3.0,5.0,5.0,5.0,,,
f7PmO5boQ9,5.0,Reject,4.25,Reject,Reject,YES,0.0000,0.0000,3.0,6.0,5.0,3.0,,,
bXI0thP733,6.5,Accept,4.50,Reject,Reject,NO,0.0000,0.0000,5.0,5.0,5.0,3.0,,,
qh1goDZ0ZQ,6.0,Reject,4.33,Reject,Reject,YES,0.0000,0.0000,5.0,5.0,3.0,,,,
omrLHFzC37,7.0,Accept,6.25,Accept,Accept,YES,0.0000,0.0000,5.0,6.0,6.0,8.0,,,
fD8Whiy7ca,5.0,Reject,5.50,Reject,Reject,YES,0.0000,0.0000,6.0,3.0,8.0,5.0,,,
hYd6BCZTzg,6.0,Accept,6.25,Reject,Reject,NO,0.0000,0.0000,5.0,6.0,6.0,8.0,,,
iR5qF9N1Ge,4.5,Reject,5.80,Reject,Reject,YES,0.0000,0.0000,5.0,6.0,8.0,5.0,5.0,,
eIO1YcEdE6,6.0,Reject,4.75,Reject,Reject,YES,0.0000,0.0000,5.0,3.0,8.0,3.0,,,
5dcnU4gihd,6.0,Accept,4.50,Reject,Reject,NO,0.0000,0.0000,5.0,3.0,5.0,5.0,,,
UatDdAlr2x,7.0,Accept,5.75,Reject,Reject,NO,0.0000,0.0000,5.0,6.0,6.0,6.0,,,
n64NYyc6rQ,6.0,Accept,6.20,Accept,Accept,YES,0.0000,0.0000,6.0,8.0,5.0,6.0,6.0,,
GGAG3wFEKv,6.0,Accept,5.60,Reject,Reject,NO,0.0000,0.0000,6.0,6.0,6.0,5.0,5.0,,
EV7FMBZxnx,5.5,Reject,6.00,Accept,Accept,NO,0.0000,0.0000,6.0,6.0,6.0,,,,
z3dfuRcGAK,6.5,Accept,6.67,Accept,Accept,YES,0.0000,0.0000,6.0,6.0,8.0,,,,
NQUXBoGiDU,5.0,Reject,3.75,Reject,Reject,YES,0.0000,0.0000,1.0,3.0,5.0,6.0,,,
Y8OaqdX5Xt,6.5,Accept,4.50,Reject,Reject,NO,0.0000,0.0000,3.0,3.0,6.0,6.0,,,
MtoklWYQus,5.5,Reject,4.00,Reject,Reject,YES,0.0000,0.0000,1.0,5.0,5.0,5.0,,,
nCxULYtwkC,5.5,Reject,3.67,Reject,Reject,YES,0.0000,0.0000,3.0,5.0,3.0,,,,
BJfIDS5LsS,5.0,Reject,2.50,Reject,Reject,YES,0.0000,0.0000,3.0,3.0,1.0,3.0,,,
9HK2rHNAhd,5.0,Reject,5.50,Accept,Accept,NO,0.0000,0.0000,6.0,3.0,5.0,8.0,,,
L9G9nR8fMF,5.0,Reject,6.33,Reject,Reject,YES,0.0000,0.0000,6.0,5.0,8.0,,,,
4GJVU31mF7,6.5,Accept,4.25,Reject,Reject,NO,0.0000,0.0000,5.0,6.0,3.0,3.0,,,
QGGNvKaoIU,7.0,Accept,7.00,Accept,Accept,YES,0.0000,0.0000,6.0,8.0,6.0,8.0,,,
83w0LPowHz,4.5,Reject,4.00,Reject,Reject,YES,0.0000,0.0000,5.0,5.0,3.0,3.0,,,
Sw0O2ESxbf,6.5,Accept,4.75,Reject,Reject,NO,0.0000,0.0000,5.0,6.0,5.0,3.0,,,
NJUzUq2OIi,6.0,Reject,5.75,Reject,Reject,YES,0.0000,0.0000,6.0,5.0,6.0,6.0,,,
NGB6YNnO5o,5.0,Reject,6.25,Accept,Accept,NO,0.0000,0.0000,5.0,8.0,6.0,6.0,,,
