paper_id,pred_score,pred_decision,gt_avg_score,gt_decision,gt_binary,match,cost,sdk_savings,gt_score_0,gt_score_1,gt_score_2,gt_score_3,gt_score_4,gt_score_5,gt_score_6
jv2zHOalpL,1.0,Reject,6.00,Accept,Accept,NO,0.0000,0.0000,6.0,6.0,6.0,6.0,,,
25Zlvl7JxW,5.5,Reject,6.50,Accept,Accept,NO,0.0000,0.0000,6.0,6.0,8.0,6.0,,,
ikqcUzUogm,7.0,Accept,4.75,Reject,Reject,NO,0.0000,0.0000,3.0,5.0,6.0,5.0,,,
AfZH9EEuRR,5.0,Reject,2.20,Reject,Reject,YES,0.0000,0.0000,1.0,1.0,3.0,3.0,3.0,,
2iGiSHmeAN,6.5,Reject,6.50,Accept,Accept,NO,0.0000,0.0000,6.0,6.0,8.0,6.0,,,
HYyRwm367m,6.5,Accept,6.50,Accept,Accept,YES,0.0000,0.0000,6.0,8.0,6.0,6.0,,,
0VZP2Dr9KX,6.0,Accept,5.25,Reject,Reject,NO,0.0000,0.0000,3.0,5.0,8.0,5.0,,,
gGpuhyjIlS,7.0,Accept,4.50,Reject,Reject,NO,0.0000,0.0000,5.0,3.0,5.0,5.0,,,
oYjPk8mqAV,7.5,Accept,8.00,Accept,Accept,YES,0.0000,0.0000,8.0,8.0,8.0,8.0,,,
OKOjkFrhSs,5.0,Reject,3.00,Reject,Reject,YES,0.0000,0.0000,3.0,3.0,3.0,3.0,,,
FvfhHucpLd,6.5,Accept,3.67,Reject,Reject,NO,0.0000,0.0000,3.0,3.0,5.0,,,,
Dnn7SoD224,7.0,Accept,6.00,Reject,Reject,NO,0.0000,0.0000,6.0,6.0,6.0,6.0,,,
GrDne4055L,4.5,Reject,6.25,Accept,Accept,NO,0.0000,0.0000,8.0,6.0,5.0,6.0,,,
wP0nDEAlap,6.0,Accept,4.00,Reject,Reject,NO,0.0000,0.0000,5.0,3.0,3.0,5.0,,,
l30moNjSY9,5.5,Reject,6.00,Accept,Accept,NO,0.0000,0.0000,6.0,6.0,6.0,,,,
XwibrZ9MHG,7.0,Accept,4.00,Reject,Reject,NO,0.0000,0.0000,5.0,3.0,5.0,3.0,,,
YCOVTlMFIG,7.0,Accept,5.00,Reject,Reject,NO,0.0000,0.0000,6.0,5.0,8.0,5.0,3.0,3.0,
tOzCcDdH9O,5.0,Reject,6.25,Accept,Accept,NO,0.0000,0.0000,6.0,8.0,6.0,5.0,,,
NTHMw8S1Ow,5.0,Reject,7.33,Accept,Accept,NO,0.0000,0.0000,6.0,8.0,8.0,,,,
fjJcJhIzYx,4.5,Reject,4.75,Reject,Reject,YES,0.0000,0.0000,3.0,6.0,5.0,5.0,,,
lpt4ADbacU,5.0,Reject,4.00,Reject,Reject,YES,0.0000,0.0000,5.0,3.0,5.0,3.0,,,
z9UBpl4pv5,6.0,Accept,4.33,Reject,Reject,NO,0.0000,0.0000,5.0,5.0,3.0,,,,
czVzzXPCkw,6.0,Accept,4.33,Reject,Reject,NO,0.0000,0.0000,5.0,5.0,3.0,,,,
o1IiiNIoaA,5.0,Reject,5.20,Accept,Accept,NO,0.0000,0.0000,6.0,8.0,6.0,3.0,3.0,,
PqjQmLNuJt,4.0,Accept,2.50,Reject,Reject,NO,0.0000,0.0000,3.0,5.0,1.0,1.0,,,
0ApkwFlCxq,7.5,Accept,6.25,Reject,Reject,NO,0.0000,0.0000,8.0,6.0,5.0,6.0,,,
2jf5x5XoYk,6.5,Accept,6.75,Accept,Accept,YES,0.0000,0.0000,8.0,6.0,5.0,8.0,,,
KtqZrNjvjd,6.0,Accept,5.80,Reject,Reject,NO,0.0000,0.0000,6.0,6.0,6.0,5.0,6.0,,
Y1XkzMJpPd,5.5,Reject,6.75,Accept,Accept,NO,0.0000,0.0000,3.0,8.0,8.0,8.0,,,
S1OAqOtN5U,6.0,Reject,5.25,Reject,Reject,YES,0.0000,0.0000,5.0,6.0,5.0,5.0,,,
7OO8tTOgh4,5.0,Reject,5.25,Reject,Reject,YES,0.0000,0.0000,5.0,6.0,5.0,5.0,,,
poFAoivHQk,6.0,Accept,3.75,Reject,Reject,NO,0.0000,0.0000,1.0,3.0,6.0,5.0,,,
H6UMc5VS70,7.0,Accept,5.75,Reject,Reject,NO,0.0000,0.0000,6.0,5.0,6.0,6.0,,,
W6yIKliMot,6.0,Accept,6.50,Accept,Accept,YES,0.0000,0.0000,6.0,6.0,6.0,8.0,,,
AialDkY6y3,5.0,Reject,4.40,Reject,Reject,YES,0.0000,0.0000,3.0,5.0,3.0,5.0,6.0,,
O34CXUAZ0E,5.0,Reject,5.00,Reject,Reject,YES,0.0000,0.0000,5.0,6.0,6.0,3.0,,,
2dLMPOY0HW,7.0,Accept,4.67,Reject,Reject,NO,0.0000,0.0000,8.0,3.0,3.0,,,,
s3003xWtfd,5.5,Reject,6.25,Reject,Reject,YES,0.0000,0.0000,3.0,8.0,6.0,8.0,,,
IAkflJmNrC,7.0,Accept,4.00,Reject,Reject,NO,0.0000,0.0000,5.0,5.0,3.0,3.0,,,
j50c2tkQUu,5.0,Reject,4.33,Reject,Reject,YES,0.0000,0.0000,5.0,3.0,5.0,,,,
OzUNDnpQyd,6.0,Accept,7.00,Accept,Accept,YES,0.0000,0.0000,8.0,6.0,8.0,6.0,,,
yOrtDi6IXs,6.5,Accept,4.25,Reject,Reject,NO,0.0000,0.0000,3.0,5.0,6.0,3.0,,,
1bbPQShCT2,5.0,Reject,6.50,Accept,Accept,NO,0.0000,0.0000,6.0,8.0,6.0,6.0,,,
W2Wkp9MQsF,5.5,Reject,5.75,Accept,Accept,NO,0.0000,0.0000,6.0,6.0,5.0,6.0,,,
XC0nEtnevb,6.0,Accept,4.75,Reject,Reject,NO,0.0000,0.0000,5.0,6.0,3.0,5.0,,,
oAMArMMQxb,7.0,Accept,6.25,Accept,Accept,YES,0.0000,0.0000,6.0,8.0,3.0,8.0,,,
1V1QQYARmd,5.5,Reject,5.50,Reject,Reject,YES,0.0000,0.0000,8.0,5.0,6.0,3.0,,,
XfKSDgqIRj,6.0,Accept,6.00,Accept,Accept,YES,0.0000,0.0000,6.0,6.0,6.0,6.0,,,
78iGZdqxYY,7.0,Accept,6.00,Accept,Accept,YES,0.0000,0.0000,6.0,6.0,6.0,6.0,,,
Y6KUBkUimC,7.5,Accept,6.00,Reject,Reject,NO,0.0000,0.0000,6.0,8.0,5.0,5.0,,,
5z9GjHgerY,7.5,Accept,6.33,Accept,Accept,YES,0.0000,0.0000,3.0,8.0,8.0,,,,
Z33PEFMuU3,6.0,Reject,5.75,Reject,Reject,YES,0.0000,0.0000,6.0,6.0,5.0,6.0,,,
friHAl5ofG,7.0,Accept,7.50,Accept,Accept,YES,0.0000,0.0000,8.0,6.0,8.0,8.0,,,
tZP4Uyql0r,4.0,Reject,2.33,Reject,Reject,YES,0.0000,0.0000,1.0,3.0,3.0,,,,
r65xfUb76p,6.0,Weak Accept,5.67,Accept,Accept,NO,0.0000,0.0000,8.0,3.0,6.0,,,,
9tiQ0aBK7c,5.5,Accept,5.20,Reject,Reject,NO,0.0000,0.0000,6.0,5.0,5.0,5.0,5.0,,
0yTf37PXcH,5.5,Accept,5.40,Reject,Reject,NO,0.0000,0.0000,6.0,5.0,3.0,8.0,5.0,,
pG820nmDvy,5.5,Reject,4.67,Reject,Reject,YES,0.0000,0.0000,5.0,3.0,6.0,,,,
QQt0MwXA81,6.0,Accept,6.20,Reject,Reject,NO,0.0000,0.0000,8.0,8.0,5.0,5.0,5.0,,
DE2RMJVjgI,6.0,Accept,4.25,Reject,Reject,NO,0.0000,0.0000,3.0,6.0,3.0,5.0,,,
uELjxVbrqG,5.0,Reject,7.00,Accept,Accept,NO,0.0000,0.0000,8.0,6.0,6.0,8.0,,,
h2Q3gOIz8q,7.0,Accept,5.50,Reject,Reject,NO,0.0000,0.0000,6.0,6.0,5.0,5.0,,,
dAIcU2ZwUN,5.5,Accept,4.25,Reject,Reject,NO,0.0000,0.0000,3.0,6.0,3.0,5.0,,,
HozsY9Gdcl,7.0,Accept,5.00,Reject,Reject,NO,0.0000,0.0000,5.0,5.0,5.0,,,,
rcdR97P2Mp,5.0,Accept,4.50,Reject,Reject,NO,0.0000,0.0000,5.0,5.0,5.0,3.0,,,
oUeYSTIhpE,6.0,Accept,4.75,Reject,Reject,NO,0.0000,0.0000,3.0,5.0,6.0,5.0,,,
0mJZplhexS,7.5,Accept,4.25,Reject,Reject,NO,0.0000,0.0000,5.0,3.0,3.0,6.0,,,
LlE61BEYpB,4.5,Reject,4.00,Reject,Reject,YES,0.0000,0.0000,3.0,3.0,5.0,5.0,,,
mqVgBbNCm9,7.0,Accept,5.67,Accept,Accept,YES,0.0000,0.0000,3.0,5.0,8.0,6.0,6.0,6.0,
YLTWwEjkdx,7.0,Accept,5.50,Reject,Reject,NO,0.0000,0.0000,6.0,5.0,5.0,6.0,,,
iEfdvDTcZg,6.5,Accept,6.25,Accept,Accept,YES,0.0000,0.0000,8.0,5.0,6.0,6.0,,,
6H4jRWKFc3,6.5,Accept,5.75,Accept,Accept,YES,0.0000,0.0000,8.0,6.0,6.0,3.0,,,
7JfKCZQPxJ,6.0,Accept,5.25,Accept,Accept,YES,0.0000,0.0000,6.0,6.0,3.0,6.0,,,
OnLAftJkhV,6.0,Accept,3.75,Reject,Reject,NO,0.0000,0.0000,3.0,6.0,3.0,3.0,,,
q4Bim1dDzb,6.5,Reject,5.75,Reject,Reject,YES,0.0000,0.0000,8.0,5.0,5.0,5.0,,,
fqtaADSGEe,-1,N/A,3.67,Reject,Reject,N/A,0.0000,0.0000,3.0,3.0,5.0,,,,
spwklWgmWJ,4.5,Reject,4.75,Reject,Reject,YES,0.0000,0.0000,3.0,3.0,8.0,5.0,,,
UfBIxpTK10,6.0,Accept,6.00,Accept,Accept,YES,0.0000,0.0000,6.0,8.0,5.0,5.0,6.0,,
hheFYjOsWO,6.5,Accept,6.75,Accept,Accept,YES,0.0000,0.0000,8.0,8.0,6.0,5.0,,,
5xwx1Myosu,7.0,Accept,6.50,Accept,Accept,YES,0.0000,0.0000,6.0,8.0,6.0,6.0,,,
HUzDU7u5B4,5.0,Reject,4.33,Reject,Reject,YES,0.0000,0.0000,3.0,5.0,5.0,,,,
mkDam1xIzW,6.0,Reject,7.33,Accept,Accept,NO,0.0000,0.0000,8.0,6.0,8.0,,,,
Svt3SGy0yd,7.0,Accept,5.80,Reject,Reject,NO,0.0000,0.0000,8.0,5.0,6.0,5.0,5.0,,
50cmx4SrkM,6.0,Reject,5.75,Accept,Accept,NO,0.0000,0.0000,5.0,8.0,5.0,5.0,,,
yBLBls6ryd,6.0,Accept,4.86,Reject,Reject,NO,0.0000,0.0000,5.0,3.0,5.0,5.0,3.0,8.0,
K7l94Z81bH,5.5,Reject,5.25,Reject,Reject,YES,0.0000,0.0000,5.0,5.0,5.0,6.0,,,
4QWPCTLq20,4.0,Reject,3.00,Reject,Reject,YES,0.0000,0.0000,3.0,3.0,3.0,3.0,3.0,,
AvXrppAS2o,3.0,Reject,3.00,Reject,Reject,YES,0.0000,0.0000,3.0,3.0,3.0,1.0,5.0,3.0,
MCUvAc1GTg,6.5,Accept,5.50,Reject,Reject,NO,0.0000,0.0000,5.0,8.0,6.0,3.0,,,
ETFfXGM3e4,5.0,Reject,5.50,Reject,Reject,YES,0.0000,0.0000,6.0,5.0,6.0,5.0,,,
wV9iMiyQcc,6.0,Accept,5.33,Reject,Reject,NO,0.0000,0.0000,5.0,5.0,6.0,,,,
EKaVO0ceh8,7.0,Accept,6.00,Reject,Reject,NO,0.0000,0.0000,6.0,5.0,5.0,8.0,,,
2y8XnaIiB8,6.5,Accept,5.50,Reject,Reject,NO,0.0000,0.0000,6.0,5.0,6.0,5.0,,,
uuCcK4cmlH,6.0,Accept,3.00,Reject,Reject,NO,0.0000,0.0000,3.0,3.0,3.0,,,,
x1SfON9HvT,6.0,Accept,3.75,Reject,Reject,NO,0.0000,0.0000,3.0,3.0,6.0,3.0,,,
ajSmXqgS24,6.5,Accept,6.25,Accept,Accept,YES,0.0000,0.0000,8.0,3.0,6.0,8.0,,,
GtxzVbjPKC,5.0,Accept,3.50,Reject,Reject,NO,0.0000,0.0000,3.0,3.0,3.0,5.0,,,
KjOAHlKMF5,7.0,Accept,7.00,Accept,Accept,YES,0.0000,0.0000,8.0,6.0,8.0,6.0,,,
AgTSjXh7vl,5.0,Reject,4.25,Reject,Reject,YES,0.0000,0.0000,3.0,5.0,3.0,6.0,,,
Dgh5GXsW65,5.5,Reject,5.50,Reject,Reject,YES,0.0000,0.0000,3.0,3.0,8.0,8.0,,,
uAFHCZRmXk,7.5,Accept,8.00,Accept,Accept,YES,0.0000,0.0000,8.0,8.0,8.0,8.0,,,
aWkAKucZMR,7.0,Accept,5.50,Reject,Reject,NO,0.0000,0.0000,5.0,8.0,6.0,3.0,,,
5AtHrq3B5R,6.5,Accept,5.50,Accept,Accept,YES,0.0000,0.0000,3.0,5.0,6.0,8.0,,,
scxDIx6StY,6.0,Accept,3.40,Reject,Reject,NO,0.0000,0.0000,5.0,5.0,3.0,3.0,1.0,,
bc3sUsS6ck,6.5,Reject,5.75,Accept,Accept,NO,0.0000,0.0000,5.0,6.0,6.0,6.0,,,
H6XiAoyugv,6.0,Accept,4.33,Reject,Reject,NO,0.0000,0.0000,5.0,5.0,3.0,,,,
NFEnBqknoX,6.5,Accept,5.67,Reject,Reject,NO,0.0000,0.0000,3.0,6.0,8.0,,,,
02haSpO453,5.0,Reject,6.50,Accept,Accept,NO,0.0000,0.0000,8.0,6.0,6.0,6.0,,,
tXnAmayaio,6.0,Accept,4.25,Reject,Reject,NO,0.0000,0.0000,3.0,5.0,6.0,3.0,,,
lYRkGZZi9D,6.0,Accept,7.00,Accept,Accept,YES,0.0000,0.0000,6.0,8.0,6.0,8.0,,,
nDvgHIBRxQ,6.5,Accept,6.25,Accept,Accept,YES,0.0000,0.0000,8.0,6.0,6.0,5.0,,,
Pt3lfU1NqC,7.5,Accept,6.25,Reject,Reject,NO,0.0000,0.0000,6.0,6.0,8.0,5.0,,,
VbR6K7TQV4,4.5,Reject,4.75,Reject,Reject,YES,0.0000,0.0000,5.0,5.0,6.0,3.0,,,
W2dR6rypBQ,5.0,Reject,6.75,Accept,Accept,NO,0.0000,0.0000,8.0,6.0,5.0,8.0,,,
jUxzh1bi3i,5.5,Reject,5.75,Reject,Reject,YES,0.0000,0.0000,6.0,6.0,5.0,6.0,,,
yZJapMWdHZ,4.5,Reject,6.00,Reject,Reject,YES,0.0000,0.0000,6.0,6.0,6.0,,,,
abRWxnjMIz,6.0,Accept,4.00,Reject,Reject,NO,0.0000,0.0000,5.0,3.0,3.0,5.0,,,
rgiIZ3pcZY,6.0,Accept,4.75,Reject,Reject,NO,0.0000,0.0000,6.0,3.0,5.0,5.0,,,
0bjIoHD45G,5.5,Reject,4.20,Reject,Reject,YES,0.0000,0.0000,5.0,3.0,5.0,3.0,5.0,,
oY2jw2NLiM,5.5,Reject,3.00,Reject,Reject,YES,0.0000,0.0000,1.0,3.0,5.0,3.0,,,
rzx3vcvlzj,6.5,Accept,5.83,Accept,Accept,YES,0.0000,0.0000,6.0,8.0,6.0,8.0,6.0,1.0,
WPsnH6875d,6.5,Accept,6.00,Accept,Accept,YES,0.0000,0.0000,6.0,6.0,6.0,6.0,,,
Zkrsr7vAaG,5.0,Reject,4.00,Reject,Reject,YES,0.0000,0.0000,3.0,3.0,5.0,5.0,,,
eR9C6c76j5,7.5,Accept,4.60,Reject,Reject,NO,0.0000,0.0000,6.0,5.0,6.0,3.0,3.0,,
hRSabwKj53,7.0,Accept,4.25,Reject,Reject,NO,0.0000,0.0000,6.0,3.0,5.0,3.0,,,
JnRvQ8CxLx,7.0,Accept,4.00,Reject,Reject,NO,0.0000,0.0000,5.0,3.0,5.0,3.0,,,
UmhC7fuhzs,5.0,Reject,6.50,Reject,Reject,YES,0.0000,0.0000,6.0,6.0,6.0,8.0,,,
0Wl6h2CZeJ,6.0,Accept,5.50,Reject,Reject,NO,0.0000,0.0000,6.0,5.0,6.0,5.0,,,
ZcBhd1F7PA,6.0,Accept,5.00,Reject,Reject,NO,0.0000,0.0000,5.0,5.0,5.0,5.0,,,
1L9vdc7BB5,5.0,Accept,5.50,Reject,Reject,NO,0.0000,0.0000,6.0,5.0,5.0,6.0,,,
dQzpP9ziaJ,6.0,Accept,3.50,Reject,Reject,NO,0.0000,0.0000,5.0,3.0,3.0,3.0,,,
sRaAt9OOnW,5.5,Reject,6.20,Reject,Reject,YES,0.0000,0.0000,6.0,5.0,6.0,8.0,6.0,,
acH47FOCTV,5.5,Accept,5.50,Reject,Reject,NO,0.0000,0.0000,6.0,6.0,5.0,5.0,,,
xUHL8mtSUL,6.0,Accept,3.80,Reject,Reject,NO,0.0000,0.0000,3.0,3.0,5.0,3.0,5.0,,
vDp6StrKIq,5.0,Reject,6.33,Accept,Accept,NO,0.0000,0.0000,5.0,8.0,6.0,,,,
AXC9KydyZq,5.0,Reject,7.00,Accept,Accept,NO,0.0000,0.0000,6.0,6.0,8.0,8.0,,,
ecIvumCyAj,5.0,Reject,5.75,Accept,Accept,NO,0.0000,0.0000,6.0,8.0,3.0,6.0,,,
YkCjojDG3l,5.0,Accept,5.00,Reject,Reject,NO,0.0000,0.0000,3.0,3.0,6.0,5.0,8.0,,
OBTmkKBmQW,6.0,Accept,4.00,Reject,Reject,NO,0.0000,0.0000,3.0,5.0,3.0,5.0,,,
HXWTXXtHNl,7.5,Accept,5.75,Accept,Accept,YES,0.0000,0.0000,5.0,6.0,6.0,6.0,,,
JIGuWpQcqO,6.5,Accept,3.67,Reject,Reject,NO,0.0000,0.0000,3.0,3.0,5.0,,,,
jsWCmrsHHs,5.0,Reject,7.50,Accept,Accept,NO,0.0000,0.0000,6.0,8.0,8.0,8.0,,,
OM1R87YLTc,4.5,Reject,2.00,Reject,Reject,YES,0.0000,0.0000,1.0,1.0,3.0,3.0,,,
2PRpcmJecX,7.0,Accept,6.50,Accept,Accept,YES,0.0000,0.0000,8.0,6.0,6.0,6.0,,,
9Hxdixed7p,7.0,Accept,6.25,Accept,Accept,YES,0.0000,0.0000,6.0,5.0,8.0,6.0,,,
53kUa92R7J,1.0,Reject,3.00,Reject,Reject,YES,0.0000,0.0000,3.0,3.0,3.0,,,,
gVnJFY8nCM,6.5,Accept,6.25,Accept,Accept,YES,0.0000,0.0000,6.0,5.0,8.0,6.0,,,
BuBBRn0zFD,7.0,Accept,4.75,Reject,Reject,NO,0.0000,0.0000,5.0,3.0,6.0,5.0,,,
5Ro7JT5Vaf,4.5,Reject,3.50,Reject,Reject,YES,0.0000,0.0000,3.0,5.0,3.0,3.0,,,
o3jgyJIhnv,5.0,Reject,4.00,Reject,Reject,YES,0.0000,0.0000,5.0,5.0,3.0,3.0,,,
FUaDMRVrbS,6.5,Accept,7.00,Accept,Accept,YES,0.0000,0.0000,8.0,6.0,6.0,8.0,,,
gmg7t8b4s0,6.0,Accept,6.25,Accept,Accept,YES,0.0000,0.0000,8.0,3.0,8.0,6.0,,,
3X6QlkWfHH,5.5,Accept,4.00,Reject,Reject,NO,0.0000,0.0000,3.0,5.0,5.0,3.0,,,
kYwTmlq6Vn,6.0,Weak Accept,6.75,Accept,Accept,NO,0.0000,0.0000,8.0,3.0,8.0,8.0,,,
haJHr4UsQX,7.5,Accept,6.67,Accept,Accept,YES,0.0000,0.0000,8.0,6.0,6.0,,,,
RBL3Gm5ygj,6.0,Accept,5.67,Reject,Reject,NO,0.0000,0.0000,5.0,6.0,6.0,,,,
Aku2I3z4aV,3.0,Reject,2.60,Reject,Reject,YES,0.0000,0.0000,3.0,3.0,5.0,1.0,1.0,,
Y2Txh5uGRe,5.0,Reject,4.25,Reject,Reject,YES,0.0000,0.0000,3.0,5.0,3.0,6.0,,,
myYKk4Qz3l,5.0,Reject,4.50,Reject,Reject,YES,0.0000,0.0000,5.0,5.0,5.0,3.0,,,
ljVCPV7jK3,6.5,Accept,4.00,Reject,Reject,NO,0.0000,0.0000,3.0,3.0,6.0,,,,
C0HDYvGwol,7.0,Accept,5.60,Reject,Reject,NO,0.0000,0.0000,5.0,6.0,5.0,6.0,6.0,,
xOtOfdbBqK,5.5,Reject,5.75,Reject,Reject,YES,0.0000,0.0000,6.0,6.0,6.0,5.0,,,
7eYmijcuqO,5.5,Reject,3.00,Reject,Reject,YES,0.0000,0.0000,3.0,3.0,3.0,3.0,,,
ysZvK6b60c,6.5,Accept,4.50,Reject,Reject,NO,0.0000,0.0000,5.0,5.0,5.0,3.0,,,
otoggKnn0A,5.0,Reject,4.00,Reject,Reject,YES,0.0000,0.0000,3.0,5.0,3.0,5.0,,,
sPuLtU32av,5.5,Reject,7.00,Accept,Accept,NO,0.0000,0.0000,8.0,6.0,6.0,8.0,,,
1DIdt2YOPw,6.5,Accept,3.80,Reject,Reject,NO,0.0000,0.0000,3.0,3.0,3.0,5.0,5.0,,
xcPN6Or88c,5.0,Reject,4.25,Reject,Reject,YES,0.0000,0.0000,5.0,3.0,3.0,6.0,,,
77plFC53J5,3.0,Reject,3.75,Reject,Reject,YES,0.0000,0.0000,6.0,3.0,3.0,3.0,,,
Fty0wTcemV,5.0,Reject,6.00,Accept,Accept,NO,0.0000,0.0000,6.0,6.0,6.0,,,,
6c4gv0E9sF,5.5,Reject,6.33,Reject,Reject,YES,0.0000,0.0000,8.0,8.0,3.0,,,,
1uHTIjXjkk,5.5,Reject,4.00,Reject,Reject,YES,0.0000,0.0000,5.0,1.0,5.0,5.0,,,
3UB4NaEb1g,6.0,Accept,4.50,Reject,Reject,NO,0.0000,0.0000,3.0,6.0,3.0,6.0,,,
M2g647Femt,4.0,Reject,3.50,Reject,Reject,YES,0.0000,0.0000,5.0,3.0,5.0,1.0,,,
NSVtmmzeRB,7.5,Accept,8.00,Accept,Accept,YES,0.0000,0.0000,8.0,8.0,8.0,8.0,,,
2uQBSa2X4R,5.0,Reject,6.50,Accept,Accept,NO,0.0000,0.0000,8.0,5.0,5.0,8.0,,,
Ncx0X8lcN1,7.0,Accept,4.25,Reject,Reject,NO,0.0000,0.0000,6.0,3.0,5.0,3.0,,,
sbiU3WZpTp,5.5,Accept,5.33,Reject,Reject,NO,0.0000,0.0000,6.0,5.0,5.0,,,,
ETokBVXrbC,5.0,Reject,3.50,Reject,Reject,YES,0.0000,0.0000,3.0,5.0,3.0,3.0,,,
ikr5XomWHS,6.0,Reject,6.33,Accept,Accept,NO,0.0000,0.0000,8.0,5.0,6.0,,,,
6zAIFLgayn,5.5,Reject,5.00,Reject,Reject,YES,0.0000,0.0000,5.0,5.0,5.0,5.0,,,
8ZJAdSVHS1,7.0,Accept,4.25,Reject,Reject,NO,0.0000,0.0000,5.0,6.0,3.0,3.0,,,
gfh8ZbSlyf,6.5,Accept,5.33,Reject,Reject,NO,0.0000,0.0000,5.0,5.0,6.0,,,,
sdLGY9Dj5r,6.5,Accept,6.00,Accept,Accept,YES,0.0000,0.0000,6.0,5.0,8.0,5.0,,,
GARbxyCV13,6.0,Reject,5.75,Reject,Reject,YES,0.0000,0.0000,5.0,6.0,6.0,6.0,,,
anQDiQZhDP,6.0,Accept,5.50,Accept,Accept,YES,0.0000,0.0000,5.0,3.0,8.0,6.0,,,
mRw9BuNO9i,6.0,Accept,6.00,Reject,Reject,NO,0.0000,0.0000,6.0,8.0,5.0,5.0,,,
oZyAqjAjJW,6.5,Accept,6.25,Accept,Accept,YES,0.0000,0.0000,8.0,5.0,6.0,6.0,,,
HSUSo9p8X5,5.5,Reject,5.75,Reject,Reject,YES,0.0000,0.0000,1.0,6.0,8.0,8.0,,,
CCUrU4A92S,5.0,Accept,3.50,Reject,Reject,NO,0.0000,0.0000,5.0,1.0,3.0,5.0,,,
FEZOLWexPb,5.0,Reject,6.50,Accept,Accept,NO,0.0000,0.0000,6.0,6.0,6.0,8.0,,,
zavLQJ1XjB,6.5,Accept,6.67,Accept,Accept,YES,0.0000,0.0000,8.0,6.0,6.0,,,,
Sh4FOyZRpv,5.0,Reject,5.75,Accept,Accept,NO,0.0000,0.0000,6.0,5.0,6.0,6.0,,,
PfYg3eRrNi,7.0,Accept,4.80,Reject,Reject,NO,0.0000,0.0000,5.0,6.0,3.0,5.0,5.0,,
NLRo4qhg6t,5.0,Reject,3.00,Reject,Reject,YES,0.0000,0.0000,5.0,3.0,1.0,3.0,,,
i1Yxnar4mj,5.5,Accept,4.50,Reject,Reject,NO,0.0000,0.0000,6.0,3.0,3.0,6.0,,,
xxI4nAj7zi,6.0,Weak Accept,4.00,Reject,Reject,NO,0.0000,0.0000,6.0,3.0,3.0,,,,
X0r4BN50Dv,5.5,Accept,6.67,Accept,Accept,YES,0.0000,0.0000,8.0,6.0,6.0,,,,
Pnktu2PBXD,4.5,Reject,6.00,Accept,Accept,NO,0.0000,0.0000,6.0,6.0,6.0,6.0,6.0,,
ENVwvyiJXY,5.5,Reject,4.00,Reject,Reject,YES,0.0000,0.0000,5.0,5.0,3.0,3.0,,,
LuT2CVrlpU,4.0,Reject,6.00,Accept,Accept,NO,0.0000,0.0000,6.0,6.0,6.0,6.0,,,
mxJEX6w5uN,5.5,Reject,5.25,Reject,Reject,YES,0.0000,0.0000,6.0,5.0,5.0,5.0,,,
CjPt1AC6w0,6.0,Accept,6.25,Reject,Reject,NO,0.0000,0.0000,6.0,8.0,6.0,5.0,,,
n39ilTxSDY,6.5,Accept,5.33,Reject,Reject,NO,0.0000,0.0000,5.0,6.0,5.0,,,,
J0cCuE3JRC,5.0,Reject,4.75,Reject,Reject,YES,0.0000,0.0000,3.0,3.0,5.0,8.0,,,
XgH1wfHSX8,7.0,Accept,7.50,Accept,Accept,YES,0.0000,0.0000,6.0,6.0,8.0,10.0,,,
D2hhkU5O48,4.5,Reject,6.75,Accept,Accept,NO,0.0000,0.0000,8.0,5.0,6.0,8.0,,,
mzo7N2XkJ2,6.0,Accept,4.00,Reject,Reject,NO,0.0000,0.0000,6.0,3.0,3.0,,,,
FWJAmwE0xH,7.0,Accept,6.25,Accept,Accept,YES,0.0000,0.0000,6.0,8.0,3.0,8.0,,,
l1pNNQSzZv,6.0,Accept,6.25,Reject,Reject,NO,0.0000,0.0000,8.0,5.0,6.0,6.0,,,
dsP91M4hDL,7.0,Accept,6.50,Accept,Accept,YES,0.0000,0.0000,6.0,8.0,6.0,6.0,,,
qVILwUxjLG,6.0,Accept,3.75,Reject,Reject,NO,0.0000,0.0000,3.0,3.0,3.0,6.0,,,
Tw9wemV6cb,7.0,Accept,7.50,Accept,Accept,YES,0.0000,0.0000,8.0,6.0,8.0,8.0,,,
v3DwQlyGbv,4.5,Reject,2.33,Reject,Reject,YES,0.0000,0.0000,3.0,1.0,3.0,,,,
zu7cBTPsDb,6.0,Accept,6.00,Accept,Accept,YES,0.0000,0.0000,6.0,6.0,6.0,6.0,,,
S6cBH99BhB,3.0,Reject,6.50,Accept,Accept,NO,0.0000,0.0000,5.0,8.0,5.0,8.0,,,
ZeaTvXw080,7.0,Accept,6.00,Accept,Accept,YES,0.0000,0.0000,6.0,6.0,6.0,6.0,,,
kYUpFKqtNe,5.0,Reject,3.50,Reject,Reject,YES,0.0000,0.0000,3.0,3.0,3.0,5.0,,,
TJNCnkDRkY,6.5,Accept,5.25,Reject,Reject,NO,0.0000,0.0000,5.0,5.0,6.0,5.0,,,
V7EiYG5DwZ,5.0,Reject,5.75,Reject,Reject,YES,0.0000,0.0000,5.0,5.0,5.0,8.0,,,
WDDyTcaP1L,6.0,Accept,4.75,Reject,Reject,NO,0.0000,0.0000,8.0,3.0,3.0,5.0,,,
0F1rIKppTf,4.5,Reject,5.75,Reject,Reject,YES,0.0000,0.0000,6.0,5.0,6.0,6.0,,,
tItq3cwzYc,4.5,Reject,3.67,Reject,Reject,YES,0.0000,0.0000,5.0,3.0,3.0,,,,
nRD5TriJ0O,5.5,Reject,4.60,Reject,Reject,YES,0.0000,0.0000,6.0,5.0,1.0,5.0,6.0,,
X1lDOv09hG,4.0,Reject,4.00,Reject,Reject,YES,0.0000,0.0000,3.0,3.0,5.0,5.0,,,
UZQl0rbxj6,5.0,Reject,5.00,Reject,Reject,YES,0.0000,0.0000,5.0,3.0,5.0,6.0,6.0,,
0bcUyy2vdY,5.0,Reject,5.50,Reject,Reject,YES,0.0000,0.0000,6.0,8.0,5.0,3.0,,,
CgqnYqpYQh,6.0,Accept,3.50,Reject,Reject,NO,0.0000,0.0000,5.0,3.0,3.0,3.0,,,
un9Gzm0BZb,5.0,Reject,4.75,Reject,Reject,YES,0.0000,0.0000,6.0,5.0,5.0,3.0,,,
EIfcSw6MW0,4.5,Reject,3.00,Reject,Reject,YES,0.0000,0.0000,3.0,3.0,3.0,3.0,,,
5zjsZiYEnr,5.5,Reject,6.00,Reject,Reject,YES,0.0000,0.0000,5.0,8.0,5.0,,,,
iOy2pITOoH,7.0,Accept,5.50,Reject,Reject,NO,0.0000,0.0000,5.0,6.0,6.0,5.0,,,
tEei1bolt3,7.0,Accept,5.00,Reject,Reject,NO,0.0000,0.0000,5.0,6.0,6.0,3.0,,,
7QDIFrtAsB,5.0,Reject,5.75,Reject,Reject,YES,0.0000,0.0000,6.0,5.0,6.0,6.0,,,
OhTzuWzO6Q,5.0,Reject,4.75,Reject,Reject,YES,0.0000,0.0000,5.0,5.0,3.0,6.0,,,
A7LTIuhH4k,6.0,Accept,5.00,Reject,Reject,NO,0.0000,0.0000,5.0,5.0,5.0,5.0,,,
1Wi0Ys33Nm,6.0,Accept,6.25,Accept,Accept,YES,0.0000,0.0000,6.0,6.0,8.0,5.0,,,
peX9zpWgg4,7.0,Accept,5.75,Accept,Accept,YES,0.0000,0.0000,6.0,6.0,5.0,6.0,,,
PlZIXgfWPH,6.0,Accept,5.75,Reject,Reject,NO,0.0000,0.0000,8.0,5.0,5.0,5.0,,,
gGWYecsK1U,7.0,Accept,6.50,Accept,Accept,YES,0.0000,0.0000,8.0,6.0,6.0,6.0,,,
B9klVS7Ddk,7.0,Accept,6.75,Accept,Accept,YES,0.0000,0.0000,8.0,5.0,8.0,6.0,,,
20oxNYWQl9,6.0,Accept,5.75,Reject,Reject,NO,0.0000,0.0000,5.0,6.0,6.0,6.0,,,
kRoWeLTpL4,7.5,Accept,7.50,Accept,Accept,YES,0.0000,0.0000,6.0,8.0,8.0,8.0,,,
w7LU2s14kE,6.5,Accept,7.33,Accept,Accept,YES,0.0000,0.0000,6.0,8.0,8.0,,,,
jkhVrIllKg,5.0,Accept,4.25,Reject,Reject,NO,0.0000,0.0000,5.0,6.0,3.0,3.0,,,
ImwrWH6U0Y,5.5,Reject,4.75,Reject,Reject,YES,0.0000,0.0000,5.0,6.0,5.0,3.0,,,
bcNwnuWMe0,6.0,Accept,4.33,Reject,Reject,NO,0.0000,0.0000,5.0,5.0,3.0,,,,
bqv7M0wc4x,7.5,Accept,5.50,Accept,Accept,YES,0.0000,0.0000,5.0,6.0,5.0,6.0,,,
6tvW2OuGNc,6.5,Accept,4.50,Reject,Reject,NO,0.0000,0.0000,3.0,5.0,5.0,5.0,,,
xw3fStKCwm,5.5,Reject,3.75,Reject,Reject,YES,0.0000,0.0000,3.0,6.0,3.0,3.0,,,
RcANissyP4,6.5,Accept,5.67,Reject,Reject,NO,0.0000,0.0000,6.0,6.0,5.0,,,,
xbXydoejvY,5.0,Reject,4.75,Reject,Reject,YES,0.0000,0.0000,6.0,3.0,5.0,5.0,,,
u8y7wYYs2D,6.0,Accept,4.75,Reject,Reject,NO,0.0000,0.0000,3.0,6.0,5.0,5.0,,,
IQ0BBfbYR2,5.5,Reject,3.67,Reject,Reject,YES,0.0000,0.0000,5.0,3.0,3.0,,,,
OZVTqoli2N,6.5,Accept,7.50,Accept,Accept,YES,0.0000,0.0000,8.0,8.0,8.0,6.0,,,
XUzHegCq6f,5.0,Reject,3.00,Reject,Reject,YES,0.0000,0.0000,3.0,3.0,3.0,3.0,,,
vJmpg0exYA,6.0,Accept,4.50,Reject,Reject,NO,0.0000,0.0000,3.0,6.0,3.0,6.0,,,
EO2hZTtK3M,5.0,Reject,4.00,Reject,Reject,YES,0.0000,0.0000,5.0,3.0,5.0,3.0,,,
dq3keisMjT,5.0,Reject,3.50,Reject,Reject,YES,0.0000,0.0000,3.0,3.0,3.0,5.0,,,
H6DpBnPCyH,6.0,Accept,5.50,Reject,Reject,NO,0.0000,0.0000,3.0,3.0,8.0,8.0,,,
6rMHcLWxl4,7.0,Accept,5.20,Reject,Reject,NO,0.0000,0.0000,5.0,5.0,6.0,5.0,5.0,,
gp5tRHkz9B,6.5,Accept,3.50,Reject,Reject,NO,0.0000,0.0000,5.0,3.0,3.0,3.0,,,
8sfc8MwG5v,5.5,Accept,5.50,Accept,Accept,YES,0.0000,0.0000,6.0,5.0,5.0,6.0,,,
YH5w12OUuU,5.5,Reject,6.33,Accept,Accept,NO,0.0000,0.0000,8.0,6.0,5.0,,,,
EXaKfdsw04,5.0,Accept,3.25,Reject,Reject,NO,0.0000,0.0000,3.0,3.0,1.0,6.0,,,
Ts95eXsPBc,2.5,Reject,7.00,Accept,Accept,NO,0.0000,0.0000,8.0,6.0,8.0,6.0,,,
O6znYvxC1U,4.5,Reject,6.33,Accept,Accept,NO,0.0000,0.0000,5.0,8.0,6.0,,,,
Go8hf9wKJx,5.5,Reject,4.25,Reject,Reject,YES,0.0000,0.0000,5.0,6.0,3.0,3.0,,,
Se6MgCtRhz,6.0,Accept,7.00,Accept,Accept,YES,0.0000,0.0000,8.0,8.0,6.0,6.0,,,
r92RVhnzKy,5.0,Reject,6.75,Reject,Reject,YES,0.0000,0.0000,5.0,6.0,8.0,8.0,,,
ZPTHI3X9y8,7.0,Accept,6.00,Reject,Reject,NO,0.0000,0.0000,6.0,5.0,8.0,5.0,,,
2gwo9cjOEz,6.0,Accept,6.00,Reject,Reject,NO,0.0000,0.0000,8.0,5.0,5.0,,,,
DexGnh0EcB,6.5,Accept,4.20,Reject,Reject,NO,0.0000,0.0000,3.0,6.0,6.0,3.0,3.0,,
xNwmWaq2KN,5.5,Reject,5.33,Reject,Reject,YES,0.0000,0.0000,5.0,5.0,6.0,,,,
iamWnRpMuQ,5.0,Reject,7.00,Accept,Accept,NO,0.0000,0.0000,8.0,6.0,6.0,8.0,,,
jMJ9IRWmH9,5.0,Reject,3.50,Reject,Reject,YES,0.0000,0.0000,1.0,5.0,5.0,3.0,,,
er7VhmqZEA,4.5,Reject,4.00,Reject,Reject,YES,0.0000,0.0000,5.0,3.0,5.0,3.0,,,
7El7K1DoyX,7.5,Accept,7.00,Accept,Accept,YES,0.0000,0.0000,8.0,6.0,8.0,6.0,,,
xOtOfdbBqK,5.0,Reject,5.75,Reject,Reject,YES,0.0000,0.0000,6.0,6.0,6.0,5.0,,,
LgzRo1RpLS,6.0,Accept,6.25,Accept,Accept,YES,0.0000,0.0000,5.0,6.0,8.0,6.0,,,
44IKUSdbUD,5.5,Reject,3.00,Reject,Reject,YES,0.0000,0.0000,5.0,3.0,1.0,,,,
rCGleSgNBK,7.0,Accept,5.25,Accept,Accept,YES,0.0000,0.0000,6.0,6.0,6.0,3.0,,,
LoXJlAW3gU,7.0,Accept,5.17,Reject,Reject,NO,0.0000,0.0000,5.0,6.0,6.0,5.0,6.0,3.0,
Jhu4dQv5rY,5.5,Reject,4.67,Reject,Reject,YES,0.0000,0.0000,5.0,6.0,3.0,,,,
7BESdFZ7YA,7.0,Accept,6.40,Accept,Accept,YES,0.0000,0.0000,8.0,6.0,6.0,6.0,6.0,,
1Q2t6D4dK6,6.0,Accept,5.25,Reject,Reject,NO,0.0000,0.0000,5.0,6.0,5.0,5.0,,,
EFzBhrEp8Y,5.0,Reject,5.00,Reject,Reject,YES,0.0000,0.0000,5.0,5.0,5.0,5.0,,,
w4C4z80w59,6.0,Accept,6.00,Accept,Accept,YES,0.0000,0.0000,6.0,6.0,6.0,6.0,,,
JshLcbPI9J,6.0,Accept,5.00,Reject,Reject,NO,0.0000,0.0000,5.0,5.0,3.0,6.0,6.0,,
xt3mCoDks7,6.0,Accept,4.75,Reject,Reject,NO,0.0000,0.0000,6.0,3.0,5.0,5.0,,,
T0ebbDO60R,6.5,Accept,3.75,Reject,Reject,NO,0.0000,0.0000,3.0,5.0,5.0,5.0,3.0,3.0,
WZfatbNdLV,5.5,Reject,5.50,Reject,Reject,YES,0.0000,0.0000,5.0,6.0,6.0,5.0,,,
6YdCMtRMuj,4.0,Reject,4.25,Reject,Reject,YES,0.0000,0.0000,3.0,6.0,5.0,3.0,,,
spwklWgmWJ,4.5,Reject,4.75,Reject,Reject,YES,0.0000,0.0000,3.0,3.0,8.0,5.0,,,
sOJriBlOFd,4.5,Reject,7.25,Accept,Accept,NO,0.0000,0.0000,8.0,8.0,5.0,8.0,,,
or9OfAC3kb,6.0,Reject,5.25,Reject,Reject,YES,0.0000,0.0000,3.0,6.0,6.0,6.0,,,
Fzz8acgC6X,4.5,Reject,3.40,Reject,Reject,YES,0.0000,0.0000,3.0,5.0,3.0,3.0,3.0,,
9ngFxN83j2,1.0,Reject,5.75,Reject,Reject,YES,0.0000,0.0000,6.0,3.0,8.0,6.0,,,
ZwhHSOHMTM,6.5,Accept,6.67,Accept,Accept,YES,0.0000,0.0000,8.0,6.0,6.0,,,,
ZTvUT49JjL,5.0,Reject,3.40,Reject,Reject,YES,0.0000,0.0000,3.0,3.0,3.0,5.0,3.0,,
LyNsMNNLjY,6.0,Accept,4.25,Reject,Reject,NO,0.0000,0.0000,3.0,6.0,3.0,5.0,,,
jqff3wzkLT,5.5,Reject,4.33,Reject,Reject,YES,0.0000,0.0000,5.0,5.0,3.0,,,,
Nx6Bb5uxfI,5.0,Reject,4.40,Reject,Reject,YES,0.0000,0.0000,5.0,6.0,5.0,5.0,1.0,,
Lz221VLWrO,5.5,Reject,5.00,Reject,Reject,YES,0.0000,0.0000,8.0,6.0,5.0,3.0,3.0,,
AS8SPTyBgw,7.5,Accept,5.50,Accept,Accept,YES,0.0000,0.0000,6.0,5.0,5.0,6.0,,,
8m7p4k6Zeb,5.5,Accept,6.00,Accept,Accept,YES,0.0000,0.0000,6.0,6.0,6.0,,,,
KTL534o7Ot,5.5,Reject,5.33,Reject,Reject,YES,0.0000,0.0000,6.0,5.0,5.0,,,,
2oWRumm67L,4.0,Reject,5.00,Accept,Accept,NO,0.0000,0.0000,6.0,6.0,5.0,3.0,,,
tj40W2HAKN,7.5,Accept,5.00,Reject,Reject,NO,0.0000,0.0000,5.0,6.0,3.0,5.0,6.0,,
8ZW3oLNE0c,6.0,Accept,4.33,Reject,Reject,NO,0.0000,0.0000,5.0,3.0,5.0,,,,
olOheQ0ZcK,4.5,Reject,5.75,Reject,Reject,YES,0.0000,0.0000,8.0,6.0,1.0,8.0,,,
7S1xDos9pH,6.0,Reject,5.75,Reject,Reject,YES,0.0000,0.0000,6.0,6.0,8.0,3.0,,,
evDSvZBFRP,5.0,Reject,4.00,Reject,Reject,YES,0.0000,0.0000,3.0,3.0,5.0,5.0,,,
ONWLxkNkGN,5.0,Accept,5.25,Reject,Reject,NO,0.0000,0.0000,5.0,6.0,5.0,5.0,,,
gwZ90hFSL2,5.0,Reject,1.00,Reject,Reject,YES,0.0000,0.0000,1.0,1.0,1.0,,,,
rgiIZ3pcZY,5.5,Accept,4.75,Reject,Reject,NO,0.0000,0.0000,6.0,3.0,5.0,5.0,,,
DjeQ39QoLQ,6.5,Accept,6.50,Accept,Accept,YES,0.0000,0.0000,6.0,8.0,6.0,6.0,,,
Of6tH5yfmK,5.0,Reject,5.33,Reject,Reject,YES,0.0000,0.0000,6.0,5.0,5.0,,,,
fQbIZY9a3G,5.0,Accept,5.00,Reject,Reject,NO,0.0000,0.0000,5.0,5.0,5.0,,,,
h71cSd2loX,7.0,Accept,5.50,Reject,Reject,NO,0.0000,0.0000,6.0,5.0,6.0,5.0,,,
j46zZVzVVQ,5.5,Reject,5.75,Reject,Reject,YES,0.0000,0.0000,6.0,6.0,6.0,5.0,,,
nS2DBNydCC,5.5,Reject,4.75,Reject,Reject,YES,0.0000,0.0000,6.0,5.0,3.0,5.0,,,
UrbTqU2xrb,6.0,Reject,5.75,Reject,Reject,YES,0.0000,0.0000,5.0,6.0,6.0,6.0,,,
8WpRt9pjeh,4.5,Reject,4.33,Reject,Reject,YES,0.0000,0.0000,5.0,3.0,5.0,,,,
pEh1SXCgOc,7.5,Accept,4.00,Reject,Reject,NO,0.0000,0.0000,5.0,3.0,5.0,3.0,,,
w7BGq6ozOL,4.5,Reject,4.50,Reject,Reject,YES,0.0000,0.0000,1.0,6.0,8.0,3.0,,,
k581sTMyPt,5.5,Accept,6.67,Accept,Accept,YES,0.0000,0.0000,6.0,8.0,6.0,,,,
ekz1hN5QNh,6.5,Accept,6.00,Accept,Accept,YES,0.0000,0.0000,6.0,6.0,6.0,,,,
Fx4fFBjn6j,5.0,Reject,5.33,Reject,Reject,YES,0.0000,0.0000,5.0,6.0,5.0,,,,
ukmh3mWFf0,5.0,Reject,3.40,Reject,Reject,YES,0.0000,0.0000,3.0,5.0,3.0,3.0,3.0,,
d5HUnyByAI,6.0,Reject,4.50,Accept,Accept,NO,0.0000,0.0000,3.0,6.0,6.0,3.0,,,
5JWAOLBxwp,7.0,Accept,5.80,Accept,Accept,YES,0.0000,0.0000,5.0,6.0,6.0,6.0,6.0,,
pqxSDbX8XT,4.5,Reject,3.50,Reject,Reject,YES,0.0000,0.0000,3.0,3.0,5.0,3.0,,,
sOmojPmnlL,5.0,Reject,4.25,Reject,Reject,YES,0.0000,0.0000,3.0,5.0,6.0,3.0,,,
uHVIxJGwr4,6.0,Reject,4.80,Reject,Reject,YES,0.0000,0.0000,5.0,8.0,3.0,3.0,5.0,,
yGnsH3gQ6U,7.0,Accept,5.75,Accept,Accept,YES,0.0000,0.0000,6.0,5.0,6.0,6.0,,,
mZn2Xyh9Ec,7.5,Accept,5.00,Accept,Accept,YES,0.0000,0.0000,6.0,1.0,8.0,5.0,,,
UEE13WQlNU,4.5,Reject,4.71,Reject,Reject,YES,0.0000,0.0000,6.0,5.0,5.0,6.0,5.0,3.0,
BTKAeLqLMw,7.5,Accept,6.33,Accept,Accept,YES,0.0000,0.0000,8.0,6.0,5.0,,,,
ZaSOGF8Ojq,5.0,Reject,5.75,Reject,Reject,YES,0.0000,0.0000,6.0,5.0,6.0,6.0,,,
zf777Odl6J,1.0,Reject,3.50,Reject,Reject,YES,0.0000,0.0000,3.0,3.0,3.0,5.0,,,
obYVdcMMIT,6.0,Reject,5.00,Reject,Reject,YES,0.0000,0.0000,5.0,6.0,5.0,3.0,1.0,6.0,
tZCqSVncRf,6.0,Accept,6.00,Accept,Accept,YES,0.0000,0.0000,5.0,6.0,8.0,5.0,,,
zbpzJmRNiZ,6.0,Accept,5.25,Reject,Reject,NO,0.0000,0.0000,5.0,8.0,5.0,3.0,,,
NSpe8QgsCB,7.5,Accept,7.00,Accept,Accept,YES,0.0000,0.0000,6.0,6.0,8.0,8.0,,,
57xboRTbwI,6.0,Reject,4.25,Reject,Reject,YES,0.0000,0.0000,3.0,6.0,5.0,3.0,,,
m3xVPaZp6Z,5.0,Reject,7.50,Accept,Accept,NO,0.0000,0.0000,8.0,8.0,8.0,6.0,,,
gAEEjGv5Oa,7.0,Accept,4.50,Reject,Reject,NO,0.0000,0.0000,3.0,6.0,6.0,3.0,,,
xJ5CF1aOOX,1.0,Reject,2.50,Reject,Reject,YES,0.0000,0.0000,3.0,3.0,3.0,1.0,,,
cHKuyeHmS9,7.5,Accept,5.33,Reject,Reject,NO,0.0000,0.0000,5.0,5.0,6.0,,,,
SHeVc7efFz,7.5,Accept,4.20,Reject,Reject,NO,0.0000,0.0000,1.0,5.0,6.0,6.0,3.0,,
mbo4YnWCHd,7.5,Accept,4.25,Reject,Reject,NO,0.0000,0.0000,3.0,6.0,3.0,5.0,,,
5rfj85bHCy,5.0,Reject,5.00,Reject,Reject,YES,0.0000,0.0000,5.0,5.0,5.0,,,,
9sOR0nYLtz,7.0,Accept,6.50,Accept,Accept,YES,0.0000,0.0000,6.0,6.0,8.0,6.0,,,
8xStV6KJEr,5.5,Accept,5.00,Reject,Reject,NO,0.0000,0.0000,5.0,5.0,5.0,5.0,,,
xhCZD9hiiA,7.0,Accept,6.00,Accept,Accept,YES,0.0000,0.0000,6.0,6.0,6.0,6.0,,,
oFIU5CBY9p,5.0,Reject,3.50,Reject,Reject,YES,0.0000,0.0000,3.0,5.0,3.0,3.0,,,
29p13QihRM,7.0,Accept,4.00,Reject,Reject,NO,0.0000,0.0000,3.0,5.0,5.0,3.0,,,
ydlDRUuGm9,6.0,Accept,6.25,Accept,Accept,YES,0.0000,0.0000,5.0,8.0,6.0,6.0,,,
sec09tLQUl,5.0,Reject,3.50,Reject,Reject,YES,0.0000,0.0000,3.0,3.0,3.0,5.0,,,
ULorFBST6X,4.0,Reject,6.50,Accept,Accept,NO,0.0000,0.0000,8.0,6.0,6.0,6.0,,,
OV0rZx8jr1,7.0,Accept,5.50,Reject,Reject,NO,0.0000,0.0000,6.0,5.0,6.0,5.0,,,
tRNKe2Vgqt,5.5,Accept,6.00,Accept,Accept,YES,0.0000,0.0000,6.0,6.0,6.0,6.0,6.0,,
de1218PoEl,5.5,Reject,5.75,Accept,Accept,NO,0.0000,0.0000,5.0,5.0,8.0,5.0,,,
PFUrgJtfs0,7.5,Accept,3.50,Reject,Reject,NO,0.0000,0.0000,3.0,5.0,5.0,1.0,,,
0uRc3CfJIQ,5.5,Reject,5.83,Accept,Accept,NO,0.0000,0.0000,5.0,6.0,8.0,8.0,5.0,3.0,
itrOA1adPn,6.0,Accept,4.25,Reject,Reject,NO,0.0000,0.0000,3.0,5.0,3.0,6.0,,,
WqovbCMrOp,5.0,Reject,5.80,Reject,Reject,YES,0.0000,0.0000,5.0,6.0,6.0,6.0,6.0,,
QByW8EYEtt,6.5,Accept,5.50,Reject,Reject,NO,0.0000,0.0000,3.0,5.0,6.0,8.0,,,
Q95MaWfF4e,7.5,Accept,7.00,Accept,Accept,YES,0.0000,0.0000,8.0,6.0,6.0,8.0,,,
RlpJmARXqj,2.0,Reject,3.50,Reject,Reject,YES,0.0000,0.0000,3.0,3.0,3.0,5.0,,,
lo9HMoGNwQ,5.5,Reject,4.50,Reject,Reject,YES,0.0000,0.0000,5.0,5.0,5.0,3.0,,,
AgMpK7z4bz,6.5,Accept,6.50,Accept,Accept,YES,0.0000,0.0000,6.0,8.0,6.0,6.0,,,
FLR1K8h5Eq,6.0,Accept,5.33,Reject,Reject,NO,0.0000,0.0000,6.0,5.0,5.0,,,,
BWAhEjXjeG,7.5,Accept,7.00,Accept,Accept,YES,0.0000,0.0000,6.0,8.0,8.0,6.0,,,
XMaPp8CIXq,6.5,Accept,3.00,Reject,Reject,NO,0.0000,0.0000,3.0,3.0,3.0,,,,
YH3tFtwuzb,7.0,Accept,5.40,Reject,Reject,NO,0.0000,0.0000,8.0,3.0,5.0,6.0,5.0,,
CtOA9aN8fr,6.5,Accept,5.25,Accept,Accept,YES,0.0000,0.0000,5.0,8.0,3.0,5.0,,,
aSoLl0nlzr,6.0,Accept,4.50,Reject,Reject,NO,0.0000,0.0000,5.0,5.0,3.0,5.0,,,
Naiy1jf8UA,5.5,Accept,6.00,Reject,Reject,NO,0.0000,0.0000,6.0,5.0,5.0,8.0,,,
hVpAjJPfgZ,4.5,Reject,3.25,Reject,Reject,YES,0.0000,0.0000,1.0,6.0,3.0,3.0,,,
aClIuYLG47,5.5,Accept,3.50,Reject,Reject,NO,0.0000,0.0000,3.0,1.0,5.0,5.0,,,
IT33VLRJuS,7.0,Accept,4.25,Reject,Reject,NO,0.0000,0.0000,3.0,8.0,3.0,3.0,,,
ptjrpEGrGg,7.0,Accept,6.40,Accept,Accept,YES,0.0000,0.0000,6.0,6.0,6.0,6.0,8.0,,
OIvg3MqWX2,7.0,Accept,8.00,Accept,Accept,YES,0.0000,0.0000,8.0,10.0,6.0,8.0,,,
gkfUvn0fLU,6.5,Accept,7.00,Accept,Accept,YES,0.0000,0.0000,8.0,6.0,8.0,6.0,,,
oGrGnPndHw,5.0,Reject,3.50,Reject,Reject,YES,0.0000,0.0000,5.0,3.0,3.0,3.0,,,
v7a4KET0Md,6.0,Accept,4.00,Reject,Reject,NO,0.0000,0.0000,6.0,3.0,3.0,,,,
JYTQ6ELUVO,6.0,Accept,6.50,Accept,Accept,YES,0.0000,0.0000,8.0,6.0,6.0,6.0,,,
pRCOZllZdT,6.0,Accept,7.00,Accept,Accept,YES,0.0000,0.0000,6.0,6.0,8.0,8.0,,,
hpZ5zpudH8,7.0,Accept,4.20,Reject,Reject,NO,0.0000,0.0000,3.0,6.0,6.0,3.0,3.0,,
A0W7VCSQev,6.5,Accept,4.75,Reject,Reject,NO,0.0000,0.0000,3.0,5.0,6.0,5.0,,,
usFdPd4Ghs,7.0,Accept,6.80,Accept,Accept,YES,0.0000,0.0000,5.0,8.0,5.0,8.0,8.0,,
gT5hALch9z,6.0,Accept,6.00,Accept,Accept,YES,0.0000,0.0000,6.0,6.0,6.0,6.0,,,
4jBL79L5QS,7.0,Accept,3.60,Reject,Reject,NO,0.0000,0.0000,3.0,3.0,6.0,3.0,3.0,,
t9NiRq9PGK,6.5,Accept,5.60,Reject,Reject,NO,0.0000,0.0000,6.0,5.0,5.0,6.0,6.0,,
wg8NPfeMF9,6.5,Accept,6.50,Accept,Accept,YES,0.0000,0.0000,6.0,6.0,6.0,8.0,,,
kbeX97jExm,5.0,Reject,6.67,Accept,Accept,NO,0.0000,0.0000,6.0,8.0,6.0,,,,
fTdhM7q1o2,6.0,Accept,3.00,Reject,Reject,NO,0.0000,0.0000,3.0,3.0,3.0,3.0,,,
dVq2StlcnY,7.0,Accept,5.75,Reject,Reject,NO,0.0000,0.0000,3.0,6.0,8.0,6.0,,,
PVHoELf5UN,5.5,Accept,6.40,Accept,Accept,YES,0.0000,0.0000,6.0,6.0,6.0,8.0,6.0,,
gZRfDWLlGY,5.0,Reject,4.33,Reject,Reject,YES,0.0000,0.0000,3.0,5.0,5.0,,,,
OpSMgpBubj,6.5,Accept,5.60,Reject,Reject,NO,0.0000,0.0000,8.0,5.0,5.0,5.0,5.0,,
QcvwVUqnCg,7.0,Accept,5.50,Reject,Reject,NO,0.0000,0.0000,5.0,3.0,6.0,8.0,,,
3b9SKkRAKw,7.0,Accept,8.00,Accept,Accept,YES,0.0000,0.0000,8.0,8.0,8.0,8.0,,,
9KiE3t6CsL,7.0,Accept,6.00,Accept,Accept,YES,0.0000,0.0000,6.0,6.0,6.0,,,,
2yqAzFPT4F,6.5,Accept,5.25,Reject,Reject,NO,0.0000,0.0000,5.0,3.0,5.0,8.0,,,
GFua0WEYGF,5.5,Accept,5.25,Reject,Reject,NO,0.0000,0.0000,5.0,5.0,6.0,5.0,,,
vfEqSWpMfj,4.5,Reject,2.50,Reject,Reject,YES,0.0000,0.0000,1.0,3.0,3.0,3.0,,,
k6OQ9VTZBZ,5.0,Reject,4.00,Reject,Reject,YES,0.0000,0.0000,5.0,3.0,3.0,5.0,,,
leACdxBEgv,8.0,Accept,6.67,Accept,Accept,YES,0.0000,0.0000,8.0,6.0,6.0,,,,
U3EzVIsyiP,5.5,Reject,4.75,Reject,Reject,YES,0.0000,0.0000,5.0,3.0,8.0,3.0,,,
5GgjiRzYp3,6.0,Accept,5.50,Accept,Accept,YES,0.0000,0.0000,5.0,5.0,6.0,6.0,,,
rwmwFnmjAX,6.5,Accept,4.75,Reject,Reject,NO,0.0000,0.0000,6.0,5.0,3.0,5.0,,,
tNvCSw8ONp,7.0,Accept,4.75,Reject,Reject,NO,0.0000,0.0000,5.0,5.0,3.0,6.0,,,
ePEZvQNFDW,5.5,Accept,5.00,Accept,Accept,YES,0.0000,0.0000,5.0,5.0,5.0,5.0,,,
6xfe4IVcOu,6.5,Accept,7.00,Accept,Accept,YES,0.0000,0.0000,8.0,8.0,6.0,6.0,,,
SGQ9aDvObu,3.5,Reject,3.67,Reject,Reject,YES,0.0000,0.0000,5.0,3.0,3.0,3.0,3.0,5.0,
8q9NOMzRDg,7.0,Accept,5.80,Accept,Accept,YES,0.0000,0.0000,6.0,6.0,6.0,6.0,5.0,,
ly10tMV6cD,4.5,Reject,3.25,Reject,Reject,YES,0.0000,0.0000,6.0,3.0,1.0,3.0,,,
bVBLqKoiJ1,7.0,Accept,4.00,Reject,Reject,NO,0.0000,0.0000,3.0,3.0,5.0,5.0,,,
o5wGjBEgH8,6.0,Accept,5.00,Reject,Reject,NO,0.0000,0.0000,6.0,6.0,3.0,,,,
neDGc4slhd,4.0,Reject,2.86,Reject,Reject,YES,0.0000,0.0000,1.0,5.0,3.0,1.0,6.0,1.0,
37mG1vvEKf,5.0,Reject,4.00,Reject,Reject,YES,0.0000,0.0000,3.0,5.0,3.0,5.0,,,
E60SIDItyT,-1,N/A,6.00,Accept,Accept,N/A,0.0000,0.0000,6.0,6.0,6.0,6.0,6.0,,
j4s6V1dl8m,5.0,Reject,6.00,Reject,Reject,YES,0.0000,0.0000,8.0,8.0,5.0,3.0,,,
aKRADWBJ1I,6.0,Accept,6.75,Accept,Accept,YES,0.0000,0.0000,8.0,8.0,5.0,6.0,,,
cQ25MQQSNI,6.5,Accept,6.00,Accept,Accept,YES,0.0000,0.0000,6.0,6.0,6.0,,,,
vhazhSm6I0,6.0,Accept,3.75,Reject,Reject,NO,0.0000,0.0000,3.0,3.0,3.0,6.0,,,
AoRIT2Uzfg,7.0,Accept,4.67,Reject,Reject,NO,0.0000,0.0000,8.0,3.0,3.0,,,,
Aemqy6Hjdj,5.0,Reject,5.67,Reject,Reject,YES,0.0000,0.0000,6.0,6.0,5.0,,,,
44cMlQSreK,7.5,Accept,7.20,Accept,Accept,YES,0.0000,0.0000,8.0,6.0,6.0,8.0,8.0,,
GF6UrrTWp1,5.0,Reject,2.60,Reject,Reject,YES,0.0000,0.0000,1.0,3.0,3.0,3.0,3.0,,
AKAlVyunxA,6.0,Accept,5.75,Reject,Reject,NO,0.0000,0.0000,6.0,6.0,5.0,6.0,,,
LKx4rubqkO,5.0,Reject,3.75,Reject,Reject,YES,0.0000,0.0000,3.0,3.0,3.0,6.0,,,
81qyvxW9pe,5.0,Reject,3.50,Reject,Reject,YES,0.0000,0.0000,3.0,5.0,3.0,3.0,,,
bDZCBjVgKW,5.0,Reject,4.00,Reject,Reject,YES,0.0000,0.0000,5.0,3.0,5.0,3.0,,,
hLZQTFGToA,3.0,Reject,4.50,Accept,Accept,NO,0.0000,0.0000,1.0,6.0,5.0,6.0,,,
aOJh9JvGcI,4.5,Reject,5.00,Reject,Reject,YES,0.0000,0.0000,6.0,3.0,6.0,5.0,,,
Hhx3swAQAZ,4.0,Reject,3.50,Reject,Reject,YES,0.0000,0.0000,5.0,3.0,3.0,3.0,,,
aSy2nYwiZ2,5.0,Reject,6.67,Accept,Accept,NO,0.0000,0.0000,8.0,6.0,6.0,,,,
zcTLpIfj9u,1.0,Reject,6.33,Accept,Accept,NO,0.0000,0.0000,6.0,5.0,8.0,,,,
cnKhHxN3xj,4.0,Reject,7.50,Accept,Accept,NO,0.0000,0.0000,8.0,8.0,6.0,8.0,,,
YQvvJjLWX0,7.0,Accept,5.50,Reject,Reject,NO,0.0000,0.0000,6.0,5.0,6.0,5.0,,,
PuKRVPXXpR,5.0,Reject,3.50,Reject,Reject,YES,0.0000,0.0000,3.0,3.0,5.0,3.0,,,
u9Z6gL5MlL,6.0,Accept,4.50,Reject,Reject,NO,0.0000,0.0000,6.0,3.0,6.0,3.0,,,
zgHamUBuuO,6.5,Accept,3.00,Reject,Reject,NO,0.0000,0.0000,3.0,5.0,1.0,3.0,,,
IZiKBis0AA,5.0,Reject,3.00,Reject,Reject,YES,0.0000,0.0000,3.0,3.0,3.0,3.0,,,
JYTQ6ELUVO,6.5,Accept,6.50,Accept,Accept,YES,0.0000,0.0000,8.0,6.0,6.0,6.0,,,
BvQkjCnXXr,4.5,Reject,4.50,Reject,Reject,YES,0.0000,0.0000,3.0,5.0,5.0,5.0,,,
tOzCcDdH9O,6.0,Accept,6.25,Accept,Accept,YES,0.0000,0.0000,6.0,8.0,6.0,5.0,,,
Z4s2oe3Oiq,5.0,Accept,5.00,Reject,Reject,NO,0.0000,0.0000,5.0,5.0,5.0,5.0,,,
q5zMyAUhGx,6.5,Accept,6.20,Accept,Accept,YES,0.0000,0.0000,8.0,6.0,6.0,5.0,6.0,,
SgymXhOEA5,7.5,Accept,7.50,Accept,Accept,YES,0.0000,0.0000,8.0,8.0,8.0,6.0,,,
nLWiR5P3wr,7.0,Accept,7.00,Accept,Accept,YES,0.0000,0.0000,8.0,6.0,8.0,6.0,,,
F4meTCwlxZ,4.5,Reject,5.00,Reject,Reject,YES,0.0000,0.0000,3.0,5.0,5.0,6.0,6.0,,
w8LMtFY97b,7.0,Accept,6.33,Accept,Accept,YES,0.0000,0.0000,8.0,5.0,6.0,,,,
LNYL96VIsD,6.0,Accept,4.75,Reject,Reject,NO,0.0000,0.0000,5.0,6.0,3.0,5.0,,,
JEYWfmz2TU,4.5,Reject,3.00,Reject,Reject,YES,0.0000,0.0000,3.0,3.0,3.0,3.0,,,
WfjJOEfAf7,6.0,Accept,6.00,Reject,Reject,NO,0.0000,0.0000,8.0,6.0,5.0,5.0,,,
kVrwHLAb20,7.5,Accept,6.50,Accept,Accept,YES,0.0000,0.0000,8.0,6.0,6.0,6.0,,,
vkOaerjEcz,5.5,Accept,5.20,Reject,Reject,NO,0.0000,0.0000,5.0,5.0,5.0,6.0,5.0,,
xriGRsoAza,7.0,Accept,8.00,Accept,Accept,YES,0.0000,0.0000,8.0,8.0,8.0,8.0,,,
28oMPC5bcE,5.5,Reject,5.50,Reject,Reject,YES,0.0000,0.0000,5.0,6.0,5.0,6.0,,,
8tWOUmBHRv,5.0,Reject,4.00,Reject,Reject,YES,0.0000,0.0000,5.0,5.0,3.0,3.0,,,
dliIIodM6b,6.5,Accept,6.00,Accept,Accept,YES,0.0000,0.0000,3.0,8.0,5.0,8.0,,,
NJ6nyv3XWH,5.5,Reject,3.00,Reject,Reject,YES,0.0000,0.0000,3.0,3.0,3.0,3.0,,,
ITi9Zwkge2,6.5,Accept,5.50,Reject,Reject,NO,0.0000,0.0000,6.0,5.0,6.0,5.0,,,
Md783Qa2JX,7.0,Accept,4.00,Reject,Reject,NO,0.0000,0.0000,6.0,3.0,3.0,,,,
6SNyuiph3F,4.5,Reject,5.25,Reject,Reject,YES,0.0000,0.0000,5.0,6.0,5.0,5.0,,,
7oLshfEIC2,7.5,Accept,5.67,Accept,Accept,YES,0.0000,0.0000,6.0,8.0,3.0,,,,
IEduRUO55F,8.0,Accept,6.25,Accept,Accept,YES,0.0000,0.0000,6.0,6.0,5.0,8.0,,,
0GzqVqCKns,6.5,Accept,6.50,Accept,Accept,YES,0.0000,0.0000,6.0,6.0,8.0,6.0,,,
QcMdPYBwTu,5.0,Reject,5.75,Accept,Accept,NO,0.0000,0.0000,6.0,6.0,3.0,8.0,,,
UuK99g47op,5.0,Reject,3.50,Reject,Reject,YES,0.0000,0.0000,5.0,3.0,3.0,3.0,,,
mHYkcQzdae,4.5,Reject,4.75,Reject,Reject,YES,0.0000,0.0000,5.0,6.0,5.0,3.0,,,
26XphugOcS,5.0,Reject,7.00,Accept,Accept,NO,0.0000,0.0000,8.0,8.0,6.0,6.0,,,
20mMK8UlFh,6.5,Accept,5.00,Reject,Reject,NO,0.0000,0.0000,5.0,5.0,5.0,5.0,,,
yheQRc5xWB,4.0,Reject,5.80,Accept,Accept,NO,0.0000,0.0000,5.0,6.0,6.0,6.0,6.0,,
q541p2YLt2,5.0,Reject,2.50,Reject,Reject,YES,0.0000,0.0000,3.0,1.0,3.0,3.0,,,
M8J0b9gNfG,6.5,Accept,6.20,Reject,Reject,NO,0.0000,0.0000,6.0,5.0,8.0,6.0,6.0,,
9DDJuab67K,5.5,Reject,3.80,Reject,Reject,YES,0.0000,0.0000,3.0,5.0,3.0,5.0,3.0,,
WtZRZC4zva,6.5,Accept,4.33,Reject,Reject,NO,0.0000,0.0000,5.0,3.0,5.0,,,,
9P5I9zTUAd,5.0,Accept,4.60,Reject,Reject,NO,0.0000,0.0000,6.0,5.0,3.0,6.0,3.0,,
Ebt7JgMHv1,7.5,Accept,6.33,Accept,Accept,YES,0.0000,0.0000,8.0,3.0,8.0,,,,
74vnDs1R97,6.5,Accept,5.80,Accept,Accept,YES,0.0000,0.0000,6.0,6.0,5.0,6.0,6.0,,
07ZaA3MiL0,7.0,Accept,4.25,Reject,Reject,NO,0.0000,0.0000,3.0,6.0,5.0,3.0,,,
WqL4wOU3tw,5.5,Reject,4.75,Reject,Reject,YES,0.0000,0.0000,6.0,5.0,3.0,5.0,,,
1L52bHEL5d,7.5,Accept,6.00,Accept,Accept,YES,0.0000,0.0000,6.0,6.0,6.0,6.0,,,
D2hhkU5O48,5.0,Reject,6.75,Accept,Accept,NO,0.0000,0.0000,8.0,5.0,6.0,8.0,,,
TvGPP8i18S,7.0,Accept,6.25,Accept,Accept,YES,0.0000,0.0000,5.0,8.0,6.0,6.0,,,
Ti0kjqFx7D,7.0,Accept,4.33,Reject,Reject,NO,0.0000,0.0000,5.0,5.0,3.0,,,,
Wd1R0oxe5j,5.5,Accept,3.50,Reject,Reject,NO,0.0000,0.0000,1.0,3.0,5.0,5.0,,,
iMI4HRpZFc,6.5,Accept,5.25,Reject,Reject,NO,0.0000,0.0000,5.0,5.0,5.0,6.0,,,
5sRnsubyAK,4.5,Reject,3.75,Reject,Reject,YES,0.0000,0.0000,5.0,6.0,3.0,1.0,,,
PCTqol2hvy,6.5,Accept,6.25,Reject,Reject,NO,0.0000,0.0000,6.0,8.0,3.0,8.0,,,
xKDZAW0He3,6.0,Accept,5.25,Accept,Accept,YES,0.0000,0.0000,6.0,6.0,6.0,3.0,,,
4XCfu7fTgw,5.0,Reject,5.00,Reject,Reject,YES,0.0000,0.0000,5.0,5.0,5.0,,,,
1YSJW69CFQ,1.5,Reject,1.67,Reject,Reject,YES,0.0000,0.0000,1.0,1.0,3.0,,,,
vvD0VFw0LG,6.0,Accept,4.75,Reject,Reject,NO,0.0000,0.0000,3.0,3.0,5.0,8.0,,,
yeeIGM3N6w,6.0,Accept,5.50,Reject,Reject,NO,0.0000,0.0000,6.0,5.0,5.0,6.0,,,
vl3F3s8OMg,6.5,Accept,4.25,Reject,Reject,NO,0.0000,0.0000,5.0,6.0,3.0,3.0,,,
OqZDfIknDe,4.0,Reject,3.50,Reject,Reject,YES,0.0000,0.0000,1.0,3.0,5.0,5.0,,,
7BQkXXM8Fy,7.0,Accept,7.50,Accept,Accept,YES,0.0000,0.0000,6.0,10.0,6.0,8.0,,,
eVpjeCNsR6,7.0,Accept,5.60,Reject,Reject,NO,0.0000,0.0000,6.0,6.0,3.0,8.0,5.0,,
Sw10tbj0gM,6.0,Accept,3.50,Reject,Reject,NO,0.0000,0.0000,5.0,3.0,3.0,3.0,,,
JOBokGDcX0,5.0,Reject,2.50,Reject,Reject,YES,0.0000,0.0000,5.0,3.0,1.0,1.0,,,
2gMwe9Duc4,7.5,Accept,4.67,Reject,Reject,NO,0.0000,0.0000,6.0,5.0,3.0,,,,
BfQNrKJMXq,6.5,Accept,4.75,Reject,Reject,NO,0.0000,0.0000,5.0,3.0,5.0,6.0,,,
6tDPefQyvB,6.0,Accept,5.00,Reject,Reject,NO,0.0000,0.0000,6.0,3.0,6.0,5.0,,,
tS3gexmfeT,4.0,Reject,3.50,Reject,Reject,YES,0.0000,0.0000,3.0,3.0,5.0,3.0,,,
VdDtRu7RTf,5.0,Reject,4.75,Reject,Reject,YES,0.0000,0.0000,5.0,3.0,5.0,6.0,,,
vgQmK5HHfz,5.0,Reject,4.83,Reject,Reject,YES,0.0000,0.0000,3.0,3.0,5.0,5.0,8.0,5.0,
7vKWg2Vdrs,4.5,Reject,3.25,Reject,Reject,YES,0.0000,0.0000,6.0,1.0,3.0,3.0,,,
w8Zo7jACq7,7.5,Accept,5.20,Reject,Reject,NO,0.0000,0.0000,5.0,6.0,6.0,3.0,6.0,,
DCDT918ZkI,5.0,Reject,5.75,Accept,Accept,NO,0.0000,0.0000,6.0,6.0,3.0,8.0,,,
aAI92OHA4t,4.5,Reject,2.33,Reject,Reject,YES,0.0000,0.0000,1.0,3.0,3.0,,,,
h7GAgbLSmC,6.5,Accept,7.00,Accept,Accept,YES,0.0000,0.0000,8.0,8.0,6.0,6.0,,,
qi5dkmEE91,5.0,Reject,3.00,Reject,Reject,YES,0.0000,0.0000,5.0,3.0,1.0,,,,
z4bfNsrum4,6.0,Accept,3.80,Reject,Reject,NO,0.0000,0.0000,1.0,3.0,6.0,3.0,6.0,,
IAlmvV1pZd,4.5,Reject,3.50,Reject,Reject,YES,0.0000,0.0000,3.0,5.0,3.0,3.0,,,
ziDFH8TPPK,5.0,Reject,6.25,Accept,Accept,NO,0.0000,0.0000,3.0,6.0,8.0,8.0,,,
8eenzfwKqU,5.0,Reject,5.50,Reject,Reject,YES,0.0000,0.0000,6.0,5.0,6.0,5.0,,,
0y0yOpI4wx,6.0,Accept,3.75,Reject,Reject,NO,0.0000,0.0000,6.0,1.0,5.0,3.0,,,
cznqgb4DNv,6.5,Accept,7.00,Accept,Accept,YES,0.0000,0.0000,8.0,3.0,8.0,8.0,8.0,,
8e2LirwiJT,6.0,Accept,6.40,Accept,Accept,YES,0.0000,0.0000,6.0,6.0,6.0,8.0,6.0,,
13G5KXm98a,5.0,Reject,5.00,Reject,Reject,YES,0.0000,0.0000,6.0,3.0,6.0,5.0,,,
4VfPLTqdrq,5.0,Reject,4.60,Reject,Reject,YES,0.0000,0.0000,5.0,3.0,5.0,5.0,5.0,,
Q95MaWfF4e,7.5,Accept,7.00,Accept,Accept,YES,0.0000,0.0000,8.0,6.0,6.0,8.0,,,
Y8L5RB4GWb,6.5,Accept,6.25,Accept,Accept,YES,0.0000,0.0000,8.0,6.0,5.0,6.0,,,
QaTBHSqmH9,6.0,Reject,6.50,Accept,Accept,NO,0.0000,0.0000,6.0,6.0,8.0,6.0,,,
qH5uyYCG2j,5.5,Reject,4.20,Reject,Reject,YES,0.0000,0.0000,6.0,6.0,1.0,3.0,5.0,,
WKW5TG8ItY,6.0,Accept,5.75,Accept,Accept,YES,0.0000,0.0000,6.0,5.0,6.0,6.0,,,
5bUy4F59mk,7.5,Accept,6.00,Accept,Accept,YES,0.0000,0.0000,6.0,6.0,6.0,6.0,,,
vAoyZWyDEc,3.0,Reject,2.50,Reject,Reject,YES,0.0000,0.0000,3.0,3.0,1.0,3.0,,,
qk8JMpwWPh,4.5,Reject,3.75,Reject,Reject,YES,0.0000,0.0000,6.0,3.0,3.0,3.0,,,
KRdiRGSNc9,7.0,Accept,4.60,Reject,Reject,NO,0.0000,0.0000,5.0,5.0,5.0,5.0,3.0,,
i6EtCiIK4a,7.0,Accept,6.60,Reject,Reject,NO,0.0000,0.0000,8.0,6.0,8.0,5.0,6.0,,
nttFj0wKfD,5.0,Reject,3.50,Reject,Reject,YES,0.0000,0.0000,3.0,3.0,5.0,3.0,,,
AjXkRZIvjB,7.0,Accept,6.00,Accept,Accept,YES,0.0000,0.0000,8.0,8.0,5.0,3.0,,,
QgwAYFrh9t,7.0,Accept,5.75,Accept,Accept,YES,0.0000,0.0000,5.0,5.0,8.0,5.0,,,
uNd289HjLi,6.0,Accept,6.33,Accept,Accept,YES,0.0000,0.0000,5.0,6.0,8.0,,,,
8lwWBSa1pJ,6.5,Accept,5.60,Reject,Reject,NO,0.0000,0.0000,6.0,3.0,5.0,8.0,6.0,,
DjIsNDEOYX,6.5,Accept,6.50,Accept,Accept,YES,0.0000,0.0000,5.0,8.0,5.0,8.0,,,
Mgq6kxl115,5.5,Reject,6.60,Accept,Accept,NO,0.0000,0.0000,5.0,8.0,6.0,8.0,6.0,,
N9hTix8kWA,0.0,Reject,5.33,Reject,Reject,YES,0.0000,0.0000,5.0,8.0,3.0,,,,
g8sGBSQjYk,7.0,Accept,7.33,Accept,Accept,YES,0.0000,0.0000,8.0,8.0,6.0,,,,
tKif2rXQ6V,5.5,Reject,3.50,Reject,Reject,YES,0.0000,0.0000,3.0,5.0,3.0,3.0,,,
6CZ50WgfCG,6.5,Accept,6.25,Accept,Accept,YES,0.0000,0.0000,8.0,3.0,8.0,6.0,,,
IQZicPtADC,5.5,Reject,5.83,Reject,Reject,YES,0.0000,0.0000,5.0,5.0,5.0,6.0,6.0,8.0,
8CJDYx8GwF,1.0,Reject,6.25,Reject,Reject,YES,0.0000,0.0000,5.0,6.0,6.0,8.0,,,
qTlcbLSm4p,4.5,Reject,7.00,Accept,Accept,NO,0.0000,0.0000,8.0,8.0,6.0,6.0,,,
sshYEYQ82L,5.5,Reject,4.75,Reject,Reject,YES,0.0000,0.0000,3.0,5.0,5.0,6.0,,,
wLbL3lJNTL,7.0,Accept,5.25,Reject,Reject,NO,0.0000,0.0000,3.0,5.0,8.0,5.0,,,
4nU3BLG1ni,4.5,Reject,5.00,Reject,Reject,YES,0.0000,0.0000,6.0,3.0,3.0,8.0,5.0,,
Pui7Sa6Jwi,7.0,Accept,5.67,Reject,Reject,NO,0.0000,0.0000,6.0,6.0,5.0,,,,
fzZfju8y0g,7.0,Accept,3.40,Reject,Reject,NO,0.0000,0.0000,3.0,3.0,3.0,5.0,3.0,,
pw2ssoOTpo,5.5,Reject,6.50,Accept,Accept,NO,0.0000,0.0000,8.0,6.0,6.0,6.0,,,
5j6wtOO6Fk,5.5,Reject,4.67,Reject,Reject,YES,0.0000,0.0000,3.0,3.0,8.0,,,,
10kBEqYKKN,5.0,Accept,3.00,Reject,Reject,NO,0.0000,0.0000,3.0,3.0,3.0,,,,
gIiz7tBtYZ,5.5,Reject,6.00,Accept,Accept,NO,0.0000,0.0000,6.0,6.0,6.0,6.0,,,
C5w86qtcgY,6.0,Accept,5.25,Reject,Reject,NO,0.0000,0.0000,8.0,3.0,5.0,5.0,,,
lvw3UgeVxS,6.5,Accept,7.50,Accept,Accept,YES,0.0000,0.0000,8.0,8.0,8.0,6.0,,,
9pKtcJcMP3,7.0,Accept,7.00,Accept,Accept,YES,0.0000,0.0000,6.0,8.0,8.0,6.0,,,
3LifGYAD0W,5.5,Accept,6.00,Reject,Reject,NO,0.0000,0.0000,8.0,5.0,6.0,5.0,,,
U7iiF79kI3,7.0,Accept,6.67,Accept,Accept,YES,0.0000,0.0000,6.0,8.0,6.0,,,,
EUe0yA2pAw,6.5,Accept,4.67,Reject,Reject,NO,0.0000,0.0000,5.0,6.0,3.0,5.0,3.0,6.0,
drovOv7IKB,5.0,Reject,5.00,Reject,Reject,YES,0.0000,0.0000,6.0,6.0,3.0,5.0,,,
Jwtpbhheoy,6.0,Accept,5.00,Reject,Reject,NO,0.0000,0.0000,5.0,5.0,5.0,,,,
OJsMGsO6yn,7.0,Accept,6.50,Accept,Accept,YES,0.0000,0.0000,6.0,8.0,6.0,6.0,,,
Q7uE3M5aMD,5.5,Reject,7.00,Reject,Reject,YES,0.0000,0.0000,6.0,8.0,8.0,6.0,,,
905dpz8K73,7.0,Accept,5.33,Reject,Reject,NO,0.0000,0.0000,5.0,6.0,5.0,,,,
sLregLuXpn,4.5,Reject,5.00,Accept,Accept,NO,0.0000,0.0000,3.0,6.0,6.0,,,,
jFJPd9kIiF,6.5,Accept,6.00,Accept,Accept,YES,0.0000,0.0000,5.0,6.0,8.0,5.0,,,
iTFdNLHE7k,6.0,Accept,6.75,Accept,Accept,YES,0.0000,0.0000,8.0,5.0,6.0,8.0,,,
Od39h4XQ3Y,6.5,Accept,6.00,Accept,Accept,YES,0.0000,0.0000,6.0,6.0,6.0,6.0,,,
Mv3GAYJGcW,5.0,Reject,6.00,Accept,Accept,NO,0.0000,0.0000,6.0,6.0,6.0,,,,
WR9M6AA4LT,7.5,Accept,6.00,Reject,Reject,NO,0.0000,0.0000,8.0,5.0,5.0,,,,
hrMNbdxcqL,5.0,Reject,3.00,Reject,Reject,YES,0.0000,0.0000,3.0,3.0,3.0,3.0,,,
f114duq0Ov,7.0,Accept,4.67,Reject,Reject,NO,0.0000,0.0000,6.0,5.0,3.0,,,,
lnVPfgRnIV,4.0,Reject,4.75,Reject,Reject,YES,0.0000,0.0000,6.0,3.0,5.0,5.0,,,
v9Sfo2hMJl,6.0,Accept,5.67,Reject,Reject,NO,0.0000,0.0000,6.0,6.0,5.0,,,,
6zcZQkjB3Q,5.0,Reject,5.00,Reject,Reject,YES,0.0000,0.0000,6.0,5.0,6.0,3.0,,,
krUajZ1gHg,7.5,Accept,4.25,Reject,Reject,NO,0.0000,0.0000,5.0,6.0,1.0,5.0,,,
Uxm7DxPwrZ,7.0,Accept,4.80,Reject,Reject,NO,0.0000,0.0000,5.0,5.0,6.0,3.0,5.0,,
fmHS8aBfuH,6.0,Accept,3.00,Reject,Reject,NO,0.0000,0.0000,3.0,3.0,3.0,3.0,,,
Zdl2i7RKmz,5.0,Reject,4.20,Reject,Reject,YES,0.0000,0.0000,3.0,3.0,6.0,6.0,3.0,,
Nu8b9C1xcr,5.5,Accept,4.50,Reject,Reject,NO,0.0000,0.0000,5.0,3.0,5.0,5.0,,,
3iJ7eSj2rE,5.5,Reject,4.00,Reject,Reject,YES,0.0000,0.0000,3.0,3.0,5.0,5.0,,,
hCfhfwSfCg,6.0,Accept,2.00,Reject,Reject,NO,0.0000,0.0000,1.0,1.0,3.0,3.0,,,
sNoJSfGh6y,5.0,Reject,4.00,Reject,Reject,YES,0.0000,0.0000,3.0,3.0,3.0,5.0,6.0,,
v5JrYUdMxc,6.5,Accept,3.50,Reject,Reject,NO,0.0000,0.0000,5.0,3.0,3.0,3.0,,,
idnMNjlEj5,6.0,Accept,4.00,Reject,Reject,NO,0.0000,0.0000,6.0,3.0,3.0,,,,
EaiU4F5pwn,6.5,Accept,4.67,Reject,Reject,NO,0.0000,0.0000,3.0,3.0,6.0,5.0,6.0,5.0,
rkc79rOJu8,5.0,Reject,4.67,Reject,Reject,YES,0.0000,0.0000,5.0,3.0,6.0,,,,
i7drKWhFCo,6.0,Accept,7.00,Accept,Accept,YES,0.0000,0.0000,8.0,6.0,8.0,6.0,,,
tTPHgb0EtV,5.0,Reject,8.00,Accept,Accept,NO,0.0000,0.0000,8.0,8.0,8.0,8.0,,,
qZz7PKt4bE,4.0,Reject,3.00,Reject,Reject,YES,0.0000,0.0000,5.0,3.0,1.0,,,,
HHWlwxDeRn,5.5,Reject,6.00,Accept,Accept,NO,0.0000,0.0000,6.0,6.0,6.0,6.0,,,
DzxaRFVsgC,5.5,Accept,5.50,Reject,Reject,NO,0.0000,0.0000,5.0,3.0,6.0,8.0,,,
TjXjkxhSdE,5.0,Reject,5.67,Reject,Reject,YES,0.0000,0.0000,6.0,5.0,6.0,,,,
RrIjnSMhMZ,5.0,Reject,2.50,Reject,Reject,YES,0.0000,0.0000,1.0,5.0,1.0,3.0,,,
QwrnH32tJV,7.0,Accept,5.67,Reject,Reject,NO,0.0000,0.0000,8.0,3.0,6.0,,,,
QWMgTMRUnB,6.5,Accept,3.60,Reject,Reject,NO,0.0000,0.0000,3.0,3.0,6.0,3.0,3.0,,
dsd04MYKax,5.5,Accept,4.80,Reject,Reject,NO,0.0000,0.0000,6.0,5.0,3.0,5.0,5.0,,
C4QNyUqBIu,6.0,Accept,3.50,Reject,Reject,NO,0.0000,0.0000,3.0,3.0,5.0,3.0,,,
ZdqdWiRRwR,6.0,Accept,4.00,Reject,Reject,NO,0.0000,0.0000,5.0,3.0,5.0,3.0,,,
aygBjpMdan,6.0,Accept,4.25,Reject,Reject,NO,0.0000,0.0000,3.0,6.0,5.0,3.0,,,
5wmAfwDBoi,6.5,Accept,4.25,Reject,Reject,NO,0.0000,0.0000,5.0,3.0,6.0,3.0,,,
rxVBKhyfSo,7.0,Accept,7.00,Accept,Accept,YES,0.0000,0.0000,6.0,8.0,8.0,6.0,,,
0gDQgwjoX0,5.5,Reject,4.67,Reject,Reject,YES,0.0000,0.0000,6.0,5.0,3.0,,,,
EJTeOf8iG0,5.5,Accept,3.00,Reject,Reject,NO,0.0000,0.0000,3.0,3.0,3.0,3.0,,,
4jBL79L5QS,6.0,Weak Accept,3.60,Reject,Reject,NO,0.0000,0.0000,3.0,3.0,6.0,3.0,3.0,,
1EEst6oDU7,5.5,Reject,5.50,Reject,Reject,YES,0.0000,0.0000,5.0,5.0,6.0,6.0,,,
LqTz13JS2P,6.5,Accept,7.25,Accept,Accept,YES,0.0000,0.0000,8.0,5.0,8.0,8.0,,,
T7YV5UZKBc,6.0,Accept,7.33,Accept,Accept,YES,0.0000,0.0000,8.0,8.0,6.0,,,,
TTUtPIpaol,4.5,Reject,5.25,Reject,Reject,YES,0.0000,0.0000,6.0,6.0,3.0,6.0,,,
JVFRwCx3Dy,7.0,Accept,4.00,Reject,Reject,NO,0.0000,0.0000,3.0,3.0,5.0,5.0,,,
3BhZCfJ73Y,5.0,Reject,6.25,Accept,Accept,NO,0.0000,0.0000,6.0,5.0,6.0,8.0,,,
siHHqDDzvS,7.0,Accept,6.25,Accept,Accept,YES,0.0000,0.0000,6.0,6.0,8.0,5.0,,,
eFWG9Cy3WK,7.5,Accept,6.33,Accept,Accept,YES,0.0000,0.0000,3.0,8.0,8.0,,,,
xJc3PazBwS,5.5,Reject,3.75,Reject,Reject,YES,0.0000,0.0000,3.0,3.0,6.0,3.0,,,
wg8NPfeMF9,6.5,Accept,6.50,Accept,Accept,YES,0.0000,0.0000,6.0,6.0,6.0,8.0,,,
FVuqJt3c4L,7.0,Accept,7.50,Accept,Accept,YES,0.0000,0.0000,8.0,8.0,8.0,5.0,8.0,8.0,
g6v09VxgFw,6.0,Reject,5.25,Accept,Accept,NO,0.0000,0.0000,3.0,6.0,6.0,6.0,,,
pB1FeRSQxh,4.5,Reject,6.00,Accept,Accept,NO,0.0000,0.0000,5.0,5.0,8.0,6.0,,,
cazOlqncU6,6.5,Accept,4.50,Reject,Reject,NO,0.0000,0.0000,3.0,5.0,5.0,5.0,,,
MSxCBXD5C8,5.0,Reject,3.00,Reject,Reject,YES,0.0000,0.0000,3.0,3.0,3.0,3.0,,,
b5MCteb3w7,5.5,Reject,4.75,Reject,Reject,YES,0.0000,0.0000,8.0,5.0,3.0,3.0,,,
fMOUybjbnO,7.0,Accept,6.00,Reject,Reject,NO,0.0000,0.0000,5.0,6.0,8.0,5.0,,,
Lbx9zdURxe,5.0,Reject,6.00,Accept,Accept,NO,0.0000,0.0000,6.0,6.0,6.0,6.0,,,
Unb5CVPtae,5.0,Reject,7.00,Accept,Accept,NO,0.0000,0.0000,3.0,8.0,8.0,8.0,8.0,,
xw4jtToUrf,5.0,Reject,4.20,Reject,Reject,YES,0.0000,0.0000,5.0,5.0,5.0,3.0,3.0,,
rztZ2QfSfJ,4.5,Reject,4.33,Reject,Reject,YES,0.0000,0.0000,5.0,3.0,5.0,,,,
b7HOhqXiZs,5.5,Reject,2.60,Reject,Reject,YES,0.0000,0.0000,1.0,3.0,3.0,3.0,3.0,,
EukID7GvBy,5.0,Reject,3.00,Reject,Reject,YES,0.0000,0.0000,3.0,5.0,3.0,3.0,1.0,,
SA19ijj44B,7.0,Accept,7.33,Accept,Accept,YES,0.0000,0.0000,8.0,8.0,6.0,,,,
UkGrcekmSZ,3.0,Reject,2.00,Reject,Reject,YES,0.0000,0.0000,3.0,3.0,1.0,1.0,,,
FPfCUJTsCn,6.5,Accept,7.20,Accept,Accept,YES,0.0000,0.0000,6.0,8.0,8.0,6.0,8.0,,
i9Vs5NGDpk,8.0,Accept,7.50,Accept,Accept,YES,0.0000,0.0000,8.0,8.0,8.0,6.0,,,
zSUXo1nkqR,5.5,Reject,3.40,Reject,Reject,YES,0.0000,0.0000,5.0,3.0,3.0,3.0,3.0,,
JCiF03qnmi,6.5,Accept,6.80,Accept,Accept,YES,0.0000,0.0000,6.0,8.0,6.0,6.0,8.0,,
O2aioX2Z2v,7.0,Accept,4.20,Reject,Reject,NO,0.0000,0.0000,3.0,5.0,6.0,1.0,6.0,,
2x1U8a3s7G,6.0,Accept,5.00,Reject,Reject,NO,0.0000,0.0000,6.0,6.0,3.0,,,,
nTlzEM1x3B,7.5,Accept,4.50,Reject,Reject,NO,0.0000,0.0000,5.0,5.0,5.0,3.0,,,
tcx84iyqaC,5.5,Reject,5.33,Reject,Reject,YES,0.0000,0.0000,5.0,6.0,5.0,,,,
99YEbiBbdy,5.5,Reject,6.75,Reject,Reject,YES,0.0000,0.0000,5.0,8.0,6.0,8.0,,,
HYWdlCPtao,7.0,Accept,6.25,Reject,Reject,NO,0.0000,0.0000,6.0,5.0,6.0,8.0,,,
lCqNxBGPp5,5.5,Accept,5.00,Reject,Reject,NO,0.0000,0.0000,8.0,3.0,6.0,3.0,,,
oRNus243R6,7.5,Accept,5.67,Reject,Reject,NO,0.0000,0.0000,6.0,6.0,5.0,,,,
EDoD3DgivF,6.0,Accept,6.00,Accept,Accept,YES,0.0000,0.0000,6.0,6.0,6.0,6.0,,,
QNW42cjkym,5.5,Reject,3.50,Reject,Reject,YES,0.0000,0.0000,5.0,3.0,3.0,3.0,,,
DorP300Q3b,6.0,Reject,6.00,Reject,Reject,YES,0.0000,0.0000,5.0,5.0,6.0,8.0,,,
leFBpvYaPx,7.5,Accept,5.50,Reject,Reject,NO,0.0000,0.0000,6.0,6.0,5.0,5.0,,,
0RHMnPj8no,7.0,Accept,6.00,Reject,Reject,NO,0.0000,0.0000,6.0,8.0,5.0,5.0,,,
gJ48psisby,6.5,Accept,3.50,Reject,Reject,NO,0.0000,0.0000,5.0,3.0,3.0,3.0,,,
u63OVngeSp,6.5,Accept,7.00,Accept,Accept,YES,0.0000,0.0000,5.0,8.0,8.0,6.0,8.0,,
QcvwVUqnCg,6.0,Accept,5.50,Reject,Reject,NO,0.0000,0.0000,5.0,3.0,6.0,8.0,,,
v1rFkElnIn,6.5,Accept,6.00,Accept,Accept,YES,0.0000,0.0000,6.0,6.0,6.0,,,,
boz4LIvv3f,5.5,Reject,5.50,Reject,Reject,YES,0.0000,0.0000,6.0,5.0,6.0,5.0,,,
KZEqbwJfTl,7.0,Accept,6.20,Accept,Accept,YES,0.0000,0.0000,6.0,6.0,6.0,8.0,5.0,,
7GKbQ1WT1C,6.0,Weak Accept,5.25,Accept,Accept,NO,0.0000,0.0000,6.0,3.0,6.0,6.0,,,
1qGkuxI9UX,7.5,Accept,6.25,Accept,Accept,YES,0.0000,0.0000,6.0,5.0,8.0,6.0,,,
yjX303Smre,-1,N/A,5.50,Reject,Reject,N/A,0.0000,0.0000,6.0,6.0,5.0,5.0,,,
i3QV4XgsLA,7.0,Accept,5.20,Reject,Reject,NO,0.0000,0.0000,6.0,6.0,3.0,6.0,5.0,,
7JlL8ECPJ7,5.0,Reject,6.25,Reject,Reject,YES,0.0000,0.0000,6.0,5.0,8.0,6.0,,,
YslOW2SO6S,5.5,Accept,6.00,Accept,Accept,YES,0.0000,0.0000,6.0,6.0,6.0,,,,
nKSkM5h2VN,5.0,Reject,5.33,Reject,Reject,YES,0.0000,0.0000,6.0,5.0,5.0,,,,
iShM3YolRY,7.0,Accept,5.25,Reject,Reject,NO,0.0000,0.0000,5.0,5.0,5.0,6.0,,,
8ROIRnKloJ,6.5,Accept,5.67,Reject,Reject,NO,0.0000,0.0000,8.0,5.0,8.0,5.0,5.0,3.0,
uy31tqVuNo,5.5,Accept,6.00,Accept,Accept,YES,0.0000,0.0000,6.0,6.0,,,,,
vSOTacnSNf,6.5,Accept,4.33,Reject,Reject,NO,0.0000,0.0000,5.0,3.0,5.0,,,,
uhaLuZcCjH,5.0,Reject,7.00,Accept,Accept,NO,0.0000,0.0000,8.0,6.0,8.0,6.0,,,
TVFVx8TUbN,6.0,Accept,4.25,Reject,Reject,NO,0.0000,0.0000,6.0,5.0,3.0,3.0,,,
CCo8ElCT7v,6.5,Accept,4.25,Reject,Reject,NO,0.0000,0.0000,3.0,6.0,5.0,3.0,,,
RXVYOCGO7g,5.0,Reject,5.00,Reject,Reject,YES,0.0000,0.0000,3.0,6.0,6.0,,,,
9Xt5TgM7Us,6.0,Accept,4.75,Reject,Reject,NO,0.0000,0.0000,6.0,5.0,5.0,3.0,,,
EArTDUmILF,5.0,Reject,7.00,Accept,Accept,NO,0.0000,0.0000,6.0,6.0,8.0,8.0,,,
JDzTI9rKls,7.5,Accept,6.75,Accept,Accept,YES,0.0000,0.0000,8.0,8.0,6.0,5.0,,,
BXMoS69LLR,4.5,Accept,4.50,Reject,Reject,NO,0.0000,0.0000,5.0,5.0,5.0,3.0,,,
armbJRJdrH,6.0,Accept,6.25,Accept,Accept,YES,0.0000,0.0000,3.0,6.0,8.0,8.0,,,
VZ8kwfspAi,5.0,Reject,3.67,Reject,Reject,YES,0.0000,0.0000,3.0,3.0,5.0,3.0,5.0,3.0,
TD3SGJfBC7,7.0,Accept,6.25,Accept,Accept,YES,0.0000,0.0000,6.0,6.0,5.0,8.0,,,
q6hEuC48Dk,1.0,Reject,3.80,Reject,Reject,YES,0.0000,0.0000,3.0,5.0,3.0,3.0,5.0,,
zeeLxGw5pp,6.0,Accept,3.20,Reject,Reject,NO,0.0000,0.0000,8.0,1.0,1.0,5.0,1.0,,
nsvgVuaWXK,5.5,Reject,4.25,Reject,Reject,YES,0.0000,0.0000,3.0,6.0,3.0,5.0,,,
m4mwbPjOwb,7.0,Accept,3.00,Reject,Reject,NO,0.0000,0.0000,5.0,3.0,1.0,,,,
gmg7t8b4s0,6.5,Accept,6.25,Accept,Accept,YES,0.0000,0.0000,8.0,3.0,8.0,6.0,,,
Sz2Ar6EqD5,7.0,Accept,4.00,Reject,Reject,NO,0.0000,0.0000,5.0,6.0,3.0,5.0,1.0,,
NlEt8LYAxC,7.0,Accept,6.00,Reject,Reject,NO,0.0000,0.0000,6.0,6.0,6.0,,,,
TTrzgEZt9s,-1,N/A,8.00,Accept,Accept,N/A,0.0000,0.0000,8.0,8.0,8.0,8.0,,,
l6K688mhDT,5.0,Reject,6.00,Reject,Reject,YES,0.0000,0.0000,5.0,8.0,6.0,5.0,,,
qssVptHTPN,5.5,Reject,6.00,Accept,Accept,NO,0.0000,0.0000,5.0,6.0,5.0,8.0,,,
QjO0fUlVYK,5.5,Reject,6.00,Accept,Accept,NO,0.0000,0.0000,6.0,6.0,6.0,6.0,,,
gW4bdLwypB,4.5,Reject,6.50,Reject,Reject,YES,0.0000,0.0000,6.0,5.0,10.0,5.0,,,
A8Vuf2e8y6,7.0,Accept,4.75,Reject,Reject,NO,0.0000,0.0000,5.0,6.0,3.0,5.0,,,
8SPSIfR2e0,5.0,Reject,5.75,Reject,Reject,YES,0.0000,0.0000,6.0,6.0,5.0,6.0,,,
XZ71GHf8aB,5.0,Reject,6.25,Reject,Reject,YES,0.0000,0.0000,8.0,6.0,6.0,5.0,,,
rsY6J3ZaTF,7.0,Accept,6.00,Accept,Accept,YES,0.0000,0.0000,6.0,6.0,6.0,,,,
Za3M6OZuCU,5.5,Accept,6.75,Accept,Accept,YES,0.0000,0.0000,8.0,5.0,6.0,8.0,,,
BI1N3lTWtn,5.0,Reject,5.75,Accept,Accept,NO,0.0000,0.0000,6.0,5.0,6.0,6.0,,,
qZB7KDN4L1,6.0,Accept,5.00,Reject,Reject,NO,0.0000,0.0000,6.0,5.0,6.0,3.0,,,
UyhRtB4hjN,6.0,Accept,6.25,Accept,Accept,YES,0.0000,0.0000,8.0,6.0,5.0,6.0,,,
Xz13DtbOVW,5.5,Accept,6.25,Accept,Accept,YES,0.0000,0.0000,5.0,6.0,8.0,6.0,,,
GYk0thSY1M,5.5,Accept,4.00,Reject,Reject,NO,0.0000,0.0000,5.0,5.0,3.0,3.0,,,
opSPgPIwAD,7.0,Accept,3.00,Reject,Reject,NO,0.0000,0.0000,3.0,3.0,3.0,,,,
1dkL3MVBfV,4.5,Reject,5.00,Reject,Reject,YES,0.0000,0.0000,6.0,3.0,5.0,6.0,,,
vc1i3a4O99,5.0,Reject,5.00,Reject,Reject,YES,0.0000,0.0000,6.0,6.0,3.0,5.0,,,
HM2E7fnw2U,7.5,Accept,4.50,Reject,Reject,NO,0.0000,0.0000,6.0,6.0,5.0,1.0,,,
HkPz96fgOv,6.0,Accept,6.00,Reject,Reject,NO,0.0000,0.0000,5.0,3.0,8.0,8.0,,,
yHj6EunfVQ,6.5,Accept,5.50,Accept,Accept,YES,0.0000,0.0000,8.0,5.0,6.0,3.0,,,
iaP7yHRq1l,6.0,Accept,5.50,Accept,Accept,YES,0.0000,0.0000,5.0,6.0,8.0,3.0,,,
HkibCOnsEv,4.5,Reject,5.50,Reject,Reject,YES,0.0000,0.0000,5.0,6.0,6.0,5.0,,,
QdiMWcwU5w,4.5,Reject,5.00,Reject,Reject,YES,0.0000,0.0000,3.0,6.0,6.0,,,,
RaSLSUCKz0,7.0,Accept,5.67,Reject,Reject,NO,0.0000,0.0000,5.0,6.0,6.0,,,,
JF8ovQyueq,5.0,Reject,4.50,Reject,Reject,YES,0.0000,0.0000,5.0,5.0,3.0,5.0,,,
WPz5e5V85k,7.0,Accept,6.00,Reject,Reject,NO,0.0000,0.0000,6.0,6.0,6.0,6.0,,,
PCm1oT8pZI,5.5,Accept,5.75,Accept,Accept,YES,0.0000,0.0000,6.0,3.0,8.0,6.0,,,
0Qyxw0cCuu,4.0,Reject,5.00,Reject,Reject,YES,0.0000,0.0000,5.0,5.0,5.0,5.0,,,
MbK0Vs5lFI,6.0,Accept,3.50,Reject,Reject,NO,0.0000,0.0000,3.0,3.0,5.0,3.0,,,
5Y9NT6lW21,5.5,Accept,7.00,Accept,Accept,YES,0.0000,0.0000,6.0,6.0,8.0,8.0,,,
GQ1Tc3vHbt,6.5,Accept,6.50,Accept,Accept,YES,0.0000,0.0000,8.0,6.0,6.0,6.0,,,
4MWUdp6deL,6.0,Accept,5.50,Reject,Reject,NO,0.0000,0.0000,5.0,6.0,5.0,6.0,,,
tkiZQlL04w,5.5,Reject,5.71,Accept,Accept,NO,0.0000,0.0000,8.0,5.0,6.0,6.0,5.0,5.0,
xdnoULh5Sv,6.0,Accept,4.00,Reject,Reject,NO,0.0000,0.0000,5.0,5.0,5.0,1.0,,,
Ahlrf2HGJR,7.5,Accept,6.00,Accept,Accept,YES,0.0000,0.0000,6.0,6.0,6.0,6.0,,,
N5qFgohx9u,5.5,Reject,3.50,Reject,Reject,YES,0.0000,0.0000,3.0,5.0,3.0,3.0,,,
bVBLqKoiJ1,7.0,Accept,4.00,Reject,Reject,NO,0.0000,0.0000,3.0,3.0,5.0,5.0,,,
D4NJFfrqoq,5.5,Reject,6.75,Accept,Accept,NO,0.0000,0.0000,8.0,5.0,8.0,6.0,,,
FAY6ORIvn5,6.0,Accept,5.25,Reject,Reject,NO,0.0000,0.0000,6.0,6.0,6.0,3.0,,,
hJDTuVQcQp,6.0,Accept,4.20,Reject,Reject,NO,0.0000,0.0000,6.0,6.0,3.0,5.0,1.0,,
p4eG8rCa0b,5.0,Accept,6.67,Accept,Accept,YES,0.0000,0.0000,8.0,6.0,6.0,,,,
3PDklqqqfN,7.0,Accept,7.17,Accept,Accept,YES,0.0000,0.0000,5.0,8.0,8.0,8.0,8.0,6.0,
kgZFaAtzYi,4.5,Reject,3.50,Reject,Reject,YES,0.0000,0.0000,5.0,3.0,3.0,3.0,,,
EHYbqCDRtM,4.5,Reject,2.00,Reject,Reject,YES,0.0000,0.0000,1.0,3.0,1.0,3.0,,,
fMvcffpsDo,5.0,Reject,4.40,Reject,Reject,YES,0.0000,0.0000,3.0,5.0,5.0,6.0,3.0,,
dAqH7CfHjL,4.0,Reject,4.33,Reject,Reject,YES,0.0000,0.0000,3.0,5.0,5.0,,,,
Wr3UuEx72f,7.5,Accept,7.50,Accept,Accept,YES,0.0000,0.0000,8.0,8.0,6.0,8.0,,,
ezscMer8L0,6.0,Accept,6.00,Accept,Accept,YES,0.0000,0.0000,6.0,6.0,6.0,6.0,,,
SEvJfuCtPY,5.0,Reject,3.00,Reject,Reject,YES,0.0000,0.0000,1.0,3.0,3.0,5.0,,,
uvXK8Xk9Jk,7.0,Accept,6.50,Accept,Accept,YES,0.0000,0.0000,6.0,8.0,6.0,6.0,,,
lnVPfgRnIV,5.0,Reject,4.75,Reject,Reject,YES,0.0000,0.0000,6.0,3.0,5.0,5.0,,,
NoiaAT0eec,5.0,Reject,6.50,Accept,Accept,NO,0.0000,0.0000,6.0,8.0,6.0,6.0,,,
ErQPdaD5wJ,6.5,Accept,5.33,Accept,Accept,YES,0.0000,0.0000,5.0,5.0,6.0,,,,
zxO4WuVGns,6.5,Accept,6.00,Accept,Accept,YES,0.0000,0.0000,6.0,6.0,6.0,,,,
i5da6iedW8,6.5,Accept,4.75,Reject,Reject,NO,0.0000,0.0000,3.0,6.0,5.0,5.0,,,
cwbJxUGVOI,7.0,Accept,6.25,Reject,Reject,NO,0.0000,0.0000,6.0,5.0,8.0,6.0,,,
J9pNS44qcT,4.0,Reject,3.50,Reject,Reject,YES,0.0000,0.0000,5.0,3.0,3.0,3.0,,,
zu7cBTPsDb,7.0,Accept,6.00,Accept,Accept,YES,0.0000,0.0000,6.0,6.0,6.0,6.0,,,
I5MquO1g7R,5.0,Reject,4.75,Reject,Reject,YES,0.0000,0.0000,5.0,5.0,3.0,6.0,,,
g90RNzs8wX,5.0,Reject,6.50,Accept,Accept,NO,0.0000,0.0000,6.0,6.0,6.0,8.0,,,
RJDjSXNuAZ,6.0,Accept,5.50,Accept,Accept,YES,0.0000,0.0000,6.0,5.0,6.0,5.0,,,
1DEEVAl5QX,5.5,Borderline Accept,4.67,Reject,Reject,NO,0.0000,0.0000,3.0,6.0,5.0,,,,
8U4NGFE0po,5.5,Accept,4.40,Reject,Reject,NO,0.0000,0.0000,5.0,6.0,3.0,3.0,5.0,,
9F0xInGNBF,7.0,Accept,5.25,Reject,Reject,NO,0.0000,0.0000,5.0,5.0,6.0,5.0,,,
4oj7tYujwP,6.5,Accept,4.33,Reject,Reject,NO,0.0000,0.0000,5.0,5.0,3.0,,,,
u3TL0qxLWf,6.5,Accept,6.00,Accept,Accept,YES,0.0000,0.0000,6.0,6.0,6.0,,,,
dxJKLozjQl,6.0,Accept,3.00,Reject,Reject,NO,0.0000,0.0000,5.0,1.0,3.0,,,,
p6hIAEHwSp,4.5,Reject,4.25,Reject,Reject,YES,0.0000,0.0000,6.0,3.0,5.0,3.0,,,
pjfrGVekwK,5.5,Accept,4.50,Reject,Reject,NO,0.0000,0.0000,5.0,5.0,5.0,3.0,,,
FZv3kPHTtB,6.0,Accept,5.50,Accept,Accept,YES,0.0000,0.0000,5.0,5.0,6.0,6.0,,,
aQj9Ifxrl6,6.0,Accept,6.00,Accept,Accept,YES,0.0000,0.0000,6.0,6.0,6.0,6.0,,,
WNPrfGpcu6,7.5,Accept,6.00,Reject,Reject,NO,0.0000,0.0000,5.0,5.0,8.0,6.0,,,
I4Lq2RJ0eJ,5.0,Reject,6.00,Accept,Accept,NO,0.0000,0.0000,6.0,6.0,6.0,,,,
Oi47wc10sm,5.0,Reject,7.33,Accept,Accept,NO,0.0000,0.0000,8.0,6.0,8.0,,,,
NmpOUCwAjR,5.0,Reject,4.00,Reject,Reject,YES,0.0000,0.0000,6.0,3.0,5.0,3.0,3.0,,
6cGKi7FqJS,5.5,Reject,4.75,Reject,Reject,YES,0.0000,0.0000,3.0,5.0,6.0,5.0,,,
LC6ZtQV6u2,7.5,Accept,6.50,Accept,Accept,YES,0.0000,0.0000,6.0,8.0,6.0,6.0,,,
iOltCu4TPS,6.5,Accept,5.00,Reject,Reject,NO,0.0000,0.0000,5.0,3.0,5.0,8.0,5.0,3.0,
sb7qHFYwBc,7.0,Accept,6.50,Accept,Accept,YES,0.0000,0.0000,6.0,8.0,6.0,6.0,,,
xcMmebCT7s,6.0,Accept,5.80,Accept,Accept,YES,0.0000,0.0000,6.0,8.0,6.0,6.0,3.0,,
FJ8Q11j3p0,5.0,Reject,3.50,Reject,Reject,YES,0.0000,0.0000,3.0,3.0,5.0,3.0,,,
qaJxPhkYtD,6.5,Accept,6.00,Accept,Accept,YES,0.0000,0.0000,6.0,6.0,6.0,6.0,,,
3LLkES6nNs,5.0,Reject,4.25,Reject,Reject,YES,0.0000,0.0000,3.0,5.0,3.0,6.0,,,
Dl6nkKKvlX,5.0,Reject,6.25,Accept,Accept,NO,0.0000,0.0000,8.0,5.0,6.0,6.0,,,
R1WF5b5faF,5.0,Reject,4.00,Reject,Reject,YES,0.0000,0.0000,3.0,3.0,5.0,5.0,,,
IUmj2dw5se,4.5,Reject,7.50,Accept,Accept,NO,0.0000,0.0000,8.0,8.0,6.0,8.0,,,
6N8TW504aa,4.5,Reject,7.50,Accept,Accept,NO,0.0000,0.0000,8.0,8.0,8.0,6.0,,,
mhgm0IXtHw,7.0,Accept,6.67,Accept,Accept,YES,0.0000,0.0000,6.0,8.0,6.0,,,,
vzvCaYFTLq,5.5,Reject,4.75,Reject,Reject,YES,0.0000,0.0000,3.0,5.0,5.0,6.0,,,
dZNI8DyUKY,5.5,Accept,3.50,Reject,Reject,NO,0.0000,0.0000,3.0,3.0,5.0,3.0,,,
3vxfFFP3q5,7.0,Accept,5.60,Reject,Reject,NO,0.0000,0.0000,5.0,6.0,6.0,5.0,6.0,,
YERRy6v5uA,6.0,Accept,5.25,Reject,Reject,NO,0.0000,0.0000,5.0,6.0,5.0,5.0,,,
aVfDrl7xDV,7.5,Accept,6.25,Accept,Accept,YES,0.0000,0.0000,6.0,5.0,8.0,6.0,,,
PDgZ3rvqHn,6.5,Accept,6.33,Accept,Accept,YES,0.0000,0.0000,6.0,8.0,5.0,,,,
o2uHg0Skil,5.5,Accept,6.25,Reject,Reject,NO,0.0000,0.0000,8.0,8.0,3.0,6.0,,,
tZdqL5FH7w,7.0,Accept,6.33,Accept,Accept,YES,0.0000,0.0000,8.0,6.0,5.0,,,,
Y3wpuxd7u9,6.0,Weak Accept,6.25,Accept,Accept,NO,0.0000,0.0000,6.0,6.0,5.0,8.0,,,
rvOpON15JJ,7.0,Accept,4.50,Reject,Reject,NO,0.0000,0.0000,5.0,3.0,5.0,5.0,,,
8ZLzw5pIrc,7.0,Accept,6.00,Accept,Accept,YES,0.0000,0.0000,6.0,6.0,6.0,5.0,5.0,8.0,
Ll8PmgD0IB,4.5,Reject,6.00,Reject,Reject,YES,0.0000,0.0000,5.0,8.0,6.0,5.0,,,
uYAG9Gla5u,6.5,Accept,4.50,Reject,Reject,NO,0.0000,0.0000,3.0,6.0,6.0,3.0,,,
bbCL5aRjUx,5.0,Reject,6.67,Accept,Accept,NO,0.0000,0.0000,6.0,6.0,8.0,,,,
uDIiL89ViX,6.5,Accept,5.60,Reject,Reject,NO,0.0000,0.0000,8.0,5.0,5.0,5.0,5.0,,
l1hk4q7ZY7,5.0,Reject,5.00,Reject,Reject,YES,0.0000,0.0000,5.0,3.0,6.0,6.0,,,
WfxPVtYRlL,6.5,Accept,6.25,Accept,Accept,YES,0.0000,0.0000,6.0,8.0,5.0,6.0,,,
FJjHQS2DyE,6.0,Accept,5.67,Reject,Reject,NO,0.0000,0.0000,5.0,6.0,6.0,,,,
mYhH0CDFFa,4.5,Reject,5.75,Accept,Accept,NO,0.0000,0.0000,6.0,6.0,5.0,6.0,,,
DakTqQu161,5.5,Accept,4.00,Reject,Reject,NO,0.0000,0.0000,3.0,5.0,5.0,3.0,,,
YVcVbYYy2x,5.5,Reject,5.25,Reject,Reject,YES,0.0000,0.0000,5.0,6.0,5.0,5.0,,,
pz0EK4g6AN,6.0,Accept,4.75,Reject,Reject,NO,0.0000,0.0000,5.0,6.0,5.0,3.0,,,
7mlvOHL6qJ,6.0,Accept,6.25,Accept,Accept,YES,0.0000,0.0000,6.0,5.0,8.0,6.0,,,
RuYl15smRv,7.0,Accept,3.40,Reject,Reject,NO,0.0000,0.0000,3.0,5.0,1.0,3.0,5.0,,
uqWM9hBDAE,6.0,Reject,7.33,Accept,Accept,NO,0.0000,0.0000,6.0,8.0,8.0,,,,
tvjcGkBf0g,5.5,Accept,4.00,Reject,Reject,NO,0.0000,0.0000,5.0,5.0,3.0,3.0,,,
WsIDPBcnCN,6.0,Accept,3.50,Reject,Reject,NO,0.0000,0.0000,3.0,3.0,3.0,5.0,,,
SKulT2VX9p,6.5,Accept,6.67,Accept,Accept,YES,0.0000,0.0000,8.0,6.0,6.0,,,,
wF8eG12wtw,5.0,Accept,3.75,Reject,Reject,NO,0.0000,0.0000,1.0,3.0,8.0,3.0,,,
LugcDgDjv1,6.0,Accept,4.00,Reject,Reject,NO,0.0000,0.0000,3.0,5.0,3.0,5.0,,,
o1RqSVIf3c,-1,Reject,4.25,Reject,Reject,YES,0.0000,0.0000,3.0,6.0,5.0,3.0,,,
jQnXDGxdDG,7.0,Accept,3.80,Reject,Reject,NO,0.0000,0.0000,5.0,3.0,5.0,1.0,5.0,,
tccML2tDd4,1.0,Reject,2.33,Reject,Reject,YES,0.0000,0.0000,3.0,1.0,3.0,,,,
Zp51wHvoot,6.5,Accept,4.25,Reject,Reject,NO,0.0000,0.0000,6.0,3.0,3.0,5.0,,,
DF5TVzpTW0,5.5,Accept,6.00,Reject,Reject,NO,0.0000,0.0000,6.0,6.0,6.0,6.0,,,
ud8FtE1N4N,5.5,Reject,6.67,Accept,Accept,NO,0.0000,0.0000,8.0,6.0,6.0,,,,
TVnkjz4MqV,4.5,Reject,5.50,Reject,Reject,YES,0.0000,0.0000,5.0,6.0,5.0,6.0,,,
ByOPJantEd,7.5,Accept,5.50,Reject,Reject,NO,0.0000,0.0000,5.0,6.0,5.0,6.0,,,
mYgoNEsUDi,6.5,Accept,6.33,Accept,Accept,YES,0.0000,0.0000,8.0,5.0,6.0,,,,
xw29VvOMmU,6.0,Accept,6.75,Accept,Accept,YES,0.0000,0.0000,8.0,8.0,6.0,5.0,,,
oANkBaVci5,5.0,Reject,6.75,Accept,Accept,NO,0.0000,0.0000,8.0,5.0,6.0,8.0,,,
SaOxhcDCM3,5.0,Reject,6.25,Reject,Reject,YES,0.0000,0.0000,5.0,5.0,5.0,10.0,,,
20KYsQ8Q4Z,6.0,Accept,5.50,Reject,Reject,NO,0.0000,0.0000,6.0,5.0,5.0,6.0,,,
56jIlazr6a,6.0,Accept,5.25,Reject,Reject,NO,0.0000,0.0000,5.0,3.0,5.0,8.0,,,
tCmIGJivc7,6.5,Accept,4.25,Reject,Reject,NO,0.0000,0.0000,3.0,3.0,6.0,5.0,,,
KrtGfTGaGe,5.5,Reject,4.50,Accept,Accept,NO,0.0000,0.0000,1.0,5.0,6.0,6.0,,,
8s1GMWsLlj,6.0,Accept,3.50,Reject,Reject,NO,0.0000,0.0000,3.0,5.0,3.0,3.0,,,
97D725GJtQ,7.0,Accept,5.80,Accept,Accept,YES,0.0000,0.0000,6.0,5.0,6.0,6.0,6.0,,
9SwObx9Jdn,6.0,Accept,4.75,Reject,Reject,NO,0.0000,0.0000,5.0,6.0,5.0,3.0,,,
EHhLLmDvtE,7.0,Accept,5.50,Reject,Reject,NO,0.0000,0.0000,5.0,6.0,5.0,6.0,,,
TWmETQLZIC,7.5,Accept,5.00,Reject,Reject,NO,0.0000,0.0000,8.0,3.0,3.0,6.0,,,
9YZKbSoDr6,6.5,Accept,5.75,Reject,Reject,NO,0.0000,0.0000,6.0,5.0,6.0,6.0,,,
kWELXBKl54,5.5,Reject,4.80,Reject,Reject,YES,0.0000,0.0000,8.0,5.0,5.0,3.0,3.0,,
PgR6fziYmJ,4.5,Reject,5.75,Reject,Reject,YES,0.0000,0.0000,5.0,6.0,6.0,6.0,,,
zMoNrajk2X,7.0,Accept,8.00,Accept,Accept,YES,0.0000,0.0000,8.0,8.0,8.0,,,,
DCDT918ZkI,5.0,Reject,5.75,Accept,Accept,NO,0.0000,0.0000,6.0,6.0,3.0,8.0,,,
bEbQBiMpUI,5.0,Reject,5.40,Reject,Reject,YES,0.0000,0.0000,3.0,8.0,3.0,8.0,5.0,,
cif0JVXJ3b,5.5,Reject,5.25,Reject,Reject,YES,0.0000,0.0000,8.0,5.0,3.0,5.0,,,
6LtdZCyuZR,6.5,Accept,6.00,Accept,Accept,YES,0.0000,0.0000,6.0,6.0,6.0,6.0,,,
oQUtBLM8Bo,6.5,Accept,4.67,Reject,Reject,NO,0.0000,0.0000,6.0,5.0,3.0,,,,
VMV8gefvq8,6.5,Accept,6.00,Accept,Accept,YES,0.0000,0.0000,6.0,6.0,6.0,,,,
wpXGPCBOTX,6.5,Accept,6.75,Accept,Accept,YES,0.0000,0.0000,6.0,8.0,8.0,5.0,,,
YbURbViE7l,4.0,Reject,6.50,Accept,Accept,NO,0.0000,0.0000,6.0,8.0,6.0,6.0,,,
iqdqRmqUsD,6.0,Accept,4.00,Reject,Reject,NO,0.0000,0.0000,3.0,5.0,5.0,3.0,,,
CJWMXqAnAy,7.5,Accept,7.00,Accept,Accept,YES,0.0000,0.0000,6.0,8.0,8.0,6.0,,,
iOMnn1hSBO,6.5,Accept,6.80,Accept,Accept,YES,0.0000,0.0000,6.0,8.0,8.0,6.0,6.0,,
xNwmWaq2KN,5.0,Reject,5.33,Reject,Reject,YES,0.0000,0.0000,5.0,5.0,6.0,,,,
PBEQIxXDDD,5.5,Reject,4.00,Reject,Reject,YES,0.0000,0.0000,5.0,3.0,3.0,5.0,,,
fkKW1PK8Ga,3.0,Reject,5.25,Reject,Reject,YES,0.0000,0.0000,6.0,6.0,3.0,6.0,,,
vHO9mU87dc,7.0,Accept,6.00,Reject,Reject,NO,0.0000,0.0000,8.0,6.0,5.0,5.0,,,
DoB8DmrsSS,6.0,Accept,4.25,Reject,Reject,NO,0.0000,0.0000,3.0,5.0,3.0,6.0,,,
jZPqf2G9Sw,5.0,Reject,5.50,Accept,Accept,NO,0.0000,0.0000,6.0,6.0,5.0,5.0,,,
OQqNieeivq,7.0,Accept,6.60,Accept,Accept,YES,0.0000,0.0000,6.0,8.0,8.0,5.0,6.0,,
4OaO3GjP7k,5.0,Reject,7.50,Accept,Accept,NO,0.0000,0.0000,8.0,8.0,6.0,8.0,,,
EBT0oymkZb,6.0,Accept,5.50,Reject,Reject,NO,0.0000,0.0000,5.0,6.0,6.0,5.0,,,
DuyuAHBk1t,7.5,Accept,5.50,Reject,Reject,NO,0.0000,0.0000,3.0,6.0,8.0,5.0,,,
vESNKdEMGp,6.0,Accept,6.40,Accept,Accept,YES,0.0000,0.0000,8.0,6.0,6.0,6.0,6.0,,
YfZMfrpEnl,5.5,Accept,5.33,Reject,Reject,NO,0.0000,0.0000,6.0,5.0,5.0,,,,
3Z2flzXzBY,6.0,Accept,6.40,Accept,Accept,YES,0.0000,0.0000,6.0,8.0,6.0,6.0,6.0,,
hJ8OQAiTrl,6.0,Accept,5.50,Reject,Reject,NO,0.0000,0.0000,6.0,5.0,5.0,6.0,,,
Dnc3paMqDE,5.0,Reject,6.33,Accept,Accept,NO,0.0000,0.0000,5.0,6.0,8.0,,,,
x3LxHdZX0f,6.5,Accept,5.00,Reject,Reject,NO,0.0000,0.0000,5.0,6.0,3.0,6.0,,,
NeKjkOWvwd,5.0,Accept,5.33,Reject,Reject,NO,0.0000,0.0000,5.0,6.0,5.0,,,,
dImD2sgy86,7.5,Accept,6.50,Accept,Accept,YES,0.0000,0.0000,8.0,6.0,6.0,6.0,,,
PhnGhO4VfF,6.5,Accept,5.67,Reject,Reject,NO,0.0000,0.0000,6.0,5.0,6.0,,,,
DjEyXTbEpa,5.5,Reject,5.17,Reject,Reject,YES,0.0000,0.0000,3.0,6.0,6.0,5.0,5.0,6.0,
ymqLAmqYHW,4.5,Reject,4.50,Reject,Reject,YES,0.0000,0.0000,6.0,5.0,6.0,1.0,,,
wHgu98u8Sc,5.5,Reject,4.40,Reject,Reject,YES,0.0000,0.0000,5.0,5.0,6.0,3.0,3.0,,
SOXxa4pPGY,5.5,Accept,4.00,Reject,Reject,NO,0.0000,0.0000,3.0,3.0,5.0,5.0,,,
FeqxK6PW79,5.0,Accept,4.75,Reject,Reject,NO,0.0000,0.0000,5.0,3.0,5.0,6.0,,,
1t1YSuBv3T,7.0,Accept,4.67,Reject,Reject,NO,0.0000,0.0000,3.0,6.0,5.0,,,,
tm8s3696Ox,7.0,Accept,5.25,Accept,Accept,YES,0.0000,0.0000,3.0,6.0,6.0,6.0,,,
EsjoMaNeVo,7.5,Accept,6.00,Reject,Reject,NO,0.0000,0.0000,5.0,6.0,5.0,8.0,,,
Mi45HjlVRj,7.0,Accept,5.75,Reject,Reject,NO,0.0000,0.0000,8.0,5.0,5.0,5.0,,,
friHAl5ofG,7.0,Accept,7.50,Accept,Accept,YES,0.0000,0.0000,8.0,6.0,8.0,8.0,,,
vZ6r9GMT1n,5.5,Accept,5.75,Accept,Accept,YES,0.0000,0.0000,8.0,6.0,6.0,3.0,,,
scdGzuwC9u,5.0,Reject,6.00,Reject,Reject,YES,0.0000,0.0000,6.0,8.0,5.0,5.0,,,
Dn7Ay7rZcH,7.5,Accept,5.50,Reject,Reject,NO,0.0000,0.0000,5.0,3.0,8.0,6.0,,,
zpBamnxyPm,6.5,Accept,5.75,Reject,Reject,NO,0.0000,0.0000,6.0,6.0,6.0,5.0,,,
viNQSOadLg,6.0,Accept,5.67,Reject,Reject,NO,0.0000,0.0000,5.0,6.0,6.0,,,,
ON0JjUtw9B,6.0,Accept,4.75,Reject,Reject,NO,0.0000,0.0000,5.0,5.0,6.0,3.0,,,
P5icyaAReM,5.5,Accept,4.75,Reject,Reject,NO,0.0000,0.0000,5.0,6.0,5.0,3.0,,,
fkKW1PK8Ga,4.5,Reject,5.25,Reject,Reject,YES,0.0000,0.0000,6.0,6.0,3.0,6.0,,,
du7iixIeke,5.0,Reject,4.20,Reject,Reject,YES,0.0000,0.0000,3.0,6.0,1.0,8.0,3.0,,
mWxcEm7jIv,6.0,Accept,4.75,Reject,Reject,NO,0.0000,0.0000,3.0,6.0,5.0,5.0,,,
fBhgu6PsA7,6.0,Accept,5.83,Reject,Reject,NO,0.0000,0.0000,6.0,6.0,6.0,6.0,6.0,5.0,
g16vmAtJ8x,7.0,Accept,6.00,Reject,Reject,NO,0.0000,0.0000,8.0,8.0,6.0,3.0,5.0,,
p30YulvDbj,4.0,Reject,2.00,Reject,Reject,YES,0.0000,0.0000,3.0,3.0,1.0,1.0,,,
H03dW4TysQ,5.0,Reject,3.50,Reject,Reject,YES,0.0000,0.0000,3.0,3.0,3.0,5.0,,,
Jrb9yXZJKG,6.0,Accept,5.33,Reject,Reject,NO,0.0000,0.0000,5.0,5.0,6.0,,,,
9cQB1Hwrtw,6.0,Accept,6.75,Accept,Accept,YES,0.0000,0.0000,5.0,6.0,8.0,8.0,,,
I4iZmsV4HM,7.5,Accept,6.00,Accept,Accept,YES,0.0000,0.0000,6.0,5.0,5.0,8.0,,,
Q1u25ahSuy,7.5,Accept,6.50,Accept,Accept,YES,0.0000,0.0000,6.0,6.0,8.0,6.0,,,
6xrDPHhwD3,4.5,Reject,6.00,Accept,Accept,NO,0.0000,0.0000,5.0,8.0,3.0,8.0,,,
dmCGjPFVhF,4.5,Reject,6.00,Accept,Accept,NO,0.0000,0.0000,6.0,6.0,6.0,6.0,,,
dZsjj4vQjl,7.0,Accept,4.50,Reject,Reject,NO,0.0000,0.0000,3.0,5.0,5.0,5.0,,,
ZuYvrjh2od,6.0,Accept,5.00,Reject,Reject,NO,0.0000,0.0000,3.0,5.0,6.0,6.0,,,
GDf7vWs701,4.5,Reject,3.50,Reject,Reject,YES,0.0000,0.0000,5.0,1.0,5.0,3.0,,,
7652tHbbVE,4.0,Reject,5.20,Reject,Reject,YES,0.0000,0.0000,5.0,3.0,6.0,6.0,6.0,,
fErm1seIom,4.5,Reject,3.80,Reject,Reject,YES,0.0000,0.0000,5.0,3.0,3.0,3.0,5.0,,
LbJqRGNYCf,5.5,Reject,5.75,Accept,Accept,NO,0.0000,0.0000,6.0,6.0,6.0,5.0,,,
Essg9kb4yx,7.0,Accept,6.67,Accept,Accept,YES,0.0000,0.0000,8.0,6.0,6.0,,,,
ff2V3UR9sC,6.0,Weak Accept,6.75,Accept,Accept,NO,0.0000,0.0000,8.0,8.0,5.0,6.0,,,
QuGnjxfLBH,5.5,Accept,3.50,Reject,Reject,NO,0.0000,0.0000,3.0,3.0,5.0,3.0,,,
BdmVgLMvaf,7.5,Accept,6.50,Accept,Accept,YES,0.0000,0.0000,5.0,8.0,8.0,5.0,,,
xCRr9DrolJ,7.0,Accept,6.25,Accept,Accept,YES,0.0000,0.0000,8.0,3.0,8.0,6.0,,,
tjNf0L8QjR,6.0,Accept,6.25,Accept,Accept,YES,0.0000,0.0000,6.0,8.0,6.0,5.0,,,
2aebB2mf0q,6.0,Accept,3.00,Reject,Reject,NO,0.0000,0.0000,3.0,5.0,1.0,,,,
LixGd92Wri,5.0,Reject,5.67,Reject,Reject,YES,0.0000,0.0000,6.0,3.0,8.0,,,,
UPyLDIVBNP,4.5,Reject,5.00,Reject,Reject,YES,0.0000,0.0000,3.0,6.0,6.0,,,,
ZSbsX1sFo3,5.0,Reject,3.50,Reject,Reject,YES,0.0000,0.0000,3.0,5.0,3.0,3.0,,,
TyFrPOKYXw,7.5,Accept,7.50,Accept,Accept,YES,0.0000,0.0000,8.0,8.0,6.0,8.0,,,
r5yolhcrHe,5.0,Reject,5.00,Reject,Reject,YES,0.0000,0.0000,3.0,5.0,6.0,5.0,6.0,,
Q8cVivO5k5,6.0,Accept,5.50,Reject,Reject,NO,0.0000,0.0000,3.0,6.0,5.0,8.0,,,
BL4WBIfyrz,6.0,Accept,7.50,Accept,Accept,YES,0.0000,0.0000,6.0,8.0,8.0,8.0,,,
SU3lZ8jrRD,5.0,Reject,4.75,Reject,Reject,YES,0.0000,0.0000,5.0,6.0,3.0,5.0,,,
aZVRFIDhYL,6.0,Accept,3.75,Reject,Reject,NO,0.0000,0.0000,3.0,3.0,6.0,3.0,,,
o2Igqm95SJ,6.0,Accept,8.00,Accept,Accept,YES,0.0000,0.0000,8.0,8.0,8.0,8.0,,,
ysQiaWhnCN,3.0,Reject,3.50,Reject,Reject,YES,0.0000,0.0000,3.0,3.0,3.0,5.0,,,
sSyytcewxe,7.0,Accept,7.00,Accept,Accept,YES,0.0000,0.0000,8.0,8.0,6.0,6.0,,,
puTxuiK2qO,5.5,Reject,6.25,Accept,Accept,NO,0.0000,0.0000,6.0,5.0,6.0,8.0,,,
86NGO8qeWs,5.5,Accept,6.50,Accept,Accept,YES,0.0000,0.0000,6.0,8.0,6.0,6.0,,,
cuFnNExmdq,6.5,Accept,5.00,Reject,Reject,NO,0.0000,0.0000,6.0,3.0,3.0,8.0,,,
BIveOmD1Nh,7.5,Accept,6.33,Accept,Accept,YES,0.0000,0.0000,6.0,5.0,8.0,,,,
bMvqccRmKD,5.5,Reject,7.00,Accept,Accept,NO,0.0000,0.0000,6.0,6.0,8.0,8.0,,,
IkmD3fKBPQ,7.5,Accept,6.75,Accept,Accept,YES,0.0000,0.0000,5.0,6.0,8.0,8.0,,,
gVWEq7LITG,6.5,Accept,3.50,Reject,Reject,NO,0.0000,0.0000,5.0,3.0,3.0,3.0,,,
Qro97zWC29,6.0,Accept,6.50,Accept,Accept,YES,0.0000,0.0000,6.0,6.0,6.0,8.0,,,
rHbxQebhDd,6.0,Reject,4.25,Reject,Reject,YES,0.0000,0.0000,5.0,5.0,6.0,1.0,,,
2uPZ4aX1VV,6.0,Accept,6.75,Accept,Accept,YES,0.0000,0.0000,6.0,5.0,8.0,8.0,,,
385gQZuuuR,5.0,Reject,4.75,Reject,Reject,YES,0.0000,0.0000,6.0,5.0,3.0,5.0,,,
hFQZmKFtlT,7.0,Accept,3.50,Reject,Reject,NO,0.0000,0.0000,3.0,5.0,3.0,3.0,,,
jNR6s6OSBT,6.5,Accept,6.75,Accept,Accept,YES,0.0000,0.0000,8.0,5.0,8.0,6.0,,,
s7lzZpAW7T,5.5,Reject,7.00,Accept,Accept,NO,0.0000,0.0000,6.0,6.0,8.0,8.0,,,
DsEhqQtfAG,6.5,Accept,6.50,Accept,Accept,YES,0.0000,0.0000,6.0,6.0,6.0,8.0,,,
il5yUQsrjC,7.0,Accept,7.00,Accept,Accept,YES,0.0000,0.0000,6.0,8.0,6.0,8.0,,,
0yXqV8VJKi,5.5,Reject,5.25,Reject,Reject,YES,0.0000,0.0000,6.0,6.0,3.0,6.0,,,
zwuemuTiN8,5.0,Reject,5.25,Reject,Reject,YES,0.0000,0.0000,6.0,5.0,5.0,5.0,,,
Tigr1kMDZy,7.5,Accept,7.33,Accept,Accept,YES,0.0000,0.0000,8.0,8.0,6.0,,,,
USI3ZbuFaV,6.0,Accept,6.00,Accept,Accept,YES,0.0000,0.0000,6.0,6.0,6.0,6.0,,,
cXxfVkRCHJ,6.0,Reject,3.00,Reject,Reject,YES,0.0000,0.0000,3.0,3.0,3.0,,,,
3baOKeI2EU,5.5,Accept,6.25,Accept,Accept,YES,0.0000,0.0000,8.0,5.0,6.0,6.0,,,
leBbjaUxut,6.5,Accept,5.00,Reject,Reject,NO,0.0000,0.0000,3.0,3.0,6.0,8.0,,,
m1bbeUqg3V,4.5,Reject,3.00,Reject,Reject,YES,0.0000,0.0000,3.0,5.0,3.0,1.0,,,
6I0jPeH5Pw,4.5,Reject,2.50,Reject,Reject,YES,0.0000,0.0000,3.0,3.0,3.0,1.0,,,
SXtl7NRyE5,6.5,Accept,6.50,Accept,Accept,YES,0.0000,0.0000,6.0,6.0,8.0,6.0,,,
8FJ6MOiP91,5.0,Reject,3.00,Reject,Reject,YES,0.0000,0.0000,3.0,3.0,3.0,,,,
zkn2tvtt8J,6.0,Reject,4.75,Reject,Reject,YES,0.0000,0.0000,5.0,3.0,3.0,8.0,,,
HiTg16qhxp,5.0,Reject,5.50,Accept,Accept,NO,0.0000,0.0000,5.0,8.0,3.0,6.0,,,
4aywmeb97I,4.5,Reject,7.33,Accept,Accept,NO,0.0000,0.0000,8.0,8.0,6.0,,,,
xQCXInDq0m,5.0,Reject,6.67,Accept,Accept,NO,0.0000,0.0000,8.0,6.0,6.0,,,,
DblHBgD0GR,7.0,Accept,5.75,Reject,Reject,NO,0.0000,0.0000,6.0,8.0,6.0,3.0,,,
ZyCuQxyPJK,6.0,Accept,4.25,Reject,Reject,NO,0.0000,0.0000,3.0,6.0,3.0,5.0,,,
r2Ji0Bzd4g,5.5,Accept,6.20,Reject,Reject,NO,0.0000,0.0000,6.0,6.0,8.0,5.0,6.0,,
8NlUL0Cv1L,5.5,Reject,6.25,Accept,Accept,NO,0.0000,0.0000,5.0,8.0,6.0,6.0,,,
Gv0TOAigIY,7.0,Accept,6.00,Accept,Accept,YES,0.0000,0.0000,6.0,6.0,6.0,6.0,,,
PNMv4r7s1i,6.5,Accept,6.50,Accept,Accept,YES,0.0000,0.0000,6.0,6.0,8.0,6.0,,,
lYXhiCYkPn,6.0,Accept,4.40,Reject,Reject,NO,0.0000,0.0000,3.0,5.0,5.0,3.0,6.0,,
j4PXHRmA88,5.0,Reject,3.50,Reject,Reject,YES,0.0000,0.0000,5.0,3.0,3.0,3.0,,,
kSISSDUYFh,7.5,Accept,6.33,Accept,Accept,YES,0.0000,0.0000,6.0,5.0,8.0,,,,
sYJQEgkkaI,5.0,Reject,5.25,Reject,Reject,YES,0.0000,0.0000,5.0,5.0,6.0,5.0,,,
xHMMt7r3GW,5.5,Reject,5.33,Reject,Reject,YES,0.0000,0.0000,5.0,8.0,3.0,,,,
eC2ICbECNM,6.0,Accept,6.00,Accept,Accept,YES,0.0000,0.0000,6.0,6.0,6.0,6.0,,,
bLhqPxRy3G,6.5,Accept,5.75,Reject,Reject,NO,0.0000,0.0000,6.0,6.0,5.0,6.0,,,
rtCROgWC2o,4.0,Reject,3.75,Reject,Reject,YES,0.0000,0.0000,6.0,3.0,3.0,3.0,,,
rpouyo09V0,6.0,Accept,6.00,Accept,Accept,YES,0.0000,0.0000,5.0,5.0,8.0,6.0,,,
QXQiq8JVOB,7.0,Accept,5.25,Reject,Reject,NO,0.0000,0.0000,5.0,5.0,6.0,5.0,,,
AbJWZp4THG,5.5,Accept,5.00,Reject,Reject,NO,0.0000,0.0000,8.0,3.0,3.0,6.0,,,
27YiINkhw3,7.0,Accept,6.00,Reject,Reject,NO,0.0000,0.0000,8.0,6.0,5.0,5.0,,,
WGWoRZb0pT,5.5,Reject,4.00,Reject,Reject,YES,0.0000,0.0000,3.0,5.0,3.0,5.0,,,
GtpubstM1D,5.5,Reject,5.71,Accept,Accept,NO,0.0000,0.0000,8.0,1.0,3.0,8.0,8.0,6.0,
cP2W2PJtBj,7.0,Accept,3.67,Reject,Reject,NO,0.0000,0.0000,5.0,3.0,3.0,,,,
HTpyexVwlI,7.0,Accept,3.50,Reject,Reject,NO,0.0000,0.0000,5.0,3.0,3.0,3.0,,,
PzkYyZH9Fx,6.0,Reject,4.50,Reject,Reject,YES,0.0000,0.0000,5.0,5.0,3.0,5.0,,,
nLlBLzPpeG,7.0,Accept,4.75,Reject,Reject,NO,0.0000,0.0000,5.0,6.0,5.0,3.0,,,
WwmtcGr4lP,4.5,Reject,6.80,Accept,Accept,NO,0.0000,0.0000,6.0,6.0,8.0,6.0,8.0,,
qmsX2R19p9,7.5,Accept,6.00,Accept,Accept,YES,0.0000,0.0000,6.0,5.0,5.0,8.0,,,
4nU3BLG1ni,5.0,Reject,5.00,Reject,Reject,YES,0.0000,0.0000,6.0,3.0,3.0,8.0,5.0,,
1CRu6bGx25,5.0,Reject,3.67,Reject,Reject,YES,0.0000,0.0000,3.0,5.0,3.0,,,,
TwZBQKgwdW,6.5,Accept,5.25,Reject,Reject,NO,0.0000,0.0000,5.0,6.0,5.0,5.0,,,
ADDCErFzev,5.0,Reject,6.00,Accept,Accept,NO,0.0000,0.0000,6.0,6.0,6.0,6.0,,,
NYf2XIXUi3,5.0,Reject,4.50,Reject,Reject,YES,0.0000,0.0000,5.0,3.0,5.0,5.0,,,
5fRlsiNDZR,5.0,Reject,3.50,Reject,Reject,YES,0.0000,0.0000,5.0,3.0,3.0,3.0,,,
IwhvaDrL39,5.0,Reject,5.75,Reject,Reject,YES,0.0000,0.0000,6.0,6.0,5.0,6.0,,,
3fEKavFsnv,7.0,Accept,6.50,Accept,Accept,YES,0.0000,0.0000,6.0,8.0,6.0,6.0,,,
YhIpTdrUDY,6.0,Accept,4.00,Reject,Reject,NO,0.0000,0.0000,5.0,3.0,5.0,3.0,,,
ryKrRCbcCX,7.0,Accept,3.50,Reject,Reject,NO,0.0000,0.0000,3.0,3.0,3.0,5.0,,,
y9Xp9NozPR,7.5,Accept,5.50,Accept,Accept,YES,0.0000,0.0000,3.0,5.0,8.0,6.0,,,
KRdiRGSNc9,7.0,Accept,4.60,Reject,Reject,NO,0.0000,0.0000,5.0,5.0,5.0,5.0,3.0,,
TwBY17Hgiy,6.0,Accept,6.00,Accept,Accept,YES,0.0000,0.0000,6.0,6.0,6.0,6.0,,,
jb37oaGZXy,6.5,Reject,5.67,Reject,Reject,YES,0.0000,0.0000,6.0,8.0,3.0,,,,
0T8vCKa7yu,5.0,Accept,3.00,Reject,Reject,NO,0.0000,0.0000,3.0,3.0,3.0,3.0,,,
dxJKLozjQl,7.0,Accept,3.00,Reject,Reject,NO,0.0000,0.0000,5.0,1.0,3.0,,,,
81cta3WQVI,5.0,Reject,6.50,Accept,Accept,NO,0.0000,0.0000,3.0,6.0,6.0,8.0,8.0,8.0,
Jy0MJYZEuN,5.0,Reject,3.50,Reject,Reject,YES,0.0000,0.0000,3.0,5.0,3.0,3.0,,,
bgk4O69SoL,5.0,Accept,5.00,Reject,Reject,NO,0.0000,0.0000,3.0,5.0,6.0,6.0,,,
XSVq2z1CU6,6.0,Accept,5.00,Reject,Reject,NO,0.0000,0.0000,3.0,6.0,6.0,5.0,,,
B9XP2R9LtG,5.5,Reject,5.25,Reject,Reject,YES,0.0000,0.0000,5.0,5.0,6.0,5.0,,,
ljwoQ3cvQh,6.5,Accept,7.00,Accept,Accept,YES,0.0000,0.0000,8.0,6.0,6.0,8.0,,,
92GUJzTRXs,5.5,Reject,4.75,Reject,Reject,YES,0.0000,0.0000,5.0,3.0,6.0,5.0,,,
6bKEWevgSd,5.0,Reject,5.75,Accept,Accept,NO,0.0000,0.0000,8.0,5.0,5.0,5.0,,,
Yufi9fWhj9,6.0,Reject,5.20,Reject,Reject,YES,0.0000,0.0000,6.0,6.0,5.0,3.0,6.0,,
tZdqL5FH7w,6.5,Accept,6.33,Accept,Accept,YES,0.0000,0.0000,8.0,6.0,5.0,,,,
5CHcmVzbAz,6.0,Accept,5.00,Reject,Reject,NO,0.0000,0.0000,5.0,5.0,5.0,5.0,,,
cijOBlCxMa,6.5,Accept,5.67,Reject,Reject,NO,0.0000,0.0000,5.0,6.0,6.0,,,,
T0ebbDO60R,7.0,Accept,3.75,Reject,Reject,NO,0.0000,0.0000,3.0,5.0,5.0,5.0,3.0,3.0,
ns0KIpfQVy,6.0,Accept,5.50,Reject,Reject,NO,0.0000,0.0000,6.0,8.0,3.0,5.0,,,
qb2QRoE4W3,6.5,Accept,3.00,Reject,Reject,NO,0.0000,0.0000,3.0,3.0,3.0,3.0,,,
Hr3TBaZl4S,5.5,Reject,4.75,Reject,Reject,YES,0.0000,0.0000,5.0,3.0,8.0,3.0,,,
z2WCyBO923,4.5,Reject,5.00,Reject,Reject,YES,0.0000,0.0000,5.0,5.0,5.0,5.0,,,
ufvwhR3XmN,6.5,Accept,3.75,Reject,Reject,NO,0.0000,0.0000,3.0,3.0,3.0,6.0,,,
o2uHg0Skil,6.0,Accept,6.25,Reject,Reject,NO,0.0000,0.0000,8.0,8.0,3.0,6.0,,,
iOMnn1hSBO,5.0,Reject,6.80,Accept,Accept,NO,0.0000,0.0000,6.0,8.0,8.0,6.0,6.0,,
DzbUL4AJPP,5.0,Reject,5.60,Accept,Accept,NO,0.0000,0.0000,6.0,5.0,6.0,5.0,6.0,,
iylpeTI0Ql,5.5,Reject,6.00,Accept,Accept,NO,0.0000,0.0000,6.0,6.0,6.0,,,,
ugyqNEOjoU,6.0,Accept,5.33,Accept,Accept,YES,0.0000,0.0000,5.0,3.0,8.0,,,,
fk5ePN7YCS,5.0,Reject,3.75,Reject,Reject,YES,0.0000,0.0000,3.0,3.0,6.0,3.0,,,
AHnj6YbNbj,6.0,Accept,5.00,Reject,Reject,NO,0.0000,0.0000,5.0,6.0,6.0,3.0,,,
euZD4YTXKu,6.0,Reject,3.75,Reject,Reject,YES,0.0000,0.0000,8.0,3.0,3.0,1.0,,,
Z28efFRE9r,5.5,Reject,5.75,Reject,Reject,YES,0.0000,0.0000,5.0,6.0,6.0,6.0,,,
xPxHQHDH2u,6.0,Accept,6.50,Accept,Accept,YES,0.0000,0.0000,8.0,6.0,6.0,6.0,,,
vOFx8HDcvF,8.0,Accept,6.50,Accept,Accept,YES,0.0000,0.0000,8.0,6.0,6.0,6.0,,,
85Eej2kUHQ,3.5,Reject,2.33,Reject,Reject,YES,0.0000,0.0000,3.0,1.0,3.0,,,,
dKfcntLRjZ,5.0,Reject,4.50,Reject,Reject,YES,0.0000,0.0000,3.0,3.0,6.0,6.0,,,
u14Y236LwX,7.0,Accept,5.00,Reject,Reject,NO,0.0000,0.0000,5.0,6.0,3.0,6.0,,,
kUsXwE98Cs,6.0,Accept,3.75,Reject,Reject,NO,0.0000,0.0000,6.0,1.0,3.0,5.0,,,
ByCV9xWfNK,6.5,Accept,6.33,Accept,Accept,YES,0.0000,0.0000,6.0,6.0,8.0,6.0,6.0,6.0,
u1cQYxRI1H,6.0,Reject,10.00,Accept,Accept,NO,0.0000,0.0000,10.0,10.0,10.0,10.0,,,
cmcD05NPKa,7.5,Accept,6.00,Accept,Accept,YES,0.0000,0.0000,5.0,8.0,6.0,5.0,,,
kTjEPEy96Q,4.5,Reject,3.00,Reject,Reject,YES,0.0000,0.0000,5.0,1.0,3.0,3.0,,,
ipWSxcmgsx,5.0,Reject,3.50,Reject,Reject,YES,0.0000,0.0000,5.0,3.0,3.0,3.0,,,
lsHmT3Fr65,5.0,Reject,3.67,Reject,Reject,YES,0.0000,0.0000,5.0,3.0,3.0,,,,
QaQrWKPWdG,6.5,Accept,5.75,Reject,Reject,NO,0.0000,0.0000,6.0,6.0,5.0,6.0,,,
NxsTjmRAzA,6.5,Accept,5.50,Reject,Reject,NO,0.0000,0.0000,5.0,6.0,5.0,6.0,,,
25j2ZEgwTj,5.5,Accept,6.00,Accept,Accept,YES,0.0000,0.0000,6.0,6.0,6.0,,,,
wLnls9LS3x,6.0,Accept,7.00,Accept,Accept,YES,0.0000,0.0000,8.0,6.0,8.0,6.0,,,
fnYvczj0OU,6.0,Accept,4.33,Reject,Reject,NO,0.0000,0.0000,5.0,3.0,5.0,,,,
CulHdELJ1S,5.5,Reject,4.50,Reject,Reject,YES,0.0000,0.0000,5.0,5.0,3.0,5.0,,,
ZyLkNVHBZF,6.5,Accept,5.50,Reject,Reject,NO,0.0000,0.0000,8.0,5.0,6.0,3.0,,,
wh6pilyz2L,6.0,Accept,5.75,Reject,Reject,NO,0.0000,0.0000,6.0,5.0,6.0,6.0,,,
OMFssKwpyo,7.0,Accept,3.80,Reject,Reject,NO,0.0000,0.0000,3.0,3.0,5.0,3.0,5.0,,
4z3IguA4Zg,6.5,Accept,6.00,Accept,Accept,YES,0.0000,0.0000,6.0,6.0,6.0,6.0,,,
hKeHfOUCXL,4.5,Reject,4.25,Reject,Reject,YES,0.0000,0.0000,6.0,5.0,3.0,3.0,,,
waf6HreC53,5.0,Reject,3.50,Reject,Reject,YES,0.0000,0.0000,3.0,3.0,5.0,3.0,,,
LPDJfudDTM,5.0,Reject,4.00,Reject,Reject,YES,0.0000,0.0000,3.0,5.0,5.0,3.0,,,
o1TKGCrSL7,5.5,Accept,4.75,Reject,Reject,NO,0.0000,0.0000,3.0,6.0,5.0,5.0,,,
NY3HzOOL3u,5.5,Accept,4.00,Reject,Reject,NO,0.0000,0.0000,3.0,5.0,3.0,5.0,,,
OaoDVZntGe,6.0,Accept,4.75,Accept,Accept,YES,0.0000,0.0000,5.0,5.0,3.0,6.0,,,
p14iRzavpt,5.5,Reject,5.33,Reject,Reject,YES,0.0000,0.0000,5.0,6.0,5.0,,,,
OGfyzExd69,6.0,Accept,6.50,Accept,Accept,YES,0.0000,0.0000,6.0,6.0,8.0,6.0,,,
P4WnvhVmPV,6.5,Accept,5.00,Reject,Reject,NO,0.0000,0.0000,3.0,6.0,6.0,5.0,,,
6DHIkLv5i3,5.5,Reject,6.00,Accept,Accept,NO,0.0000,0.0000,5.0,3.0,8.0,8.0,,,
elTJBP7Fbv,7.0,Accept,7.00,Accept,Accept,YES,0.0000,0.0000,6.0,8.0,8.0,6.0,,,
KZaEdLM4Gn,6.0,Accept,4.67,Reject,Reject,NO,0.0000,0.0000,5.0,6.0,3.0,,,,
kRJNV8RCE3,6.0,Accept,4.75,Reject,Reject,NO,0.0000,0.0000,3.0,5.0,6.0,5.0,,,
7J0NsFXnFd,5.5,Reject,5.25,Reject,Reject,YES,0.0000,0.0000,6.0,3.0,6.0,6.0,,,
icUCCz8pAu,5.0,Reject,5.00,Reject,Reject,YES,0.0000,0.0000,5.0,5.0,5.0,5.0,,,
gsShHPxkUW,6.0,Accept,5.75,Accept,Accept,YES,0.0000,0.0000,6.0,6.0,6.0,5.0,,,
QIsnwejVYE,6.0,Accept,5.00,Reject,Reject,NO,0.0000,0.0000,5.0,6.0,3.0,6.0,,,
85Eej2kUHQ,5.0,Reject,2.33,Reject,Reject,YES,0.0000,0.0000,3.0,1.0,3.0,,,,
wXSshrxlP4,5.5,Reject,7.33,Accept,Accept,NO,0.0000,0.0000,8.0,8.0,6.0,,,,
SZpygmv3G1,5.5,Reject,5.33,Reject,Reject,YES,0.0000,0.0000,3.0,5.0,8.0,,,,
prSJlvWrgE,4.5,Reject,5.75,Reject,Reject,YES,0.0000,0.0000,3.0,8.0,6.0,6.0,,,
kJ0qp9Xdsh,6.5,Accept,6.50,Accept,Accept,YES,0.0000,0.0000,6.0,8.0,6.0,6.0,,,
WjDjem8mWE,6.0,Accept,5.75,Accept,Accept,YES,0.0000,0.0000,6.0,8.0,6.0,3.0,,,
vEgLnT9avP,7.5,Accept,5.50,Reject,Reject,NO,0.0000,0.0000,5.0,8.0,6.0,3.0,,,
SrGP0ILoYa,6.0,Accept,6.25,Reject,Reject,NO,0.0000,0.0000,6.0,6.0,5.0,8.0,,,
k6OQ9VTZBZ,1.5,Reject,4.00,Reject,Reject,YES,0.0000,0.0000,5.0,3.0,3.0,5.0,,,
5BCFlnfE1g,7.0,Accept,6.75,Accept,Accept,YES,0.0000,0.0000,5.0,8.0,6.0,8.0,,,
Pe2lo3QOvo,7.5,Accept,6.25,Accept,Accept,YES,0.0000,0.0000,8.0,5.0,6.0,6.0,,,
AuTDvRwAjS,6.0,Accept,3.00,Reject,Reject,NO,0.0000,0.0000,3.0,3.0,3.0,,,,
2tVHNRZuCs,5.5,Reject,6.00,Accept,Accept,NO,0.0000,0.0000,6.0,6.0,6.0,6.0,,,
4qRCiEZGKd,4.0,Reject,3.40,Reject,Reject,YES,0.0000,0.0000,3.0,3.0,5.0,3.0,3.0,,
Hh0Cg4epYY,3.0,Reject,2.33,Reject,Reject,YES,0.0000,0.0000,1.0,3.0,3.0,,,,
Tepaft7632,5.0,Reject,4.80,Reject,Reject,YES,0.0000,0.0000,5.0,3.0,6.0,5.0,5.0,,
pTyEnkuSQ0,5.0,Reject,5.25,Reject,Reject,YES,0.0000,0.0000,10.0,3.0,5.0,3.0,,,
4YgfwJBJeQ,5.0,Reject,5.67,Reject,Reject,YES,0.0000,0.0000,5.0,6.0,6.0,,,,
uuPkll6i7m,5.0,Reject,6.75,Accept,Accept,NO,0.0000,0.0000,6.0,8.0,8.0,5.0,,,
3Z2flzXzBY,6.5,Accept,6.40,Accept,Accept,YES,0.0000,0.0000,6.0,8.0,6.0,6.0,6.0,,
tcx84iyqaC,6.0,Accept,5.33,Reject,Reject,NO,0.0000,0.0000,5.0,6.0,5.0,,,,
TOVBglQvhB,6.0,Accept,4.75,Reject,Reject,NO,0.0000,0.0000,3.0,5.0,6.0,5.0,,,
UCOPY3FZQW,4.5,Reject,3.00,Reject,Reject,YES,0.0000,0.0000,3.0,3.0,3.0,,,,
6INCxtPVXd,5.5,Accept,4.00,Reject,Reject,NO,0.0000,0.0000,3.0,5.0,5.0,3.0,,,
Jq8NPYVxLW,5.5,Reject,5.50,Reject,Reject,YES,0.0000,0.0000,5.0,5.0,6.0,6.0,,,
5dpuLgwQ0d,3.0,Reject,4.75,Reject,Reject,YES,0.0000,0.0000,5.0,6.0,3.0,5.0,,,
Z56fPyx7GL,7.5,Accept,3.50,Reject,Reject,NO,0.0000,0.0000,3.0,3.0,5.0,3.0,,,
M42KR4W9P5,5.0,Accept,6.67,Accept,Accept,YES,0.0000,0.0000,6.0,6.0,8.0,,,,
wLR9d5ZFpY,5.0,Reject,4.00,Reject,Reject,YES,0.0000,0.0000,3.0,3.0,6.0,,,,
816T4ab9Z5,6.0,Accept,5.80,Reject,Reject,NO,0.0000,0.0000,6.0,8.0,6.0,6.0,3.0,,
Tj3xLVuE9f,5.5,Reject,6.80,Accept,Accept,NO,0.0000,0.0000,6.0,6.0,8.0,8.0,6.0,,
mssRRt6OPE,6.0,Accept,5.75,Reject,Reject,NO,0.0000,0.0000,6.0,5.0,6.0,6.0,,,
frsg32u0rO,7.0,Accept,6.50,Accept,Accept,YES,0.0000,0.0000,6.0,6.0,8.0,6.0,,,
2kvDzdC5rh,5.5,Reject,4.40,Reject,Reject,YES,0.0000,0.0000,5.0,3.0,6.0,3.0,5.0,,
ob7UrZOJve,6.5,Accept,5.00,Reject,Reject,NO,0.0000,0.0000,3.0,6.0,6.0,5.0,,,
NbbsRnPBoS,5.5,Reject,2.33,Reject,Reject,YES,0.0000,0.0000,3.0,1.0,3.0,,,,
CbmAtAmQla,6.0,Accept,4.25,Reject,Reject,NO,0.0000,0.0000,5.0,1.0,6.0,5.0,,,
lgf2LW7fOJ,6.0,Accept,4.50,Reject,Reject,NO,0.0000,0.0000,5.0,5.0,5.0,3.0,,,
B5RrIFMqbe,5.5,Reject,6.50,Accept,Accept,NO,0.0000,0.0000,6.0,8.0,6.0,6.0,,,
njyZgDDeY4,6.0,Accept,4.00,Reject,Reject,NO,0.0000,0.0000,3.0,5.0,3.0,5.0,,,
Twyc3qZ3py,4.5,Reject,5.25,Reject,Reject,YES,0.0000,0.0000,5.0,6.0,5.0,5.0,,,
yGv5GzlBwr,6.0,Accept,5.25,Reject,Reject,NO,0.0000,0.0000,5.0,8.0,5.0,3.0,,,
inpLTODeA6,5.5,Accept,4.25,Reject,Reject,NO,0.0000,0.0000,3.0,3.0,6.0,5.0,,,
uSz2K30RRd,5.5,Reject,7.33,Accept,Accept,NO,0.0000,0.0000,6.0,8.0,8.0,,,,
Ke2BEL4csm,5.0,Reject,6.50,Accept,Accept,NO,0.0000,0.0000,6.0,6.0,6.0,8.0,,,
91DFSjAva8,5.0,Reject,4.75,Reject,Reject,YES,0.0000,0.0000,6.0,3.0,5.0,5.0,,,
h9TTpQdGKJ,3.0,Reject,4.25,Reject,Reject,YES,0.0000,0.0000,3.0,6.0,5.0,3.0,,,
bI3fcTsKW4,5.5,Accept,6.25,Accept,Accept,YES,0.0000,0.0000,5.0,8.0,6.0,6.0,,,
PYQmaU4RwI,4.0,Reject,4.00,Reject,Reject,YES,0.0000,0.0000,1.0,5.0,6.0,,,,
t9NiRq9PGK,6.0,Accept,5.60,Reject,Reject,NO,0.0000,0.0000,6.0,5.0,5.0,6.0,6.0,,
DDAtRS5Ngf,6.5,Accept,5.00,Reject,Reject,NO,0.0000,0.0000,3.0,6.0,6.0,5.0,,,
qazJfAmgOt,5.0,Reject,6.00,Reject,Reject,YES,0.0000,0.0000,5.0,6.0,5.0,8.0,,,
FDQF6A1s6M,6.0,Accept,4.00,Accept,Accept,YES,0.0000,0.0000,3.0,5.0,3.0,6.0,3.0,,
BhxsjonZ0z,5.0,Accept,3.33,Reject,Reject,NO,0.0000,0.0000,3.0,6.0,1.0,,,,
Xg6JWb1Oxt,6.5,Accept,6.00,Reject,Reject,NO,0.0000,0.0000,6.0,6.0,5.0,6.0,5.0,8.0,
d23EVDRJ6g,7.5,Accept,6.00,Accept,Accept,YES,0.0000,0.0000,8.0,8.0,3.0,5.0,,,
sLkj91HIZU,7.5,Accept,6.80,Accept,Accept,YES,0.0000,0.0000,8.0,6.0,6.0,8.0,6.0,,
T9w5ttdqLV,5.0,Reject,5.33,Reject,Reject,YES,0.0000,0.0000,6.0,5.0,5.0,,,,
7dufGaLYF8,5.0,Reject,4.00,Reject,Reject,YES,0.0000,0.0000,5.0,3.0,5.0,3.0,,,
L6IgkJvcgV,5.5,Reject,7.20,Accept,Accept,NO,0.0000,0.0000,6.0,10.0,8.0,6.0,6.0,,
kE1TVeolWv,6.0,Accept,4.25,Reject,Reject,NO,0.0000,0.0000,6.0,5.0,3.0,3.0,,,
K6iBe17Y16,6.5,Accept,5.40,Reject,Reject,NO,0.0000,0.0000,5.0,6.0,8.0,3.0,5.0,,
avlfmW32qO,5.0,Reject,5.00,Reject,Reject,YES,0.0000,0.0000,5.0,3.0,6.0,6.0,,,
gxhRR8vUQb,7.0,Accept,7.00,Accept,Accept,YES,0.0000,0.0000,8.0,8.0,6.0,6.0,,,
4ZhUKd05QM,6.5,Accept,3.80,Reject,Reject,NO,0.0000,0.0000,3.0,5.0,3.0,3.0,5.0,,
gTsLBDMZrL,6.5,Accept,5.50,Reject,Reject,NO,0.0000,0.0000,5.0,6.0,6.0,5.0,,,
kiwyQsZIGP,6.0,Accept,5.00,Reject,Reject,NO,0.0000,0.0000,6.0,3.0,8.0,3.0,,,
myYzr50xBh,7.0,Accept,5.80,Accept,Accept,YES,0.0000,0.0000,5.0,6.0,6.0,6.0,6.0,,
2GcR9bO620,6.0,Accept,7.00,Accept,Accept,YES,0.0000,0.0000,8.0,8.0,6.0,6.0,,,
oApCZZZ3O4,5.5,Reject,4.20,Reject,Reject,YES,0.0000,0.0000,6.0,5.0,1.0,3.0,6.0,,
JOHhktXd4a,7.5,Accept,5.40,Reject,Reject,NO,0.0000,0.0000,5.0,6.0,6.0,5.0,5.0,,
YuYxoaL7YX,6.0,Accept,3.00,Reject,Reject,NO,0.0000,0.0000,3.0,3.0,3.0,,,,
dOwmtbn6ZO,5.5,Reject,4.40,Reject,Reject,YES,0.0000,0.0000,8.0,3.0,3.0,5.0,3.0,,
TvkvWjxj3T,5.0,Accept,4.75,Reject,Reject,NO,0.0000,0.0000,5.0,5.0,3.0,6.0,,,
CupHThqQl3,5.5,Reject,4.75,Reject,Reject,YES,0.0000,0.0000,6.0,5.0,3.0,5.0,,,
qq0zZMC4SM,5.5,Reject,5.00,Reject,Reject,YES,0.0000,0.0000,8.0,3.0,3.0,6.0,,,
rYTlmSlxia,6.0,Accept,4.75,Reject,Reject,NO,0.0000,0.0000,5.0,3.0,6.0,5.0,,,
ELlBpc0tfb,5.0,Reject,5.67,Reject,Reject,YES,0.0000,0.0000,5.0,6.0,6.0,,,,
QMkYEau02q,6.0,Reject,4.25,Reject,Reject,YES,0.0000,0.0000,5.0,3.0,3.0,6.0,,,
qA4foxO5Gf,6.0,Accept,6.25,Accept,Accept,YES,0.0000,0.0000,5.0,6.0,8.0,6.0,,,
TjP1d8PP8l,6.0,Reject,6.50,Accept,Accept,NO,0.0000,0.0000,6.0,6.0,8.0,6.0,,,
JZOPwrRYtI,6.5,Accept,5.00,Reject,Reject,NO,0.0000,0.0000,6.0,3.0,6.0,5.0,5.0,,
gCYFtUKXSc,6.0,Accept,4.00,Reject,Reject,NO,0.0000,0.0000,3.0,5.0,5.0,3.0,,,
PxL35zAxvT,6.5,Accept,4.67,Reject,Reject,NO,0.0000,0.0000,3.0,6.0,5.0,,,,
LuytzzohTa,6.0,Accept,5.60,Reject,Reject,NO,0.0000,0.0000,5.0,5.0,5.0,5.0,8.0,,
SThJXvucjQ,5.0,Accept,6.67,Accept,Accept,YES,0.0000,0.0000,8.0,6.0,6.0,,,,
Fb93MfxX7T,6.5,Accept,4.75,Reject,Reject,NO,0.0000,0.0000,5.0,6.0,5.0,3.0,,,
kRaWc3Hk0q,6.5,Accept,4.50,Reject,Reject,NO,0.0000,0.0000,5.0,3.0,5.0,5.0,,,
aJnKjvTtPq,5.0,Reject,5.00,Reject,Reject,YES,0.0000,0.0000,5.0,5.0,5.0,5.0,5.0,,
hP4iZU8I3Y,6.0,Accept,5.67,Reject,Reject,NO,0.0000,0.0000,6.0,5.0,6.0,,,,
wq4AeBWQJ4,5.0,Reject,3.50,Reject,Reject,YES,0.0000,0.0000,3.0,3.0,3.0,5.0,,,
RzY9qQHUXy,5.0,Reject,6.75,Accept,Accept,NO,0.0000,0.0000,8.0,5.0,6.0,8.0,,,
lHBQrqVYji,6.0,Accept,5.00,Reject,Reject,NO,0.0000,0.0000,3.0,6.0,5.0,6.0,,,
KmQEsIfhr9,7.0,Accept,6.00,Accept,Accept,YES,0.0000,0.0000,6.0,6.0,6.0,,,,
1JgWwOW3EN,5.0,Reject,4.80,Reject,Reject,YES,0.0000,0.0000,10.0,1.0,5.0,3.0,5.0,,
oANkBaVci5,5.0,Reject,6.75,Accept,Accept,NO,0.0000,0.0000,8.0,5.0,6.0,8.0,,,
7m5jhNXklB,4.5,Reject,5.33,Reject,Reject,YES,0.0000,0.0000,5.0,6.0,5.0,,,,
iM7MfzbF1B,6.0,Accept,5.00,Reject,Reject,NO,0.0000,0.0000,6.0,6.0,3.0,5.0,,,
2J18i8T0oI,6.5,Accept,6.50,Accept,Accept,YES,0.0000,0.0000,6.0,6.0,8.0,6.0,,,
bKswCSYkKq,6.5,Accept,3.00,Reject,Reject,NO,0.0000,0.0000,3.0,3.0,3.0,3.0,,,
7gGl6HB5Zd,6.0,Accept,6.50,Accept,Accept,YES,0.0000,0.0000,8.0,6.0,6.0,6.0,,,
GQhlM0Mavg,5.5,Accept,5.00,Reject,Reject,NO,0.0000,0.0000,5.0,3.0,6.0,6.0,,,
IQ0BBfbYR2,5.5,Reject,3.67,Reject,Reject,YES,0.0000,0.0000,5.0,3.0,3.0,,,,
e2YOVTenU9,5.5,Reject,5.67,Accept,Accept,NO,0.0000,0.0000,6.0,8.0,3.0,,,,
zvaiz3FjA9,5.0,Reject,6.00,Accept,Accept,NO,0.0000,0.0000,6.0,6.0,6.0,,,,
7fxzVTSgZC,6.0,Accept,6.25,Reject,Reject,NO,0.0000,0.0000,6.0,8.0,5.0,6.0,,,
MHQMZ8FOL5,-1,N/A,5.50,Reject,Reject,N/A,0.0000,0.0000,6.0,5.0,6.0,5.0,,,
cbttLtO94Q,6.0,Accept,6.25,Accept,Accept,YES,0.0000,0.0000,6.0,5.0,6.0,8.0,,,
09TI1yUo9K,5.0,Accept,4.50,Reject,Reject,NO,0.0000,0.0000,5.0,5.0,5.0,3.0,,,
QzQSR56JZr,7.0,Accept,5.67,Reject,Reject,NO,0.0000,0.0000,8.0,3.0,6.0,,,,
vQ0zFYJaMo,5.5,Reject,5.33,Reject,Reject,YES,0.0000,0.0000,6.0,5.0,5.0,,,,
PabAln0jjB,5.5,Reject,4.67,Reject,Reject,YES,0.0000,0.0000,3.0,5.0,6.0,,,,
30oIfmrcFO,6.0,Accept,6.25,Accept,Accept,YES,0.0000,0.0000,8.0,6.0,6.0,5.0,,,
YZEzVR5awV,7.0,Accept,5.75,Reject,Reject,NO,0.0000,0.0000,6.0,5.0,6.0,6.0,,,
wqi85OBVLE,5.5,Reject,3.50,Reject,Reject,YES,0.0000,0.0000,3.0,3.0,3.0,5.0,,,
TwJrTz9cRS,6.0,Accept,8.00,Accept,Accept,YES,0.0000,0.0000,8.0,8.0,8.0,,,,
Ey8KcabBpB,5.0,Reject,6.75,Accept,Accept,NO,0.0000,0.0000,6.0,8.0,8.0,5.0,,,
XaqaitclOA,6.0,Accept,5.00,Reject,Reject,NO,0.0000,0.0000,3.0,5.0,6.0,6.0,,,
6bAfAcuuZD,5.5,Reject,5.50,Reject,Reject,YES,0.0000,0.0000,3.0,3.0,8.0,8.0,,,
g7xZkiHcGO,6.5,Accept,5.00,Reject,Reject,NO,0.0000,0.0000,5.0,3.0,6.0,5.0,6.0,,
a2tU4ykVA9,6.5,Accept,5.50,Reject,Reject,NO,0.0000,0.0000,3.0,6.0,8.0,5.0,,,
2x1U8a3s7G,6.0,Reject,5.00,Reject,Reject,YES,0.0000,0.0000,6.0,6.0,3.0,,,,
sMkvcg1i1u,5.0,Accept,4.00,Reject,Reject,NO,0.0000,0.0000,5.0,3.0,5.0,3.0,,,
9tMzqRaEL3,5.5,Reject,4.50,Reject,Reject,YES,0.0000,0.0000,3.0,5.0,5.0,5.0,,,
HkB4bW5eJj,7.5,Accept,4.25,Reject,Reject,NO,0.0000,0.0000,5.0,5.0,1.0,6.0,,,
6vtGG0WMne,3.0,Reject,4.50,Reject,Reject,YES,0.0000,0.0000,6.0,6.0,3.0,3.0,,,
NSVtmmzeRB,7.0,Accept,8.00,Accept,Accept,YES,0.0000,0.0000,8.0,8.0,8.0,8.0,,,
awHTL3Hpto,8.0,Accept,6.33,Accept,Accept,YES,0.0000,0.0000,8.0,5.0,6.0,,,,
jfTrsqRrpb,6.5,Accept,4.75,Reject,Reject,NO,0.0000,0.0000,3.0,5.0,6.0,5.0,,,
Cf0K6jgzZt,6.0,Reject,5.33,Reject,Reject,YES,0.0000,0.0000,5.0,6.0,5.0,,,,
WOzffPgVjF,5.5,Accept,7.50,Accept,Accept,YES,0.0000,0.0000,8.0,8.0,6.0,8.0,,,
PbheqxnO1e,7.0,Accept,7.00,Accept,Accept,YES,0.0000,0.0000,5.0,8.0,8.0,,,,
UNHU7uO2qM,6.5,Accept,6.00,Reject,Reject,NO,0.0000,0.0000,6.0,6.0,6.0,6.0,,,
8ishA3LxN8,7.5,Accept,6.50,Accept,Accept,YES,0.0000,0.0000,6.0,8.0,6.0,6.0,,,
cx46JSD2qn,6.0,Accept,3.80,Reject,Reject,NO,0.0000,0.0000,5.0,5.0,5.0,1.0,3.0,,
tZozeR3VV7,6.5,Accept,6.33,Accept,Accept,YES,0.0000,0.0000,6.0,5.0,8.0,,,,
VWBYDo5NaM,5.5,Reject,4.33,Reject,Reject,YES,0.0000,0.0000,5.0,3.0,5.0,,,,
adSGeugiuj,6.5,Accept,5.75,Accept,Accept,YES,0.0000,0.0000,8.0,6.0,3.0,6.0,,,
qUZY7ymDPr,7.5,Accept,4.80,Reject,Reject,NO,0.0000,0.0000,6.0,6.0,3.0,6.0,3.0,,
Z756zcjNcC,5.0,Reject,4.50,Reject,Reject,YES,0.0000,0.0000,3.0,3.0,6.0,6.0,,,
2BfZMh9td4,7.0,Accept,4.25,Reject,Reject,NO,0.0000,0.0000,5.0,1.0,6.0,5.0,,,
cbttLtO94Q,5.0,Reject,6.25,Accept,Accept,NO,0.0000,0.0000,6.0,5.0,6.0,8.0,,,
50RNY6uM2Q,5.5,Accept,4.20,Reject,Reject,NO,0.0000,0.0000,5.0,3.0,3.0,5.0,5.0,,
tDIL7UXmSS,4.0,Reject,6.50,Accept,Accept,NO,0.0000,0.0000,6.0,6.0,6.0,8.0,,,
BTKAeLqLMw,6.0,Accept,6.33,Accept,Accept,YES,0.0000,0.0000,8.0,6.0,5.0,,,,
5HCnKDeTws,6.5,Accept,6.75,Accept,Accept,YES,0.0000,0.0000,6.0,8.0,5.0,8.0,,,
v9fQfQ85oG,6.0,Accept,4.75,Reject,Reject,NO,0.0000,0.0000,5.0,3.0,5.0,6.0,,,
GN921JHCRw,5.0,Accept,7.00,Accept,Accept,YES,0.0000,0.0000,6.0,6.0,8.0,8.0,,,
RofU5v2BvZ,5.5,Reject,5.50,Reject,Reject,YES,0.0000,0.0000,5.0,6.0,6.0,5.0,,,
Ro3EBZiKhT,5.0,Reject,4.25,Reject,Reject,YES,0.0000,0.0000,5.0,3.0,3.0,6.0,,,
J8LYjgi7nH,4.0,Reject,3.50,Reject,Reject,YES,0.0000,0.0000,3.0,3.0,5.0,3.0,,,
XA9A8mkFqa,6.5,Accept,3.50,Reject,Reject,NO,0.0000,0.0000,5.0,1.0,3.0,5.0,,,
L0evcuybH5,6.0,Accept,6.75,Accept,Accept,YES,0.0000,0.0000,6.0,8.0,8.0,5.0,,,
WVLBWiKxjM,2.0,Reject,3.00,Reject,Reject,YES,0.0000,0.0000,5.0,3.0,1.0,3.0,3.0,,
CEkIyshNbC,4.5,Reject,4.50,Accept,Accept,NO,0.0000,0.0000,5.0,3.0,5.0,5.0,,,
nrvoWOWcyg,5.0,Reject,6.50,Accept,Accept,NO,0.0000,0.0000,6.0,8.0,6.0,6.0,,,
f3jySJpEFT,6.5,Accept,6.33,Accept,Accept,YES,0.0000,0.0000,8.0,6.0,5.0,,,,
Y5mm3Yb36I,3.5,Reject,4.50,Reject,Reject,YES,0.0000,0.0000,5.0,3.0,5.0,5.0,,,
rmLTwKGiSP,6.5,Accept,5.25,Reject,Reject,NO,0.0000,0.0000,6.0,6.0,6.0,3.0,,,
b77ML9nALL,5.0,Reject,4.75,Reject,Reject,YES,0.0000,0.0000,6.0,5.0,3.0,5.0,,,
4N7v4w2r3b,6.5,Accept,5.25,Reject,Reject,NO,0.0000,0.0000,5.0,5.0,6.0,5.0,,,
ZkpDdCQUC4,6.0,Accept,4.60,Reject,Reject,NO,0.0000,0.0000,3.0,6.0,6.0,3.0,5.0,,
eiF7TU1E8E,7.0,Accept,6.00,Accept,Accept,YES,0.0000,0.0000,6.0,6.0,,,,,
h7GAgbLSmC,5.0,Reject,7.00,Accept,Accept,NO,0.0000,0.0000,8.0,8.0,6.0,6.0,,,
1Njl73JKjB,7.0,Accept,7.00,Accept,Accept,YES,0.0000,0.0000,8.0,6.0,6.0,8.0,,,
ywgwArtbDq,4.5,Reject,3.00,Reject,Reject,YES,0.0000,0.0000,3.0,3.0,1.0,5.0,,,
p1TBYyqy8v,6.0,Accept,6.60,Accept,Accept,YES,0.0000,0.0000,8.0,6.0,8.0,6.0,5.0,,
iKI7wT6fCP,6.0,Accept,4.40,Reject,Reject,NO,0.0000,0.0000,3.0,6.0,5.0,5.0,3.0,,
uqLQjtSdFN,6.0,Accept,3.57,Reject,Reject,NO,0.0000,0.0000,5.0,3.0,3.0,3.0,5.0,3.0,
yBLBls6ryd,5.0,Reject,4.86,Reject,Reject,YES,0.0000,0.0000,5.0,3.0,5.0,5.0,3.0,8.0,
cTG25RXtJA,7.5,Accept,4.50,Reject,Reject,NO,0.0000,0.0000,5.0,5.0,5.0,3.0,,,
9Qptgv0Eyw,5.0,Reject,3.40,Reject,Reject,YES,0.0000,0.0000,5.0,1.0,3.0,5.0,3.0,,
DIuSX4HqDZ,5.0,Reject,5.00,Reject,Reject,YES,0.0000,0.0000,5.0,5.0,6.0,6.0,3.0,,
3ogIALgghF,6.0,Accept,7.00,Accept,Accept,YES,0.0000,0.0000,8.0,6.0,6.0,8.0,,,
vNrTYz1rXH,5.5,Accept,4.33,Reject,Reject,NO,0.0000,0.0000,3.0,5.0,5.0,,,,
09iOdaeOzp,6.5,Accept,6.00,Accept,Accept,YES,0.0000,0.0000,5.0,8.0,5.0,6.0,,,
RwhRZojoYw,5.5,Reject,3.75,Reject,Reject,YES,0.0000,0.0000,3.0,6.0,3.0,3.0,,,
zSwH0Wo2wo,5.0,Reject,5.25,Reject,Reject,YES,0.0000,0.0000,5.0,3.0,8.0,5.0,,,
XN6ZPINdSg,7.0,Accept,6.40,Accept,Accept,YES,0.0000,0.0000,6.0,6.0,6.0,6.0,8.0,,
RVrINT6MT7,6.5,Accept,5.75,Accept,Accept,YES,0.0000,0.0000,5.0,6.0,6.0,6.0,,,
FDfq0RRkuz,5.0,Reject,5.50,Reject,Reject,YES,0.0000,0.0000,5.0,6.0,6.0,5.0,,,
eBgIzHaegm,7.5,Accept,4.25,Reject,Reject,NO,0.0000,0.0000,5.0,6.0,3.0,3.0,,,
trKee5pIFv,6.0,Accept,6.00,Accept,Accept,YES,0.0000,0.0000,6.0,6.0,6.0,6.0,,,
cuFnNExmdq,6.5,Accept,5.00,Reject,Reject,NO,0.0000,0.0000,6.0,3.0,3.0,8.0,,,
okD9dbifxa,5.5,Reject,5.83,Reject,Reject,YES,0.0000,0.0000,5.0,6.0,5.0,8.0,6.0,5.0,
uC003NHlEi,7.0,Accept,5.50,Reject,Reject,NO,0.0000,0.0000,8.0,3.0,6.0,5.0,,,
5ZEbpBYGwH,5.5,Accept,7.25,Accept,Accept,YES,0.0000,0.0000,5.0,8.0,8.0,8.0,,,
BSsyY29bcl,7.5,Accept,5.80,Reject,Reject,NO,0.0000,0.0000,8.0,5.0,6.0,5.0,5.0,,
QhjosARfay,6.5,Accept,6.00,Reject,Reject,NO,0.0000,0.0000,8.0,6.0,5.0,5.0,,,
ToWKyjwDqO,6.5,Accept,5.00,Reject,Reject,NO,0.0000,0.0000,3.0,3.0,8.0,6.0,,,
6EadiKkfgR,5.0,Reject,5.25,Reject,Reject,YES,0.0000,0.0000,5.0,6.0,5.0,5.0,,,
WK6K1FMEQ1,6.0,Accept,6.75,Accept,Accept,YES,0.0000,0.0000,5.0,8.0,8.0,6.0,,,
TPtzZQyiFm,5.0,Reject,6.00,Reject,Reject,YES,0.0000,0.0000,8.0,6.0,5.0,5.0,,,
vsYt8UHGzI,6.0,Accept,4.33,Reject,Reject,NO,0.0000,0.0000,5.0,3.0,5.0,5.0,5.0,3.0,
VIEbRFp6s3,6.0,Reject,5.80,Reject,Reject,YES,0.0000,0.0000,6.0,6.0,6.0,5.0,6.0,,
3GurO0kRue,6.0,Accept,6.50,Accept,Accept,YES,0.0000,0.0000,6.0,8.0,6.0,6.0,,,
NqkSUwMc0K,7.0,Accept,3.60,Reject,Reject,NO,0.0000,0.0000,1.0,8.0,3.0,3.0,3.0,,
uikf2Ue0XQ,6.5,Accept,5.50,Reject,Reject,NO,0.0000,0.0000,6.0,5.0,5.0,6.0,,,
89l6VLPrin,7.0,Accept,5.33,Reject,Reject,NO,0.0000,0.0000,5.0,5.0,6.0,,,,
KY8ZNcljVU,5.5,Reject,7.33,Accept,Accept,NO,0.0000,0.0000,8.0,8.0,6.0,,,,
wSErgkwDZO,5.5,Reject,4.00,Reject,Reject,YES,0.0000,0.0000,6.0,3.0,3.0,3.0,5.0,,
6cQ6cBqzV3,5.0,Reject,5.75,Accept,Accept,NO,0.0000,0.0000,8.0,6.0,6.0,3.0,,,
XRtyVELwr6,5.5,Accept,6.25,Accept,Accept,YES,0.0000,0.0000,6.0,5.0,6.0,8.0,,,
4g0PUEAHg0,5.5,Accept,3.50,Reject,Reject,NO,0.0000,0.0000,5.0,1.0,5.0,3.0,,,
tBZK9BI2GZ,5.5,Reject,4.50,Reject,Reject,YES,0.0000,0.0000,5.0,5.0,5.0,3.0,,,
SBzIbJojs8,6.5,Accept,6.00,Accept,Accept,YES,0.0000,0.0000,6.0,6.0,6.0,6.0,,,
As2ZyaNoHa,6.5,Accept,3.33,Reject,Reject,NO,0.0000,0.0000,3.0,1.0,6.0,,,,
kbm6tsICar,6.0,Accept,6.50,Accept,Accept,YES,0.0000,0.0000,8.0,6.0,6.0,6.0,,,
LVmafig6Tk,6.5,Accept,5.00,Reject,Reject,NO,0.0000,0.0000,3.0,6.0,6.0,5.0,,,
YhT1ZemZow,5.0,Reject,4.50,Reject,Reject,YES,0.0000,0.0000,3.0,3.0,6.0,6.0,,,
PC5WxcMRs8,5.5,Reject,4.00,Reject,Reject,YES,0.0000,0.0000,3.0,5.0,3.0,5.0,,,
KeRwLLwZaw,6.0,Reject,6.00,Accept,Accept,NO,0.0000,0.0000,6.0,6.0,6.0,6.0,,,
8tWOUmBHRv,5.0,Reject,4.00,Reject,Reject,YES,0.0000,0.0000,5.0,5.0,3.0,3.0,,,
z9FXRHoQdc,5.0,Reject,4.75,Reject,Reject,YES,0.0000,0.0000,5.0,6.0,5.0,3.0,,,
Tn8EQIFIMQ,6.0,Accept,7.00,Accept,Accept,YES,0.0000,0.0000,8.0,6.0,6.0,8.0,,,
BXMoS69LLR,7.5,Accept,4.50,Reject,Reject,NO,0.0000,0.0000,5.0,5.0,5.0,3.0,,,
7TXdglI1g0,8.0,Accept,5.20,Reject,Reject,NO,0.0000,0.0000,5.0,3.0,6.0,6.0,6.0,,
WNvvwK0tut,6.0,Reject,6.50,Accept,Accept,NO,0.0000,0.0000,6.0,8.0,6.0,6.0,,,
CrOHzVtWmH,6.5,Accept,3.80,Reject,Reject,NO,0.0000,0.0000,3.0,5.0,5.0,3.0,3.0,,
BjaHYhr7VS,4.5,Reject,4.75,Reject,Reject,YES,0.0000,0.0000,6.0,5.0,3.0,5.0,,,
MeGDmZjUXy,6.0,Accept,6.33,Accept,Accept,YES,0.0000,0.0000,8.0,5.0,6.0,,,,
1qbZekXGrp,6.0,Accept,6.50,Accept,Accept,YES,0.0000,0.0000,6.0,6.0,8.0,6.0,,,
506Sxc0Adp,5.0,Reject,4.00,Reject,Reject,YES,0.0000,0.0000,3.0,6.0,1.0,6.0,,,
I2ZYngkRW6,5.5,Reject,4.25,Reject,Reject,YES,0.0000,0.0000,3.0,3.0,5.0,6.0,,,
mliQ2huFrZ,6.0,Accept,7.25,Accept,Accept,YES,0.0000,0.0000,5.0,8.0,8.0,8.0,,,
FE2e8664Sl,6.0,Accept,7.00,Accept,Accept,YES,0.0000,0.0000,8.0,8.0,5.0,,,,
L1FeTLOwzr,5.0,Reject,5.25,Reject,Reject,YES,0.0000,0.0000,5.0,5.0,6.0,5.0,,,
jdFoxDnBwY,5.0,Reject,4.80,Reject,Reject,YES,0.0000,0.0000,5.0,6.0,5.0,5.0,3.0,,
4y6Q98hJzr,6.0,Accept,4.00,Reject,Reject,NO,0.0000,0.0000,5.0,3.0,3.0,5.0,,,
Kg0IDQF3wp,4.0,Reject,4.67,Reject,Reject,YES,0.0000,0.0000,5.0,6.0,3.0,,,,
BLWaTeucYX,6.0,Accept,6.00,Accept,Accept,YES,0.0000,0.0000,6.0,6.0,6.0,6.0,,,
4y3GDTFv70,7.0,Accept,3.25,Reject,Reject,NO,0.0000,0.0000,3.0,1.0,3.0,6.0,,,
5RUM1aIdok,4.5,Reject,6.75,Accept,Accept,NO,0.0000,0.0000,8.0,5.0,8.0,6.0,,,
sMkvcg1i1u,0.0,Reject,4.00,Reject,Reject,YES,0.0000,0.0000,5.0,3.0,5.0,3.0,,,
h6ktwCPYxE,7.0,Accept,6.00,Accept,Accept,YES,0.0000,0.0000,5.0,6.0,8.0,5.0,,,
YONCcPQJoC,5.5,Reject,4.75,Reject,Reject,YES,0.0000,0.0000,3.0,8.0,3.0,5.0,,,
4sJJixGIZX,6.0,Accept,5.00,Reject,Reject,NO,0.0000,0.0000,6.0,6.0,5.0,3.0,,,
yBZd6mCWXd,6.5,Accept,5.33,Reject,Reject,NO,0.0000,0.0000,5.0,5.0,6.0,,,,
uWHPW0sXFK,4.5,Reject,3.50,Reject,Reject,YES,0.0000,0.0000,3.0,3.0,3.0,5.0,,,
jx6njBKH8E,4.0,Reject,5.75,Reject,Reject,YES,0.0000,0.0000,6.0,6.0,5.0,6.0,,,
nfKfAzkiez,7.0,Accept,5.75,Accept,Accept,YES,0.0000,0.0000,6.0,6.0,5.0,6.0,,,
hqxzi4d3Ws,5.0,Reject,3.00,Reject,Reject,YES,0.0000,0.0000,3.0,3.0,3.0,3.0,,,
NDMLjEJoLb,3.0,Reject,4.75,Reject,Reject,YES,0.0000,0.0000,5.0,3.0,8.0,3.0,,,
HA0oLUvuGI,5.5,Accept,6.25,Accept,Accept,YES,0.0000,0.0000,5.0,8.0,6.0,6.0,,,
lFzUHGebeb,5.0,Reject,2.00,Reject,Reject,YES,0.0000,0.0000,1.0,1.0,3.0,3.0,,,
Cf4FJGmHRQ,5.0,Reject,6.00,Accept,Accept,NO,0.0000,0.0000,6.0,6.0,6.0,,,,
iBExhaU3Lc,7.5,Accept,7.00,Accept,Accept,YES,0.0000,0.0000,6.0,8.0,8.0,6.0,,,
E2PFv7ad3p,7.0,Accept,6.67,Accept,Accept,YES,0.0000,0.0000,8.0,6.0,6.0,,,,
hss35aoQ1Y,5.0,Reject,5.75,Accept,Accept,NO,0.0000,0.0000,6.0,6.0,6.0,5.0,,,
IRjT0AmsDI,5.0,Reject,4.50,Reject,Reject,YES,0.0000,0.0000,5.0,3.0,5.0,5.0,,,
KNQJtoPZmz,4.0,Reject,3.00,Reject,Reject,YES,0.0000,0.0000,3.0,3.0,3.0,3.0,,,
VtYfbvwpWp,7.0,Accept,5.60,Accept,Accept,YES,0.0000,0.0000,8.0,3.0,5.0,6.0,6.0,,
1djnGJnaiy,5.5,Reject,5.00,Reject,Reject,YES,0.0000,0.0000,6.0,3.0,6.0,,,,
MUTTUDKb3M,5.0,Reject,5.50,Reject,Reject,YES,0.0000,0.0000,5.0,6.0,5.0,6.0,,,
vbmSSIhKAM,5.5,Reject,6.60,Accept,Accept,NO,0.0000,0.0000,8.0,8.0,3.0,8.0,6.0,,
sRb9sddBy2,6.0,Accept,4.50,Reject,Reject,NO,0.0000,0.0000,5.0,5.0,3.0,5.0,,,
2snKOc7TVp,7.0,Accept,5.75,Accept,Accept,YES,0.0000,0.0000,6.0,3.0,8.0,6.0,,,
ykt6I21YQZ,8.0,Accept,4.75,Reject,Reject,NO,0.0000,0.0000,5.0,6.0,5.0,3.0,,,
2TiU1JTdSQ,6.5,Accept,5.00,Reject,Reject,NO,0.0000,0.0000,6.0,3.0,5.0,6.0,,,
4WM0OogPTx,7.0,Accept,6.75,Accept,Accept,YES,0.0000,0.0000,8.0,6.0,5.0,8.0,,,
R2OzZWOkjz,4.5,Reject,3.80,Reject,Reject,YES,0.0000,0.0000,5.0,3.0,3.0,5.0,3.0,,
qoYogklIPz,5.0,Reject,6.75,Accept,Accept,NO,0.0000,0.0000,5.0,8.0,6.0,8.0,,,
uIKZSStON3,5.0,Reject,7.25,Accept,Accept,NO,0.0000,0.0000,8.0,5.0,8.0,8.0,,,
M6fYrICcQs,5.5,Reject,6.00,Accept,Accept,NO,0.0000,0.0000,6.0,6.0,6.0,6.0,,,
Y5LjYI4N6P,5.5,Accept,6.75,Accept,Accept,YES,0.0000,0.0000,8.0,6.0,8.0,5.0,,,
owokKCrGYr,6.5,Weak Accept,5.75,Accept,Accept,NO,0.0000,0.0000,5.0,6.0,6.0,6.0,,,
vLJg4wgBPu,6.5,Accept,4.25,Reject,Reject,NO,0.0000,0.0000,3.0,5.0,3.0,6.0,,,
hMEHnLJyrU,7.0,Accept,3.75,Reject,Reject,NO,0.0000,0.0000,3.0,5.0,6.0,1.0,,,
22pyNMuIoa,6.0,Reject,5.75,Accept,Accept,NO,0.0000,0.0000,6.0,8.0,3.0,6.0,,,
eJhgguibXu,3.0,Reject,2.50,Reject,Reject,YES,0.0000,0.0000,3.0,3.0,3.0,1.0,,,
tlH4vDii0E,5.0,Reject,5.60,Reject,Reject,YES,0.0000,0.0000,6.0,6.0,5.0,5.0,6.0,,
ix7rLVHXyY,6.5,Reject,7.25,Accept,Accept,NO,0.0000,0.0000,8.0,8.0,5.0,8.0,,,
TrKRpaOk8y,6.0,Accept,6.40,Accept,Accept,YES,0.0000,0.0000,6.0,6.0,6.0,8.0,6.0,,
MbK0Vs5lFI,6.0,Accept,3.50,Reject,Reject,NO,0.0000,0.0000,3.0,3.0,5.0,3.0,,,
jVsXDLIt45,5.5,Accept,5.67,Reject,Reject,NO,0.0000,0.0000,5.0,6.0,6.0,,,,
YMCtQlm8Bc,7.0,Accept,5.75,Reject,Reject,NO,0.0000,0.0000,6.0,5.0,6.0,6.0,,,
VJDFhkwQg6,7.0,Accept,5.00,Reject,Reject,NO,0.0000,0.0000,6.0,5.0,6.0,3.0,,,
BZYIEw4mcY,7.0,Accept,6.00,Accept,Accept,YES,0.0000,0.0000,6.0,6.0,6.0,6.0,,,
drovOv7IKB,7.0,Accept,5.00,Reject,Reject,NO,0.0000,0.0000,6.0,6.0,3.0,5.0,,,
T1pUS4GZZq,6.5,Accept,5.75,Reject,Reject,NO,0.0000,0.0000,5.0,6.0,6.0,6.0,,,
5Y9NT6lW21,5.0,Reject,7.00,Accept,Accept,NO,0.0000,0.0000,6.0,6.0,8.0,8.0,,,
72nCh5JtLQ,5.5,Reject,5.75,Reject,Reject,YES,0.0000,0.0000,8.0,6.0,6.0,3.0,,,
T7ZVzuObcj,5.5,Reject,5.50,Reject,Reject,YES,0.0000,0.0000,6.0,5.0,6.0,5.0,,,
4VHiptx7xe,6.5,Accept,6.25,Accept,Accept,YES,0.0000,0.0000,6.0,8.0,6.0,5.0,,,
UHDSE86qiG,6.0,Accept,4.50,Reject,Reject,NO,0.0000,0.0000,5.0,3.0,5.0,5.0,,,
8OrXrdPbef,6.0,Accept,4.25,Reject,Reject,NO,0.0000,0.0000,5.0,1.0,6.0,5.0,,,
H9plefjzuR,6.0,Accept,4.00,Reject,Reject,NO,0.0000,0.0000,3.0,6.0,5.0,3.0,3.0,,
B9177IHxCL,7.0,Accept,4.25,Reject,Reject,NO,0.0000,0.0000,3.0,3.0,8.0,3.0,,,
cpGPPLLYYx,7.0,Accept,6.50,Accept,Accept,YES,0.0000,0.0000,6.0,6.0,6.0,8.0,,,
gDcL7cgZBt,5.0,Accept,7.00,Accept,Accept,YES,0.0000,0.0000,8.0,8.0,6.0,6.0,,,
udfjje2xXb,4.5,Reject,3.40,Reject,Reject,YES,0.0000,0.0000,5.0,3.0,3.0,3.0,3.0,,
q8H9t10Vsy,5.5,Reject,4.00,Reject,Reject,YES,0.0000,0.0000,3.0,5.0,5.0,3.0,,,
r0QqfaCkF8,5.5,Accept,4.33,Reject,Reject,NO,0.0000,0.0000,5.0,5.0,3.0,,,,
UC1UD0EIWn,7.0,Accept,5.00,Reject,Reject,NO,0.0000,0.0000,5.0,5.0,5.0,5.0,,,
1wRXUROlzY,7.0,Accept,4.67,Reject,Reject,NO,0.0000,0.0000,3.0,6.0,5.0,,,,
EE2tIwKhSW,7.0,Accept,5.50,Reject,Reject,NO,0.0000,0.0000,6.0,5.0,6.0,5.0,,,
3m6VqesEMw,5.0,Reject,6.00,Reject,Reject,YES,0.0000,0.0000,6.0,5.0,5.0,8.0,,,
w73feIekdO,4.5,Reject,3.25,Reject,Reject,YES,0.0000,0.0000,3.0,6.0,1.0,3.0,,,
b89OyrljJD,6.5,Accept,3.67,Reject,Reject,NO,0.0000,0.0000,3.0,3.0,5.0,,,,
dWEDLUmddV,7.5,Accept,5.33,Reject,Reject,NO,0.0000,0.0000,5.0,6.0,5.0,,,,
K4JHTZ13G3,6.5,Accept,5.33,Reject,Reject,NO,0.0000,0.0000,5.0,5.0,6.0,,,,
pwlm6Po61I,5.0,Reject,5.67,Reject,Reject,YES,0.0000,0.0000,5.0,6.0,6.0,,,,
hKZfzVZ999,6.0,Accept,4.75,Reject,Reject,NO,0.0000,0.0000,8.0,5.0,3.0,3.0,,,
tp1QiTH2aa,6.0,Reject,4.50,Reject,Reject,YES,0.0000,0.0000,3.0,5.0,5.0,5.0,,,
OMFssKwpyo,6.5,Accept,3.80,Reject,Reject,NO,0.0000,0.0000,3.0,3.0,5.0,3.0,5.0,,
DhdqML3FdM,3.5,Reject,7.00,Accept,Accept,NO,0.0000,0.0000,6.0,6.0,8.0,8.0,,,
4b1cJHn7q5,6.5,Accept,3.50,Reject,Reject,NO,0.0000,0.0000,5.0,3.0,3.0,3.0,,,
Dtxc7mlKRg,4.5,Reject,4.60,Reject,Reject,YES,0.0000,0.0000,3.0,5.0,6.0,6.0,3.0,,
VLuJL8cnGk,5.0,Reject,5.00,Reject,Reject,YES,0.0000,0.0000,5.0,8.0,3.0,6.0,3.0,,
BYWVwmbqwK,6.0,Accept,5.00,Reject,Reject,NO,0.0000,0.0000,5.0,5.0,5.0,5.0,,,
PdA9HAxO4w,5.0,Reject,5.00,Reject,Reject,YES,0.0000,0.0000,3.0,6.0,5.0,6.0,,,
dp1BH2bK4Y,5.5,Reject,3.00,Reject,Reject,YES,0.0000,0.0000,3.0,3.0,3.0,,,,
yP0iKsinmk,5.5,Reject,5.50,Reject,Reject,YES,0.0000,0.0000,6.0,5.0,6.0,5.0,,,
FDve8qGH3M,5.5,Accept,5.00,Reject,Reject,NO,0.0000,0.0000,5.0,6.0,3.0,6.0,,,
5VK1UulEbE,6.5,Accept,4.20,Reject,Reject,NO,0.0000,0.0000,3.0,5.0,3.0,5.0,5.0,,
1xG3MN1RRW,6.5,Accept,5.20,Reject,Reject,NO,0.0000,0.0000,6.0,6.0,6.0,5.0,3.0,,
fsEzHMqbkf,6.0,Accept,5.75,Reject,Reject,NO,0.0000,0.0000,6.0,8.0,6.0,3.0,,,
Q3oAX9HoH2,5.0,Reject,4.00,Reject,Reject,YES,0.0000,0.0000,5.0,3.0,3.0,5.0,,,
vQxqcVGrhR,5.0,Reject,6.00,Accept,Accept,NO,0.0000,0.0000,6.0,6.0,6.0,6.0,,,
0UvlnHgaii,6.5,Accept,6.00,Accept,Accept,YES,0.0000,0.0000,6.0,6.0,6.0,,,,
GvsCOOPxoI,5.0,Reject,6.17,Reject,Reject,YES,0.0000,0.0000,5.0,5.0,8.0,8.0,5.0,6.0,
0mdUV1pLGP,5.5,Reject,3.50,Reject,Reject,YES,0.0000,0.0000,3.0,3.0,5.0,3.0,,,
fvo6q86NKG,3.5,Reject,4.00,Reject,Reject,YES,0.0000,0.0000,1.0,3.0,5.0,8.0,3.0,,
umggmAFhRD,5.5,Reject,4.25,Reject,Reject,YES,0.0000,0.0000,3.0,5.0,6.0,3.0,,,
7essnmWOK5,6.0,Accept,3.50,Reject,Reject,NO,0.0000,0.0000,3.0,3.0,5.0,3.0,,,
